OBJECTID_1,Tract 2020,Tract Label,FIPS,Location,Area in Square Miles,"Population estimate, 2016-2020 ACS","Population estimate MOE, 2016-2020 ACS","Housing units estimate, 2016-2020 ACS","Housing units estimate MOE, 2016-2020 ACS","Households estimate, 2016-2020 ACS","Households estimate MOE, 2016-2020 ACS",Sum of series for Socioeconomic Status theme,Percentile ranking for Socioeconomic Status theme summary,Sum of series for Household Characteristics theme,Percentile ranking for Household Characteristics theme summary,Sum of series for Racial and Ethnic Minority Status theme,Percentile ranking for Racial and Ethnic Minority Status theme,Sum of series for Housing Type/ Transportation theme,Percentile ranking for Housing Type/ Transportation theme,Sum of Series Themes,Overall Percentile Ranking,ObjectID,Level of Vulnerability,Shape__Area,Shape__Length
1,101110,1011.10,6037101110,"Census Tract 1011.10, Los Angeles County, California",0.4410833109,3923,460,1629,93,1505,112,2.925,0.6242,2.698,0.6012,0.2412,0.2412,3.2165,0.8611,9.0807,0.6867,1379,Medium to High,12295621.3515625,15083.8542873721
2,101122,1011.22,6037101122,"Census Tract 1011.22, Los Angeles County, California",1.0208710626,4119,858,1406,144,1341,151,2.2474,0.4275,2.4367,0.452,0.0786,0.0786,0.8038,0.0632,5.5665,0.2088,1380,Low,28457743.5732422,31671.4558435368
3,101220,1012.20,6037101220,"Census Tract 1012.20, Los Angeles County, California",0.26984128237,3775,474,1462,208,1430,208,3.8165,0.873,3.2269,0.8634,0.4242,0.4242,2.0551,0.4126,9.5227,0.7391,1381,Medium to High,7522092.63378906,12698.7838102185
4,101221,1012.21,6037101221,"Census Tract 1012.21, Los Angeles County, California",0.13674883416,3787,651,1567,322,1513,325,3.8473,0.8797,3.1821,0.8435,0.3186,0.3186,3.389,0.9057,10.737,0.8899,1382,High,3811999.66992188,9161.71054325658
5,101222,1012.22,6037101222,"Census Tract 1012.22, Los Angeles County, California",0.11448387622,2717,442,986,173,969,174,4.1908,0.952,3.5283,0.9509,0.313,0.313,3.1979,0.8568,11.23,0.9349,1383,High,3191370.85742188,9980.60046109369
6,101300,1013.00,6037101300,"Census Tract 1013, Los Angeles County, California",0.99632771676,3741,478,1560,161,1419,174,1.9495,0.339,2.7425,0.6281,0.0523,0.0523,1.8161,0.3191,6.5604,0.342,1384,Low to Medium,27773766.0791016,29384.8606015731
7,101400,1014.00,6037101400,"Census Tract 1014, Los Angeles County, California",2.4363252417,3246,534,1548,169,1336,192,2.36,0.4604,3.2634,0.8759,0.1501,0.1501,2.8099,0.7317,8.5834,0.6203,1385,Medium to High,67915323.0517578,42668.9289857626
8,102103,1021.03,6037102103,"Census Tract 1021.03, Los Angeles County, California",0.45810384537,1920,495,777,118,711,106,2.1477,0.3949,2.5052,0.4922,0.0955,0.0955,1.5447,0.2231,6.2931,0.3053,1386,Low to Medium,12770232.6572266,16349.9350019716
9,102104,1021.04,6037102104,"Census Tract 1021.04, Los Angeles County, California",0.6403702443,4187,612,1406,151,1340,169,2.4292,0.4794,2.6366,0.5648,0.1574,0.1574,2.7118,0.6929,7.935,0.5319,1387,Medium to High,17851202.5263672,27555.4663595119
10,102105,1021.05,6037102105,"Census Tract 1021.05, Los Angeles County, California",0.19025600762,1797,336,572,79,543,85,2.3771,0.4653,1.3281,0.0515,0.643,0.643,1.149,0.1233,5.4972,0.2012,1388,Low,5303654.19628906,9962.25112647049
11,102107,1021.07,6037102107,"Census Tract 1021.07, Los Angeles County, California",4.9840200609,4082,634,1240,120,1232,121,2.905,0.618,2.7792,0.6512,0.2333,0.2333,1.6849,0.2703,7.6024,0.4846,1389,Low to Medium,139083341.111328,63679.4342694718
12,103101,1031.01,6037103101,"Census Tract 1031.01, Los Angeles County, California",0.78371215621,2484,351,986,108,930,112,2.2775,0.4376,2.2249,0.3382,0.1737,0.1737,0.894,0.075,5.5701,0.2096,1390,Low,21846686.8544922,25422.1276369579
13,103102,1031.02,6037103102,"Census Tract 1031.02, Los Angeles County, California",0.47916377896,4716,542,1737,165,1664,170,3.4188,0.7599,2.7409,0.6264,0.2567,0.2567,2.4816,0.5906,8.898,0.6645,1391,Medium to High,13357089.84375,16530.3942608672
14,103201,1032.01,6037103201,"Census Tract 1032.01, Los Angeles County, California",0.75474794248,3961,430,1642,234,1557,223,2.6584,0.5453,2.7045,0.6054,0.2374,0.2374,4.0354,0.9894,9.6357,0.7566,1392,High,21039344.7832031,18231.1693756085
15,103202,1032.02,6037103202,"Census Tract 1032.02, Los Angeles County, California",1.8295084195,2569,932,728,162,697,167,0.842,0.0659,2.4486,0.4591,0.4807,0.4807,2.0222,0.3993,5.7935,0.2402,1393,Low,50999127.7236328,45719.3685524455
16,103300,1033.00,6037103300,"Census Tract 1033, Los Angeles County, California",2.3714211094,3726,463,1373,158,1259,131,1.3448,0.1738,1.7373,0.1264,0.0889,0.0889,1.5785,0.2322,4.7495,0.118,1394,Low,66105765.8164063,37338.6863165564
17,103401,1034.01,6037103401,"Census Tract 1034.01, Los Angeles County, California",0.54117523508,2596,425,1102,165,1017,150,2.0575,0.3706,1.9815,0.217,0.1581,0.1581,2.5702,0.6295,6.7673,0.3726,1395,Low to Medium,15085817.3144531,20468.5995148525
18,103402,1034.02,6037103402,"Census Tract 1034.02, Los Angeles County, California",0.42437049973,3795,559,1524,195,1379,186,1.7939,0.2945,1.6434,0.1043,0.2946,0.2946,2.3988,0.5563,6.1307,0.2875,1396,Low to Medium,11829767.9794922,14650.1976286894
19,104103,1041.03,6037104103,"Census Tract 1041.03, Los Angeles County, California",0.36645288312,3969,1026,892,110,859,116,2.4937,0.4977,2.7358,0.6228,0.8154,0.8154,2.4936,0.5951,8.5385,0.6142,1397,Medium to High,10215165.9941406,13241.1920640884
20,104105,1041.05,6037104105,"Census Tract 1041.05, Los Angeles County, California",0.22574688956,5711,861,1585,169,1525,169,4.2065,0.9537,3.7068,0.9764,0.9185,0.9185,3.2853,0.8808,12.1171,0.9831,1398,High,6292902.12695313,11640.190230956
21,104108,1041.08,6037104108,"Census Tract 1041.08, Los Angeles County, California",0.42341335287,5551,515,1340,84,1340,84,3.7025,0.8408,3.3186,0.896,0.9007,0.9007,3.5346,0.9392,11.4564,0.9498,1399,High,11803024.8876953,18965.7732703987
22,104124,1041.24,6037104124,"Census Tract 1041.24, Los Angeles County, California",1.7294995073,3843,502,1406,192,1282,209,3.3639,0.7443,2.8484,0.6911,0.582,0.582,2.4858,0.5922,9.2801,0.711,1400,Medium to High,48221678.2041016,39589.7121911513
23,104201,1042.01,6037104201,"Census Tract 1042.01, Los Angeles County, California",0.42088863189,4718,691,922,103,922,103,2.9973,0.6436,2.7858,0.6547,0.971,0.971,2.4188,0.5644,9.1729,0.6984,1401,Medium to High,11732587.4433594,14811.3536161349
24,104203,1042.03,6037104203,"Census Tract 1042.03, Los Angeles County, California",0.27335596888,5420,850,1155,162,1155,162,3.9736,0.9098,2.8387,0.6856,0.9643,0.9643,2.4074,0.561,10.184,0.8263,1402,High,7620036.26855469,11052.5284982817
25,104204,1042.04,6037104204,"Census Tract 1042.04, Los Angeles County, California",1.0272606646,3684,537,773,90,754,95,3.2031,0.699,2.9782,0.7554,0.8402,0.8402,3.7687,0.9722,10.7902,0.8947,1403,High,28675847.3105469,30208.0051784021
26,104310,1043.10,6037104310,"Census Tract 1043.10, Los Angeles County, California",0.58248158534,4961,791,956,118,932,119,3.1876,0.6956,2.9682,0.7493,0.9511,0.9511,1.8345,0.3258,8.9414,0.6694,1404,Medium to High,16237239.8916016,19099.5181658095
27,104321,1043.21,6037104321,"Census Tract 1043.21, Los Angeles County, California",0.20071782741,3128,765,1039,411,983,414,3.3242,0.7318,2.8416,0.6879,0.9643,0.9643,2.1172,0.4395,9.2473,0.7066,1405,Medium to High,5595200.69238281,10641.6984469645
28,104322,1043.22,6037104322,"Census Tract 1043.22, Los Angeles County, California",0.26730304782,2005,321,469,37,469,37,2.5607,0.5172,2.8031,0.6662,0.9337,0.9337,3.6931,0.9637,9.9906,0.8001,1406,High,7451302.53808594,14607.5628461042
29,104401,1044.01,6037104401,"Census Tract 1044.01, Los Angeles County, California",0.26298063593,3134,518,666,75,632,70,3.139,0.682,2.8064,0.6683,0.9591,0.9591,2.0062,0.3931,8.9107,0.6663,1407,Medium to High,7330831.84960938,12432.0534515166
30,104403,1044.03,6037104403,"Census Tract 1044.03, Los Angeles County, California",0.26760073247,2723,366,668,83,576,70,3.3516,0.7401,2.6015,0.5427,0.9948,0.9948,1.9141,0.3573,8.862,0.6602,1408,Medium to High,7459610.76269531,16071.53340497
31,104404,1044.04,6037104404,"Census Tract 1044.04, Los Angeles County, California",0.20834836124,3592,617,776,107,761,109,3.8718,0.8867,3.2617,0.8748,0.9557,0.9557,2.4073,0.5609,10.4965,0.8614,1409,High,5807918.47363281,10935.7094647293
32,104500,1045.00,6037104500,"Census Tract 1045, Los Angeles County, California",0.2050209342,2866,772,643,93,611,99,2.922,0.6232,3.0049,0.7677,0.9796,0.9796,1.8924,0.3504,8.7989,0.6508,1410,Medium to High,5715190.49121094,11300.6651931215
33,104610,1046.10,6037104610,"Census Tract 1046.10, Los Angeles County, California",0.22862566608,3473,595,747,78,698,84,2.9725,0.6382,3.472,0.9376,0.9557,0.9557,1.9894,0.3867,9.3896,0.7222,1411,Medium to High,6373155.81347656,11599.538067918
34,104620,1046.20,6037104620,"Census Tract 1046.20, Los Angeles County, California",0.20508618544,3559,472,699,94,694,94,3.4556,0.7707,2.9294,0.7297,0.9528,0.9528,2.4855,0.5919,9.8233,0.7812,1412,High,5716992.3046875,11300.4366127562
35,104701,1047.01,6037104701,"Census Tract 1047.01, Los Angeles County, California",0.21255069541,3957,355,932,96,886,95,4.0586,0.9285,3.6036,0.9621,0.9666,0.9666,3.5127,0.9348,12.1415,0.9839,1413,High,5925044.87109375,11097.8773439929
36,104703,1047.03,6037104703,"Census Tract 1047.03, Los Angeles County, California",0.45105941438,2410,595,660,84,583,97,2.8981,0.6158,3.3314,0.8993,0.878,0.878,3.3565,0.8973,10.464,0.8576,1414,High,12573746.2216797,15301.0496640361
37,104704,1047.04,6037104704,"Census Tract 1047.04, Los Angeles County, California",0.64213666095,4525,727,1257,131,1209,132,3.5162,0.7869,3.2657,0.8769,0.8884,0.8884,2.8736,0.7561,10.5439,0.8661,1415,High,17900181.9082031,16925.9887228193
38,104821,1048.21,6037104821,"Census Tract 1048.21, Los Angeles County, California",0.2053298158,3268,335,767,65,739,71,3.2955,0.7245,3.6064,0.9629,0.9286,0.9286,2.6087,0.6463,10.4392,0.8556,1416,High,5723796.18261719,11302.2410366629
39,104822,1048.22,6037104822,"Census Tract 1048.22, Los Angeles County, California",0.2333415159,2566,333,660,90,650,90,3.6961,0.8393,3.4934,0.9431,0.9381,0.9381,2.762,0.7135,10.8896,0.9039,1417,High,6504668.796875,13769.4332839139
40,104823,1048.23,6037104823,"Census Tract 1048.23, Los Angeles County, California",0.20514873397,3526,755,717,99,699,105,3.366,0.745,2.949,0.7395,0.9493,0.9493,1.6659,0.2637,8.9302,0.6685,1418,Medium to High,5718767.1484375,11300.8036397247
41,104824,1048.24,6037104824,"Census Tract 1048.24, Los Angeles County, California",0.22858319486,2639,1177,508,118,508,118,2.564,0.5188,2.5054,0.4923,0.9666,0.9666,0.9838,0.0903,7.0198,0.4082,1419,Low to Medium,6371995.35449219,11599.9838382513
42,106010,1060.10,6037106010,"Census Tract 1060.10, Los Angeles County, California",0.97213031831,3444,668,958,96,932,99,1.3664,0.1798,2.421,0.4435,0.662,0.662,2.0905,0.4264,6.5399,0.3389,1420,Low to Medium,27098616.7695313,23979.4937388063
43,106020,1060.20,6037106020,"Census Tract 1060.20, Los Angeles County, California",0.77636000193,5154,899,1347,121,1302,96,3.6682,0.8312,2.5534,0.5191,0.722,0.722,1.1727,0.129,8.1163,0.5584,1421,Medium to High,21718323.7714844,23226.0291990226
44,106111,1061.11,6037106111,"Census Tract 1061.11, Los Angeles County, California",1.0711399986,4428,687,1435,160,1349,186,2.4685,0.4918,2.295,0.3728,0.6084,0.6084,2.4769,0.5889,7.8488,0.5194,1422,Medium to High,29992030.2294922,28008.8000157713
45,106112,1061.12,6037106112,"Census Tract 1061.12, Los Angeles County, California",1.2465218128,5214,604,1386,126,1345,133,1.8502,0.3103,3.1116,0.8137,0.712,0.712,2.4605,0.5813,8.1343,0.5607,1423,Medium to High,34747532.1855469,49778.5089868247
46,106113,1061.13,6037106113,"Census Tract 1061.13, Los Angeles County, California",0.55732395123,3712,555,1039,114,973,124,2.6061,0.5307,2.6193,0.5531,0.7405,0.7405,2.0743,0.4196,8.0402,0.5469,1424,Medium to High,15535764.4160156,19829.4070253054
47,106114,1061.14,6037106114,"Census Tract 1061.14, Los Angeles County, California",0.39039545424,6575,1136,1729,203,1641,209,3.5631,0.8,3.2195,0.8605,0.9007,0.9007,1.9771,0.382,9.6604,0.7595,1425,High,10918013.3037109,17233.4551913552
48,106403,1064.03,6037106403,"Census Tract 1064.03, Los Angeles County, California",0.42689135969,3486,590,881,81,821,104,2.6972,0.5577,2.9935,0.7623,0.8521,0.8521,1.6771,0.268,8.2199,0.5733,1426,Medium to High,11899848.7216797,14300.5664002265
49,106405,1064.05,6037106405,"Census Tract 1064.05, Los Angeles County, California",0.45240884087,4404,806,1232,159,1186,167,3.4581,0.7716,2.9673,0.7488,0.7443,0.7443,2.4699,0.5853,9.6396,0.7572,1427,High,12611159.796875,14491.7519698648
50,106406,1064.06,6037106406,"Census Tract 1064.06, Los Angeles County, California",0.77715459984,6288,1175,1923,303,1811,319,2.3858,0.4673,2.5103,0.4958,0.6653,0.6653,2.9049,0.7667,8.4663,0.604,1428,Medium to High,21673389.5224609,21131.5079995125
51,106407,1064.07,6037106407,"Census Tract 1064.07, Los Angeles County, California",0.089628173872,2618,257,935,86,839,76,4.1455,0.9444,3.6303,0.966,0.8026,0.8026,3.6449,0.9575,12.2233,0.9858,1429,High,2498435.38378906,6355.67193349336
52,106408,1064.08,6037106408,"Census Tract 1064.08, Los Angeles County, California",0.08844438514,3822,637,1087,103,988,115,2.9702,0.6376,3.276,0.8817,0.9165,0.9165,3.0012,0.799,10.1639,0.8233,1430,High,2465456.70605469,6295.67878405799
53,106510,1065.10,6037106510,"Census Tract 1065.10, Los Angeles County, California",2.2324463972,6133,815,1763,217,1717,224,3.0354,0.6554,2.8585,0.6967,0.758,0.758,3.2263,0.8639,9.8782,0.7875,1431,High,62320912.9794922,37019.9177637605
54,106520,1065.20,6037106520,"Census Tract 1065.20, Los Angeles County, California",0.85169545196,5710,687,1511,159,1435,169,3.1129,0.6749,3.3476,0.9048,0.8729,0.8729,2.8956,0.7634,10.229,0.8313,1432,High,23741526.4511719,19779.3007119819
55,106603,1066.03,6037106603,"Census Tract 1066.03, Los Angeles County, California",3.9840629854,3658,687,1208,217,1191,220,1.2902,0.1624,2.2475,0.3512,0.3713,0.3713,1.1289,0.1211,5.0379,0.1475,1433,Low,111084787.810547,48440.4636627044
56,106604,1066.04,6037106604,"Census Tract 1066.04, Los Angeles County, California",1.0083296974,4572,668,1241,109,1225,116,3.1241,0.678,3.7412,0.9792,0.9073,0.9073,2.7918,0.7236,10.5644,0.8688,1434,High,28203053.5917969,26326.1705501162
57,106641,1066.41,6037106641,"Census Tract 1066.41, Los Angeles County, California",0.43841611829,2271,260,790,84,768,75,2.2233,0.4191,3.128,0.8214,0.1203,0.1203,1.0871,0.1125,6.5587,0.3419,1435,Low to Medium,12221119.8564453,19091.7847071132
58,106642,1066.42,6037106642,"Census Tract 1066.42, Los Angeles County, California",0.60911219859,3294,715,1252,183,1144,174,1.3915,0.186,2.1482,0.2966,0.247,0.247,2.1003,0.4315,5.887,0.2541,1436,Low to Medium,16979505.9570313,20368.8791516344
59,106643,1066.43,6037106643,"Census Tract 1066.43, Los Angeles County, California",1.675273798,4511,941,1464,240,1378,232,1.1048,0.1183,2.5996,0.5417,0.3149,0.3149,0.7463,0.0554,4.7656,0.1199,1437,Low,46699507.1308594,32813.7806306536
60,106645,1066.45,6037106645,"Census Tract 1066.45, Los Angeles County, California",0.97603960106,4158,631,1346,210,1289,203,1.5429,0.2246,1.8029,0.1444,0.259,0.259,0.91,0.0779,4.5148,0.0965,1438,Low,27207863.296875,30208.2929391285
61,106646,1066.46,6037106646,"Census Tract 1066.46, Los Angeles County, California",0.56996879173,3028,360,1001,106,963,110,1.8429,0.3083,2.4928,0.4837,0.4831,0.4831,1.6455,0.2562,6.4643,0.3283,1439,Low to Medium,15888375.2744141,23434.5871433029
62,106648,1066.48,6037106648,"Census Tract 1066.48, Los Angeles County, California",0.30615263106,4264,426,1058,99,1011,96,2.8522,0.6024,3.7476,0.9802,0.9381,0.9381,3.2568,0.8736,10.7947,0.8951,1440,High,8534183.94824219,13655.9663913467
63,106649,1066.49,6037106649,"Census Tract 1066.49, Los Angeles County, California",0.42960604285,2916,746,697,68,665,72,2.3136,0.4483,3.1301,0.8225,0.8624,0.8624,2.0415,0.4075,8.3476,0.5891,1441,Medium to High,11975572.9433594,20764.1805146029
64,107010,1070.10,6037107010,"Census Tract 1070.10, Los Angeles County, California",0.26435284244,3243,526,800,106,779,109,3.1159,0.6756,2.9402,0.7345,0.9528,0.9528,1.8769,0.3442,8.8858,0.6628,1442,Medium to High,7369001.02441406,12974.1186458623
65,107020,1070.20,6037107020,"Census Tract 1070.20, Los Angeles County, California",0.38377148833,5759,1253,1280,157,1230,167,3.4162,0.7585,2.8616,0.6986,0.9213,0.9213,2.1148,0.4385,9.3139,0.7141,1443,Medium to High,10697864.2060547,14666.2688067622
66,108101,1081.01,6037108101,"Census Tract 1081.01, Los Angeles County, California",0.43576745857,2303,368,821,102,773,101,1.3507,0.176,2.0259,0.2375,0.2863,0.2863,0.656,0.0433,4.3189,0.0759,1444,Low,12147387.6474609,14665.5844305924
67,108102,1081.02,6037108102,"Census Tract 1081.02, Los Angeles County, California",0.84317611133,3327,508,1214,102,1148,125,1.9168,0.3308,3.2519,0.8714,0.4796,0.4796,1.3764,0.1745,7.0247,0.4093,1445,Low to Medium,23504175.0498047,18955.3382260785
68,108103,1081.03,6037108103,"Census Tract 1081.03, Los Angeles County, California",0.99032498896,3082,562,1071,97,1000,120,0.7882,0.0565,1.8377,0.1555,0.3101,0.3101,0.1021,0.0061,3.0381,0.0113,1446,Low,27606102.2900391,36634.5332898117
69,108104,1081.04,6037108104,"Census Tract 1081.04, Los Angeles County, California",0.31892797404,1818,425,599,64,575,71,0.9546,0.0865,2.2916,0.3706,0.2024,0.2024,0.945,0.0837,4.3936,0.0832,1447,Low,8890331.62207031,14765.7392079181
70,108202,1082.02,6037108202,"Census Tract 1082.02, Los Angeles County, California",2.3073880232,8148,1443,3260,391,2872,324,1.7988,0.2965,2.2998,0.3756,0.5801,0.5801,1.0515,0.1048,5.7302,0.2318,1448,Low,64352782.1357422,35898.2314152702
71,108203,1082.03,6037108203,"Census Tract 1082.03, Los Angeles County, California",0.52987866276,3273,287,1209,75,1130,106,1.0994,0.1172,2.6695,0.5847,0.5545,0.5545,0.229,0.0114,4.5524,0.101,1449,Low,14770769.8925781,16693.5650757153
72,108204,1082.04,6037108204,"Census Tract 1082.04, Los Angeles County, California",0.55317103811,1893,371,663,102,629,109,0.6216,0.0325,2.8016,0.6649,0.3954,0.3954,0.7839,0.0603,4.6025,0.1051,1450,Low,15420095.8818359,22338.8768598772
73,109100,1091.00,6037109100,"Census Tract 1091, Los Angeles County, California",1.0447553323,2647,295,933,148,864,139,2.615,0.5333,2.8676,0.7018,0.5654,0.5654,4.0965,0.9918,10.1445,0.821,1451,High,29123462.7080078,26332.2283779904
74,109200,1092.00,6037109200,"Census Tract 1092, Los Angeles County, California",0.39264334008,2746,440,1124,146,1004,169,1.1984,0.1404,2.1476,0.2961,0.6414,0.6414,2.1169,0.4392,6.1043,0.2839,1452,Low to Medium,10945273.3681641,16021.0511675797
75,109300,1093.00,6037109300,"Census Tract 1093, Los Angeles County, California",0.47609735687,2908,341,985,119,959,120,1.6649,0.2597,2.771,0.6456,0.5267,0.5267,1.6929,0.2733,6.6555,0.3561,1453,Low to Medium,13271683.3457031,17491.5495366044
76,109400,1094.00,6037109400,"Census Tract 1094, Los Angeles County, California",0.49839281686,4044,760,1158,192,1151,192,2.0914,0.3807,2.4963,0.4856,0.7828,0.7828,2.2947,0.513,7.6652,0.4931,1454,Low to Medium,13893160.9023438,17559.4018253716
77,109500,1095.00,6037109500,"Census Tract 1095, Los Angeles County, California",0.46120385833,4720,850,1051,120,1027,121,3.586,0.8075,3.3312,0.8991,0.9469,0.9469,2.2365,0.4879,10.1006,0.8161,1455,High,12856453.7617188,20586.1265910484
78,109601,1096.01,6037109601,"Census Tract 1096.01, Los Angeles County, California",0.85506612242,4877,688,1346,189,1346,189,2.7922,0.5849,1.9602,0.2072,0.6502,0.6502,1.1514,0.1239,6.554,0.3409,1456,Low to Medium,24194049.1074219,20083.1761257531
79,109603,1096.03,6037109603,"Census Tract 1096.03, Los Angeles County, California",0.38567497119,4233,1031,1299,197,1299,197,3.169,0.6893,3.5866,0.9599,0.7801,0.7801,2.1551,0.4554,9.6908,0.7641,1457,High,10751114.5585938,13424.2843403615
80,109604,1096.04,6037109604,"Census Tract 1096.04, Los Angeles County, California",0.45362158725,3013,320,920,86,891,91,2.4077,0.4733,2.5103,0.4958,0.737,0.737,1.6104,0.2449,7.2654,0.4395,1458,Low to Medium,12645174.2480469,14357.4695878526
81,109700,1097.00,6037109700,"Census Tract 1097, Los Angeles County, California",0.61269020582,4787,541,1505,176,1451,177,2.6424,0.5403,2.6329,0.5616,0.4741,0.4741,1.7289,0.2865,7.4783,0.4656,1459,Low to Medium,17079329.3535156,17939.9053525616
82,109800,1098.00,6037109800,"Census Tract 1098, Los Angeles County, California",0.54031345541,5221,669,1571,203,1519,206,2.7509,0.5719,2.8464,0.6904,0.5573,0.5573,2.4477,0.5766,8.6023,0.6221,1460,Medium to High,15061830.2587891,16580.2293758133
83,111100,1111.00,6037111100,"Census Tract 1111, Los Angeles County, California",0.40897661299,3156,390,989,92,950,98,2.0717,0.3756,1.8264,0.1519,0.5691,0.5691,1.8504,0.3336,6.3176,0.3091,1461,Low to Medium,11400603.0742188,13561.9651441316
84,111201,1112.01,6037111201,"Census Tract 1112.01, Los Angeles County, California",0.73853822221,3459,725,1115,129,1061,136,1.9278,0.3338,1.9718,0.2125,0.4412,0.4412,1.347,0.1667,5.6878,0.2253,1462,Low,20587432.4355469,25205.245882686
85,111202,1112.02,6037111202,"Census Tract 1112.02, Los Angeles County, California",0.72073351458,5593,1264,2018,293,1853,301,2.8134,0.5907,2.1644,0.3051,0.4431,0.4431,2.9683,0.7889,8.3892,0.5943,1463,Medium to High,20091109.9980469,20759.9587898624
86,111204,1112.04,6037111204,"Census Tract 1112.04, Los Angeles County, California",1.2720844679,5909,685,1945,157,1867,156,1.2595,0.1547,2.2326,0.3444,0.363,0.363,0.6489,0.0431,4.504,0.0948,1464,Low,35639243.4882813,25934.6482658324
87,111205,1112.05,6037111205,"Census Tract 1112.05, Los Angeles County, California",0.44066632074,3905,938,1351,271,1327,274,1.4895,0.2106,2.8417,0.688,0.4917,0.4917,1.4631,0.1994,6.286,0.3042,1465,Low to Medium,12474960.6601563,14717.2703286422
88,111206,1112.06,6037111206,"Census Tract 1112.06, Los Angeles County, California",1.0081868397,4363,479,1543,107,1423,125,1.3224,0.1698,2.3956,0.4284,0.3503,0.3503,1.6649,0.263,5.7332,0.2328,1466,Low,28228463.0771484,24118.1239720915
89,111302,1113.02,6037111302,"Census Tract 1113.02, Los Angeles County, California",0.5995387995,5253,778,1887,259,1853,264,2.7732,0.5796,2.6303,0.5602,0.4412,0.4412,3.7552,0.9699,9.5999,0.7505,1467,High,16712782.2734375,17844.482438088
90,111303,1113.03,6037111303,"Census Tract 1113.03, Los Angeles County, California",0.60382762051,4835,738,1498,230,1446,235,2.4402,0.4824,2.69,0.5962,0.3961,0.3961,2.4708,0.5857,7.9971,0.5409,1468,Medium to High,16832231.5898438,18129.8700640966
91,111304,1113.04,6037111304,"Census Tract 1113.04, Los Angeles County, California",0.16889723108,2752,533,1403,180,1258,191,2.9718,0.638,1.8872,0.1758,0.7156,0.7156,2.2418,0.4897,7.8164,0.5148,1469,Medium to High,4708175.12207031,8773.5163057848
92,111401,1114.01,6037111401,"Census Tract 1114.01, Los Angeles County, California",0.3246345616,2353,384,681,68,681,68,0.9533,0.0862,2.6845,0.593,0.3615,0.3615,1.6282,0.2515,5.6275,0.2176,1470,Low,9049528.94433594,12356.9405793198
93,111402,1114.02,6037111402,"Census Tract 1114.02, Los Angeles County, California",0.37499384546,6535,1207,2214,338,2214,338,4.1599,0.9471,3.4052,0.9211,0.4998,0.4998,3.4861,0.9287,11.551,0.9554,1471,High,10453334.4501953,13233.102888349
94,113101,1131.01,6037113101,"Census Tract 1131.01, Los Angeles County, California",0.87462257483,3590,532,1203,155,1150,146,2.0573,0.3705,2.4916,0.4823,0.2361,0.2361,1.4528,0.1957,6.2378,0.2989,1472,Low to Medium,24410142.1201172,21415.0656618697
95,113102,1131.02,6037113102,"Census Tract 1131.02, Los Angeles County, California",1.4107730785,2783,344,1007,94,957,102,1.0799,0.1136,2.1539,0.3001,0.1993,0.1993,0.9619,0.0861,4.395,0.0833,1473,Low,39509556.7783203,24896.242981349
96,113211,1132.11,6037113211,"Census Tract 1132.11, Los Angeles County, California",2.8111187002,4264,622,1725,194,1686,188,1.2896,0.1623,1.7015,0.1164,0.2567,0.2567,2.3217,0.5243,5.5695,0.2092,1474,Low,78395455.0996094,37917.3610190754
97,113212,1132.12,6037113212,"Census Tract 1132.12, Los Angeles County, California",0.3855421521,2998,281,979,76,957,68,1.855,0.3116,2.8859,0.7096,0.5298,0.5298,2.6692,0.6747,7.9399,0.5321,1475,Medium to High,10747373.6435547,14207.1399019637
98,113213,1132.13,6037113213,"Census Tract 1132.13, Los Angeles County, California",0.50225460907,5652,688,1760,156,1714,157,1.1339,0.1251,2.3443,0.3988,0.5419,0.5419,3.0761,0.8213,7.0962,0.4183,1476,Low to Medium,14001134.3876953,16855.5137288374
99,113231,1132.31,6037113231,"Census Tract 1132.31, Los Angeles County, California",1.591921326,2275,264,908,128,868,129,1.7055,0.2696,1.9418,0.1981,0.2149,0.2149,1.4454,0.1947,5.3076,0.177,1477,Low,44571715.7441406,42865.9366866667
100,113232,1132.32,6037113232,"Census Tract 1132.32, Los Angeles County, California",0.79761453093,4394,517,1519,132,1492,133,1.5262,0.2203,2.1088,0.2749,0.2768,0.2768,1.8439,0.3308,5.7557,0.2361,1478,Low,22234493.9189453,23602.8906028188
101,113234,1132.34,6037113234,"Census Tract 1132.34, Los Angeles County, California",0.39111978159,5400,1332,1726,249,1609,256,3.703,0.8409,3.0531,0.7886,0.6365,0.6365,4.3071,0.998,11.6997,0.9654,1479,High,11009759.1083984,16791.6077313267
102,113235,1132.35,6037113235,"Census Tract 1132.35, Los Angeles County, California",0.55086987019,1699,355,702,65,620,78,1.7015,0.2688,1.9531,0.2037,0.3359,0.3359,1.9419,0.3693,5.9324,0.2611,1480,Low to Medium,15356123.0576172,28934.9317607822
103,113237,1132.37,6037113237,"Census Tract 1132.37, Los Angeles County, California",1.8286647866,5004,1343,1670,299,1593,305,1.899,0.3262,2.3468,0.4002,0.4616,0.4616,2.4988,0.5971,7.2062,0.4327,1481,Low to Medium,51094986.5869141,36475.0013678298
104,113238,1132.38,6037113238,"Census Tract 1132.38, Los Angeles County, California",0.27401118397,4313,586,1555,208,1409,213,3.0905,0.6692,1.6656,0.1085,0.7564,0.7564,2.2866,0.5087,7.7991,0.5117,1482,Medium to High,7638426.46289063,10875.5283491484
105,113239,1132.39,6037113239,"Census Tract 1132.39, Los Angeles County, California",0.1676655657,2183,308,908,58,878,71,3.5421,0.7939,2.6905,0.5965,0.7015,0.7015,3.2821,0.8798,10.2162,0.8296,1483,High,4673877.33984375,9752.947394083
106,113301,1133.01,6037113301,"Census Tract 1133.01, Los Angeles County, California",0.87040016335,3972,699,1571,231,1366,214,1.9355,0.3358,3.0875,0.8024,0.2768,0.2768,3.4544,0.9207,8.7542,0.644,1484,Medium to High,24263386.4384766,22624.9623748123
107,113303,1133.03,6037113303,"Census Tract 1133.03, Los Angeles County, California",1.5785977182,3779,337,1276,67,1265,69,2.0358,0.3636,2.5994,0.5414,0.3511,0.3511,3.0327,0.8095,8.019,0.544,1485,Medium to High,44083459.1650391,31068.5549459623
108,113322,1133.22,6037113322,"Census Tract 1133.22, Los Angeles County, California",0.68989284513,4680,769,1571,226,1561,228,1.672,0.2619,2.9834,0.7572,0.4242,0.4242,2.5077,0.602,7.5873,0.483,1486,Low to Medium,19231486.84375,20151.4538286716
109,113323,1133.23,6037113323,"Census Tract 1133.23, Los Angeles County, California",0.27950116831,4029,634,1563,136,1511,106,3.0628,0.662,1.8637,0.1649,0.4783,0.4783,2.3684,0.5436,7.7732,0.509,1487,Medium to High,7791572.47265625,11024.008775349
110,113324,1133.24,6037113324,"Census Tract 1133.24, Los Angeles County, California",0.12527504102,2844,1681,1053,391,1001,381,1.8401,0.3071,2.4474,0.4583,0.758,0.758,2.1766,0.4636,7.2221,0.4344,1488,Low to Medium,3492170.48925781,7928.50992994499
111,113423,1134.23,6037113423,"Census Tract 1134.23, Los Angeles County, California",0.27439265275,3017,702,869,133,869,133,1.9539,0.34,2.0876,0.2646,0.613,0.613,1.4558,0.1972,6.1103,0.2846,1489,Low to Medium,7649036.11621094,11075.1139640558
112,113424,1134.24,6037113424,"Census Tract 1134.24, Los Angeles County, California",0.67225416136,3493,638,1257,209,1065,154,2.4267,0.4785,3.2052,0.855,0.5772,0.5772,3.0446,0.8128,9.2537,0.7075,1490,Medium to High,18739915.4550781,20657.8941264059
113,113425,1134.25,6037113425,"Census Tract 1134.25, Los Angeles County, California",0.12931057913,4407,689,1374,180,1365,181,3.7703,0.859,2.7832,0.6532,0.6892,0.6892,2.4211,0.565,9.6638,0.7604,1491,High,3651865.33496094,7977.65394428672
114,113426,1134.26,6037113426,"Census Tract 1134.26, Los Angeles County, California",0.71888099719,2414,343,755,98,748,99,2.9549,0.6329,3.0716,0.7969,0.5213,0.5213,2.314,0.5208,8.8618,0.6601,1492,Medium to High,20084002.2617188,21380.9111741258
115,113427,1134.27,6037113427,"Census Tract 1134.27, Los Angeles County, California",0.0973170091,1770,304,981,48,886,82,2.7661,0.5771,2.7396,0.6258,0.5888,0.5888,2.7049,0.6897,8.7994,0.6509,1493,Medium to High,2790247.36816406,9033.41081887984
116,113428,1134.28,6037113428,"Census Tract 1134.28, Los Angeles County, California",0.49053950218,4237,1546,1107,213,1107,213,2.3441,0.4554,1.7258,0.1231,0.3119,0.3119,2.5504,0.6211,6.9322,0.3975,1494,Low to Medium,13674399.8486328,15162.191322909
117,115101,1151.01,6037115101,"Census Tract 1151.01, Los Angeles County, California",1.498995455,4932,493,2003,291,1904,301,2.0298,0.3625,2.507,0.4936,0.3226,0.3226,1.4805,0.2044,6.3399,0.3123,1495,Low to Medium,41786208.7509766,26402.1772292515
118,115103,1151.03,6037115103,"Census Tract 1151.03, Los Angeles County, California",0.58635611891,3181,391,11,9,11,9,2.4741,0.493,0.2676,0.0028,0.5719,0.5719,1.9593,0.376,5.2729,0.1733,1496,Low,16345329.9091797,22256.5317322198
119,115104,1151.04,6037115104,"Census Tract 1151.04, Los Angeles County, California",0.39389431056,4619,602,2300,261,2181,270,3.1932,0.6972,1.5096,0.078,0.5468,0.5468,3.2015,0.858,8.4511,0.6022,1497,Medium to High,10980251.0683594,20303.802988532
120,115202,1152.02,6037115202,"Census Tract 1152.02, Los Angeles County, California",0.67085801653,6393,1116,2153,315,2098,314,3.3418,0.7369,1.648,0.1047,0.6177,0.6177,2.7886,0.7222,8.3961,0.5953,1498,Medium to High,18742318.7949219,18760.6301553651
121,115203,1152.03,6037115203,"Census Tract 1152.03, Los Angeles County, California",0.23350020383,2652,461,1170,193,1057,157,2.2772,0.4373,2.1219,0.2841,0.363,0.363,2.6392,0.662,7.4013,0.4567,1499,Low to Medium,6509085.22460938,13182.1395253106
122,115204,1152.04,6037115204,"Census Tract 1152.04, Los Angeles County, California",0.29421126841,4054,697,1787,284,1592,327,2.7186,0.5634,2.1935,0.3221,0.3672,0.3672,2.8947,0.7631,8.174,0.5659,1500,Medium to High,8295903.28125,12905.2672224436
123,115301,1153.01,6037115301,"Census Tract 1153.01, Los Angeles County, California",0.62617443207,4648,731,1798,172,1656,172,1.8289,0.3045,2.7694,0.6447,0.429,0.429,3.6925,0.9636,8.7198,0.6394,1501,Medium to High,17664625.8554688,21878.4707218553
124,115302,1153.02,6037115302,"Census Tract 1153.02, Los Angeles County, California",0.32161640227,3835,462,1114,123,1096,124,3.8125,0.872,3.0157,0.7726,0.7888,0.7888,2.8499,0.7465,10.4669,0.8579,1502,High,9017482.49414063,12561.9484744478
125,115401,1154.01,6037115401,"Census Tract 1154.01, Los Angeles County, California",0.73558878903,6185,731,2060,175,1902,180,3.5508,0.7964,2.9885,0.76,0.5497,0.5497,2.5387,0.615,9.6277,0.7555,1503,High,20505497.2695313,20433.094250902
126,115403,1154.03,6037115403,"Census Tract 1154.03, Los Angeles County, California",0.27171619368,3597,890,1079,149,1043,149,3.0107,0.6474,2.3567,0.4061,0.7828,0.7828,2.7078,0.6909,8.858,0.6594,1504,Medium to High,7574458.01855469,11112.5969812925
127,115404,1154.04,6037115404,"Census Tract 1154.04, Los Angeles County, California",0.36548840032,2897,418,910,109,862,111,3.1535,0.6854,2.0151,0.2318,0.671,0.671,2.7557,0.7106,8.5953,0.6217,1505,Medium to High,10260635.4345703,13012.0762599549
128,117101,1171.01,6037117101,"Census Tract 1171.01, Los Angeles County, California",0.29799854293,5094,818,1506,173,1447,170,2.8104,0.5897,2.6431,0.5695,0.7169,0.7169,2.2216,0.4816,8.392,0.5946,1506,Medium to High,8389682.49023438,11700.7286074944
129,117102,1171.02,6037117102,"Census Tract 1171.02, Los Angeles County, California",0.39871865505,2745,399,842,79,816,80,3.0326,0.6547,2.8264,0.6787,0.6634,0.6634,2.0768,0.4206,8.5992,0.6219,1507,Medium to High,11180019.3193359,13727.9866466087
130,117201,1172.01,6037117201,"Census Tract 1172.01, Los Angeles County, California",0.3056580344,5126,612,1280,125,1191,138,4.063,0.9295,3.0731,0.7977,0.8154,0.8154,3.4594,0.9218,11.4109,0.9473,1508,High,8520574.34082031,13684.2556368534
131,117202,1172.02,6037117202,"Census Tract 1172.02, Los Angeles County, California",0.70033999305,2857,503,953,147,938,147,3.0376,0.6559,2.6478,0.5725,0.5586,0.5586,2.7954,0.725,9.0394,0.6824,1509,Medium to High,19522776.1621094,18091.2822220003
132,117301,1173.01,6037117301,"Census Tract 1173.01, Los Angeles County, California",0.51425157041,3679,303,1169,95,1102,92,2.2726,0.4357,2.0424,0.2454,0.4383,0.4383,1.0392,0.1018,5.7925,0.2401,1510,Low,14335348.9482422,16182.3755057874
133,117302,1173.02,6037117302,"Census Tract 1173.02, Los Angeles County, California",0.79221141954,4932,600,1716,135,1601,144,2.0359,0.3638,2.503,0.4901,0.4573,0.4573,2.4335,0.5703,7.4297,0.4604,1511,Low to Medium,22083821.5917969,26192.5870153033
134,117303,1173.03,6037117303,"Census Tract 1173.03, Los Angeles County, California",0.69521294459,4369,1252,1194,238,1172,240,1.7571,0.2841,2.4976,0.4865,0.5994,0.5994,1.5345,0.219,6.3886,0.3195,1512,Low to Medium,19379948.1787109,18107.4786199202
135,117404,1174.04,6037117404,"Census Tract 1174.04, Los Angeles County, California",0.6817217685,5646,1193,1399,175,1392,175,1.8561,0.312,2.3485,0.4009,0.54,0.54,2.0878,0.4259,6.8324,0.3826,1513,Low to Medium,19003850.0859375,17700.6526594739
136,117405,1174.05,6037117405,"Census Tract 1174.05, Los Angeles County, California",0.077928511068,3421,473,920,92,873,92,3.7776,0.8611,3.2353,0.866,0.9269,0.9269,3.0654,0.8191,11.0052,0.9142,1514,High,2172354.12402344,5943.24060922375
137,117407,1174.07,6037117407,"Census Tract 1174.07, Los Angeles County, California",0.076574837456,3715,486,1023,94,992,98,4.5142,0.9906,3.2226,0.8616,0.9844,0.9844,2.8395,0.7418,11.5607,0.9567,1515,High,2134618.85742188,5893.74273842568
138,117408,1174.08,6037117408,"Census Tract 1174.08, Los Angeles County, California",0.14537203622,2803,357,758,53,735,55,3.8056,0.8703,3.1421,0.8279,0.905,0.905,2.7263,0.6991,10.579,0.8711,1516,High,4052431.76269531,8246.91611446247
139,117510,1175.10,6037117510,"Census Tract 1175.10, Los Angeles County, California",0.12764300459,3661,639,1092,152,993,165,3.6413,0.824,2.9357,0.7323,0.8095,0.8095,2.6821,0.6792,10.0686,0.8127,1517,High,3606833.3203125,8181.30606053811
140,117520,1175.20,6037117520,"Census Tract 1175.20, Los Angeles County, California",0.12420399407,4226,622,1116,113,1082,111,4.3407,0.9726,3.1396,0.8268,0.886,0.886,4.1924,0.995,12.5587,0.994,1518,High,3505710.38769531,7772.56395430891
141,117530,1175.30,6037117530,"Census Tract 1175.30, Los Angeles County, California",0.21025068579,6231,776,1715,173,1683,171,4.3764,0.9769,3.1764,0.8411,0.9142,0.9142,2.8299,0.7383,11.2969,0.9393,1519,High,5993764.5625,9950.7604449906
142,119001,1190.01,6037119001,"Census Tract 1190.01, Los Angeles County, California",0.39254565628,4583,597,1039,110,1028,111,2.9975,0.6439,2.7884,0.6562,0.8131,0.8131,1.9198,0.3596,8.5188,0.6109,1520,Medium to High,11551196.3740234,13964.9842007957
143,119003,1190.03,6037119003,"Census Tract 1190.03, Los Angeles County, California",0.32514035522,4425,800,895,127,875,135,2.9587,0.6345,2.7363,0.6231,0.9469,0.9469,3.1253,0.8364,9.7672,0.7726,1521,High,9166982.64550781,12879.8929801618
144,119004,1190.04,6037119004,"Census Tract 1190.04, Los Angeles County, California",0.32537356083,3353,1118,818,154,774,145,2.5663,0.5198,2.9357,0.7323,0.9318,0.9318,2.2431,0.49,8.6769,0.634,1522,Medium to High,9143478.71484375,12940.1039618466
145,119201,1192.01,6037119201,"Census Tract 1192.01, Los Angeles County, California",0.36578067954,4426,905,875,121,861,124,3.5742,0.8032,2.2876,0.3686,0.8848,0.8848,2.7348,0.7023,9.4814,0.7339,1523,Medium to High,10248164.6474609,12948.1075654388
146,119202,1192.02,6037119202,"Census Tract 1192.02, Los Angeles County, California",0.37032471397,4756,697,1108,165,1108,165,2.9978,0.644,2.7197,0.6139,0.9229,0.9229,2.7408,0.7044,9.3812,0.7212,1524,Medium to High,10437023.7607422,16864.124326676
147,119310,1193.10,6037119310,"Census Tract 1193.10, Los Angeles County, California",0.1641327324,4297,666,1288,190,1277,189,3.453,0.7694,2.9455,0.7375,0.723,0.723,3.7626,0.9719,10.8841,0.9029,1525,High,4615163.00585938,10049.0507841201
148,119320,1193.20,6037119320,"Census Tract 1193.20, Los Angeles County, California",0.18781468468,4735,595,1251,224,1251,224,3.8347,0.8768,2.8621,0.6991,0.9087,0.9087,2.6336,0.6587,10.2391,0.833,1526,High,5345155.57910156,9352.1331167645
149,119340,1193.40,6037119340,"Census Tract 1193.40, Los Angeles County, California",0.047161973198,4031,422,1095,112,1050,110,4.4503,0.9849,3.3336,0.9,0.9691,0.9691,2.7852,0.7215,11.5382,0.9541,1527,High,1314702.02441406,4632.27868164021
150,119341,1193.41,6037119341,"Census Tract 1193.41, Los Angeles County, California",0.12601056533,2825,423,881,102,857,105,3.9695,0.9087,3.5448,0.9535,0.8402,0.8402,2.3531,0.538,10.7076,0.887,1528,High,3512711.1796875,8359.54226201369
151,119342,1193.42,6037119342,"Census Tract 1193.42, Los Angeles County, California",0.084594562098,3009,413,822,86,785,83,3.3786,0.7481,3.1018,0.8083,0.8555,0.8555,1.876,0.3437,9.2119,0.7026,1529,Medium to High,2358167.72558594,6104.94540637316
152,119400,1194.00,6037119400,"Census Tract 1194, Los Angeles County, California",0.43138751748,5564,773,1177,149,1167,148,3.0484,0.6585,3.4344,0.9281,0.8521,0.8521,2.441,0.5736,9.7759,0.7741,1530,High,12071383.0800781,14163.224516252
153,119700,1197.00,6037119700,"Census Tract 1197, Los Angeles County, California",0.49755960875,4925,738,1377,187,1329,190,2.0739,0.3764,2.0256,0.2371,0.5441,0.5441,2.7522,0.7093,7.3958,0.4555,1531,Low to Medium,14103382.140625,20314.1754953052
154,119801,1198.01,6037119801,"Census Tract 1198.01, Los Angeles County, California",0.23526855099,2648,348,653,71,634,78,1.9927,0.3505,2.1242,0.2852,0.7242,0.7242,2.2729,0.5026,7.114,0.4213,1532,Low to Medium,6590353.77148438,11988.802114158
155,119802,1198.02,6037119802,"Census Tract 1198.02, Los Angeles County, California",0.24200216987,3340,735,831,116,819,117,3.5648,0.8006,2.3869,0.4238,0.9026,0.9026,2.2841,0.5072,9.1384,0.6939,1533,Medium to High,6778131.05175781,12322.6049986907
156,119900,1199.00,6037119900,"Census Tract 1199, Los Angeles County, California",0.40625845491,5123,697,1336,173,1296,167,3.2294,0.706,2.5761,0.5308,0.8649,0.8649,2.0473,0.4103,8.7177,0.6393,1534,Medium to High,11324965.7646484,14653.142244738
157,120010,1200.10,6037120010,"Census Tract 1200.10, Los Angeles County, California",0.21389355816,2796,351,777,107,777,107,3.729,0.8469,2.6437,0.5701,0.8555,0.8555,2.4552,0.5798,9.6834,0.7626,1535,High,6087626.43261719,10236.1612152824
158,120020,1200.20,6037120020,"Census Tract 1200.20, Los Angeles County, California",0.20019620361,3872,606,1239,210,1224,208,4.6542,0.9981,3.4916,0.9426,0.9142,0.9142,2.7033,0.6891,11.7633,0.9682,1536,High,5737369.79882813,12182.6274565444
159,120030,1200.30,6037120030,"Census Tract 1200.30, Los Angeles County, California",0.14583304201,2500,330,731,80,705,79,3.8145,0.8726,3.8155,0.9859,0.8696,0.8696,2.9014,0.7657,11.401,0.9466,1537,High,4065310.8203125,8102.20708801904
160,120103,1201.03,6037120103,"Census Tract 1201.03, Los Angeles County, California",0.053463930042,3376,359,872,78,862,83,4.5459,0.9926,3.6922,0.9738,0.9544,0.9544,2.9455,0.7808,12.138,0.9835,1538,High,1490376.19042969,5636.21120401707
161,120104,1201.04,6037120104,"Census Tract 1201.04, Los Angeles County, California",0.17524706458,2243,356,812,85,773,89,3.3274,0.7327,3.5143,0.948,0.8402,0.8402,2.8625,0.7525,10.5444,0.8662,1539,High,4885243.29101563,10176.5522871564
162,120105,1201.05,6037120105,"Census Tract 1201.05, Los Angeles County, California",0.21271054164,2694,418,877,91,861,94,3.5952,0.8103,3.5219,0.9499,0.892,0.892,2.6404,0.6628,10.6495,0.8807,1540,High,5929585.8046875,15758.5905298589
163,120106,1201.06,6037120106,"Census Tract 1201.06, Los Angeles County, California",0.079489521454,4519,592,1349,269,1293,270,4.6361,0.9976,3.6168,0.9643,0.9469,0.9469,3.6788,0.9623,12.8786,0.9979,1541,High,2220341.08007813,6072.52820832696
164,120107,1201.07,6037120107,"Census Tract 1201.07, Los Angeles County, California",0.07816441939,4060,640,1136,142,1126,143,4.6001,0.9961,3.167,0.8375,0.9318,0.9318,2.8087,0.7311,11.5076,0.9528,1542,High,2231008.49414063,6075.28674959795
165,120108,1201.08,6037120108,"Census Tract 1201.08, Los Angeles County, California",0.14534578129,4592,604,1457,162,1407,163,4.1822,0.9512,3.1949,0.8501,0.8336,0.8336,2.3962,0.5551,10.6069,0.8756,1543,High,4164596.89453125,8449.4842326744
166,120300,1203.00,6037120300,"Census Tract 1203, Los Angeles County, California",0.66357806332,5066,796,1521,181,1418,206,3.4158,0.7582,2.3755,0.4161,0.7169,0.7169,2.3038,0.5167,8.812,0.6531,1544,Medium to High,18498149.9570313,18531.0955684407
167,120400,1204.00,6037120400,"Census Tract 1204, Los Angeles County, California",0.41151639195,6533,884,2120,265,2120,265,3.4605,0.773,3.136,0.8248,0.6871,0.6871,3.2314,0.8657,10.515,0.8637,1545,High,11471575.8339844,17339.8584633607
168,121010,1210.10,6037121010,"Census Tract 1210.10, Los Angeles County, California",0.74510543113,4737,587,1297,111,1258,114,3.1722,0.6908,2.3834,0.4208,0.5441,0.5441,2.4541,0.5795,8.5538,0.6157,1546,Medium to High,21950722.9726563,19497.9106703958
169,121020,1210.20,6037121020,"Census Tract 1210.20, Los Angeles County, California",0.31835190986,3701,686,1159,111,1092,124,3.4582,0.7718,1.9838,0.2182,0.6502,0.6502,2.8127,0.7329,8.9049,0.6654,1547,Medium to High,8874538.57714844,13130.1694065047
170,121101,1211.01,6037121101,"Census Tract 1211.01, Los Angeles County, California",0.1823374417,3128,570,1021,108,934,116,2.9284,0.6255,2.2304,0.3424,0.7203,0.7203,2.3114,0.5197,8.1905,0.5693,1548,Medium to High,5082880.94042969,10732.4573616308
171,121102,1211.02,6037121102,"Census Tract 1211.02, Los Angeles County, California",2.8814406158,2247,264,831,84,789,79,2.8813,0.6105,2.7511,0.633,0.4507,0.4507,2.9996,0.7981,9.0827,0.6868,1549,Medium to High,81152096.0068359,37632.8664167644
172,121210,1212.10,6037121210,"Census Tract 1212.10, Los Angeles County, California",0.77118662123,3077,524,861,86,817,93,2.5201,0.5057,3.3065,0.8913,0.842,0.842,3.8311,0.9777,10.4997,0.8618,1550,High,21817534.9736328,18371.9891274985
173,121221,1212.21,6037121221,"Census Tract 1212.21, Los Angeles County, California",0.19469849723,2379,399,539,44,498,56,2.5569,0.5159,1.8915,0.1779,0.7862,0.7862,2.5923,0.6375,7.8269,0.5162,1551,Medium to High,5427461.15039063,11054.1635780522
174,121222,1212.22,6037121222,"Census Tract 1212.22, Los Angeles County, California",0.51541373743,4688,813,1252,129,1190,142,4.0241,0.9211,2.7016,0.6033,0.8204,0.8204,3.8292,0.9773,11.3753,0.9455,1552,High,14367773.7353516,18211.0704318064
175,121600,1216.00,6037121600,"Census Tract 1216, Los Angeles County, California",0.439963229,2838,432,879,104,850,109,2.749,0.5715,3.213,0.8582,0.4672,0.4672,2.4561,0.5801,8.8853,0.6626,1553,Medium to High,12264569.0195313,16346.0748588639
176,121801,1218.01,6037121801,"Census Tract 1218.01, Los Angeles County, California",0.18752549428,3165,728,1282,147,1086,155,4.1941,0.9525,2.3163,0.3838,0.7481,0.7481,3.1107,0.8324,10.3692,0.8478,1554,High,5227512.55566406,10560.213659301
177,121802,1218.02,6037121802,"Census Tract 1218.02, Los Angeles County, California",0.36706485479,3088,579,799,98,741,103,3.3909,0.7515,2.8505,0.6923,0.6461,0.6461,2.9292,0.7747,9.8167,0.7799,1555,High,10232438.8945313,14912.8139010228
178,121900,1219.00,6037121900,"Census Tract 1219, Los Angeles County, California",0.65155948026,3686,697,1183,229,994,221,3.5395,0.7927,3.1083,0.8118,0.7648,0.7648,3.3497,0.8957,10.7623,0.8926,1556,High,18163072.2949219,20093.9505415094
179,122000,1220.00,6037122000,"Census Tract 1220, Los Angeles County, California",1.152196322,5390,777,1631,208,1601,208,3.2545,0.7141,3.3771,0.9137,0.4383,0.4383,3.2477,0.8709,10.3176,0.8424,1557,High,35118997.7568359,30499.59222374
180,122120,1221.20,6037122120,"Census Tract 1221.20, Los Angeles County, California",0.27792471384,4772,669,1189,156,1136,165,3.9273,0.8976,3.2956,0.8875,0.7927,0.7927,2.6329,0.6577,10.6485,0.8806,1558,High,7747578.48535156,13365.7622160773
181,122121,1221.21,6037122121,"Census Tract 1221.21, Los Angeles County, California",0.15905857992,2909,518,794,111,758,113,3.2722,0.718,2.5952,0.5395,0.8402,0.8402,3.3583,0.8978,10.0659,0.8123,1559,High,4433980.59179688,12008.0444924721
182,122122,1221.22,6037122122,"Census Tract 1221.22, Los Angeles County, California",0.39276805103,2644,578,656,76,644,78,3.7648,0.8576,2.9582,0.7449,0.9204,0.9204,3.7229,0.9672,11.3663,0.9443,1560,High,11114633.3974609,15332.0170298701
183,122200,1222.00,6037122200,"Census Tract 1222, Los Angeles County, California",0.6582459947,3542,474,941,84,884,82,2.9523,0.6323,2.8218,0.6759,0.6588,0.6588,1.9001,0.3522,8.333,0.5871,1561,Medium to High,18349521.7744141,19428.0016173799
184,122410,1224.10,6037122410,"Census Tract 1224.10, Los Angeles County, California",0.27297102518,3471,575,1167,99,1137,95,3.855,0.8827,3.4368,0.9288,0.8272,0.8272,3.5521,0.9424,11.6711,0.9633,1562,High,7609489.6875,11117.4625056184
185,122420,1224.20,6037122420,"Census Tract 1224.20, Los Angeles County, California",0.33309946185,5029,831,1373,151,1373,151,3.7418,0.8509,2.4603,0.4639,0.8217,0.8217,3.906,0.9833,10.9298,0.907,1563,High,9285646.47949219,12386.8044764553
186,123010,1230.10,6037123010,"Census Tract 1230.10, Los Angeles County, California",0.39221824178,3911,558,1066,97,1025,108,3.6287,0.8206,3.5835,0.9595,0.7743,0.7743,2.1371,0.4479,10.1236,0.8185,1564,High,10933643.6923828,13636.3943082472
187,123020,1230.20,6037123020,"Census Tract 1230.20, Los Angeles County, California",0.21839705189,3028,499,770,79,758,81,3.491,0.7806,3.3184,0.8957,0.8588,0.8588,2.2855,0.5079,9.9537,0.7956,1565,High,6088161.97167969,9872.88288864427
188,123103,1231.03,6037123103,"Census Tract 1231.03, Los Angeles County, California",0.34786284402,3816,606,1710,218,1597,229,3.8126,0.8722,2.0899,0.2653,0.5858,0.5858,2.7601,0.7127,9.2484,0.7068,1566,Medium to High,9712010.12109375,13419.0532050245
189,123104,1231.04,6037123104,"Census Tract 1231.04, Los Angeles County, California",0.30181438899,4848,633,1823,212,1612,185,3.2175,0.7028,2.2682,0.3601,0.5247,0.5247,3.3603,0.8986,9.3707,0.7202,1567,Medium to High,8413572.18554688,11537.8647821022
190,123203,1232.03,6037123203,"Census Tract 1232.03, Los Angeles County, California",0.22537121232,3446,359,1058,60,1012,76,3.3331,0.7346,2.9001,0.7163,0.7511,0.7511,2.6547,0.6683,9.639,0.7569,1568,High,6324538.125,12755.8729622345
191,123204,1232.04,6037123204,"Census Tract 1232.04, Los Angeles County, California",0.12517697111,3508,714,1104,130,1038,135,3.9658,0.9077,1.9898,0.221,0.7358,0.7358,2.3666,0.5427,9.058,0.6844,1569,Medium to High,3489507.86328125,7926.03455976639
192,123205,1232.05,6037123205,"Census Tract 1232.05, Los Angeles County, California",0.29256261287,2716,655,800,101,755,109,4.0641,0.9299,2.8923,0.7118,0.6449,0.6449,1.953,0.3735,9.5543,0.7436,1570,Medium to High,8155654.95898438,11532.5869292108
193,123206,1232.06,6037123206,"Census Tract 1232.06, Los Angeles County, California",0.2327612046,2323,278,878,66,820,74,3.8771,0.8883,2.7059,0.6063,0.7564,0.7564,3.1922,0.8546,10.5316,0.8653,1571,High,6488594.390625,10269.8071475177
194,123301,1233.01,6037123301,"Census Tract 1233.01, Los Angeles County, California",0.50327816547,4467,515,1741,188,1639,204,3.2951,0.7242,2.127,0.2869,0.5708,0.5708,2.0926,0.4278,8.0855,0.5535,1572,Medium to High,14029676.3828125,17682.863089316
195,123303,1233.03,6037123303,"Census Tract 1233.03, Los Angeles County, California",0.24455970951,2860,292,917,63,875,74,3.7296,0.8471,3.1518,0.8311,0.5562,0.5562,2.863,0.7529,10.3006,0.8403,1573,High,6817488.24902344,13030.0571627371
196,123304,1233.04,6037123304,"Census Tract 1233.04, Los Angeles County, California",0.33941570447,4581,656,1872,249,1808,265,3.8561,0.8831,3.9063,0.9917,0.4006,0.4006,2.5849,0.6343,10.7479,0.891,1574,High,9461746.25097656,13423.346683201
197,123410,1234.10,6037123410,"Census Tract 1234.10, Los Angeles County, California",0.18869769995,3861,584,1285,160,1200,175,3.4154,0.758,2.1594,0.3023,0.3413,0.3413,3.2006,0.8575,9.1167,0.6914,1575,Medium to High,5350547.04589844,9501.50657660776
198,123420,1234.20,6037123420,"Census Tract 1234.20, Los Angeles County, California",0.30061631449,5015,727,1668,215,1649,213,4.0859,0.9333,3.1562,0.8329,0.5006,0.5006,3.1001,0.8289,10.8428,0.8983,1576,High,8467590.2265625,14727.1048177992
199,123510,1235.10,6037123510,"Census Tract 1235.10, Los Angeles County, California",0.30436768152,5200,721,1723,158,1672,164,3.9908,0.9141,2.9437,0.7361,0.5787,0.5787,3.5161,0.9352,11.0293,0.9178,1577,High,8594011.6171875,12270.6737201596
200,123520,1235.20,6037123520,"Census Tract 1235.20, Los Angeles County, California",0.19387301116,2799,405,810,43,772,50,3.6799,0.8352,3.2744,0.8813,0.5274,0.5274,2.2467,0.4918,9.7284,0.7681,1578,High,5498246.87695313,12490.8750552291
201,123601,1236.01,6037123601,"Census Tract 1236.01, Los Angeles County, California",0.58078466705,4961,629,1987,189,1916,194,3.6223,0.8181,3.2057,0.8552,0.2946,0.2946,3.1179,0.8343,10.2405,0.8334,1579,High,16494226.6318359,18301.2828578181
202,123602,1236.02,6037123602,"Census Tract 1236.02, Los Angeles County, California",0.3582069027,3435,483,1320,141,1290,143,3.4861,0.7791,2.7667,0.6433,0.365,0.365,2.3949,0.5543,9.0127,0.6795,1580,Medium to High,9985609.13769531,14187.456703584
203,123700,1237.00,6037123700,"Census Tract 1237, Los Angeles County, California",0.36770732852,4612,738,1796,329,1677,350,2.6099,0.5316,2.3159,0.3834,0.2917,0.2917,3.5578,0.9436,8.7753,0.6475,1581,Medium to High,10250472.0390625,13103.9364375054
204,123800,1238.00,6037123800,"Census Tract 1238, Los Angeles County, California",0.49808509357,5941,868,2414,204,2293,206,2.7428,0.5696,2.8336,0.6828,0.2489,0.2489,2.4429,0.5746,8.2682,0.5781,1582,Medium to High,13884988.8544922,17448.9974708576
205,123901,1239.01,6037123901,"Census Tract 1239.01, Los Angeles County, California",0.49853335799,4862,791,1568,141,1486,141,3.417,0.7588,2.7138,0.6108,0.5985,0.5985,3.3571,0.8976,10.0864,0.8142,1583,High,13897463.0253906,15030.3545512012
206,123902,1239.02,6037123902,"Census Tract 1239.02, Los Angeles County, California",0.25653041592,2653,415,1159,141,1087,149,2.3656,0.4623,1.7031,0.117,0.3748,0.3748,1.8872,0.3479,6.3307,0.3112,1584,Low to Medium,7151226.42675781,11695.197217989
207,124000,1240.00,6037124000,"Census Tract 1240, Los Angeles County, California",0.51483574274,5225,731,2288,291,2194,283,2.2999,0.4436,2.1823,0.3164,0.0865,0.0865,1.7549,0.2971,6.3236,0.3097,1585,Low to Medium,14531311.7392578,16693.3407116879
208,124102,1241.02,6037124102,"Census Tract 1241.02, Los Angeles County, California",0.25066243773,3600,759,1543,199,1362,204,3.7306,0.8473,2.1987,0.3247,0.5525,0.5525,3.1977,0.8564,9.6795,0.7621,1586,High,6987656.39355469,10573.0629552005
209,124103,1241.03,6037124103,"Census Tract 1241.03, Los Angeles County, California",0.1250777429,1889,327,598,56,573,52,2.8006,0.5867,3.1154,0.8157,0.6205,0.6205,3.0446,0.8128,9.5811,0.7478,1587,Medium to High,3486761.99609375,7921.97772907455
210,124104,1241.04,6037124104,"Census Tract 1241.04, Los Angeles County, California",0.12526847729,2577,454,1105,135,1049,134,3.7058,0.8414,2.694,0.5989,0.5274,0.5274,2.5245,0.609,9.4517,0.7301,1588,Medium to High,3492065.21386719,7927.11849709005
211,124105,1241.05,6037124105,"Census Tract 1241.05, Los Angeles County, California",0.12530592918,2287,293,893,64,839,60,3.2301,0.7062,2.517,0.4996,0.5341,0.5341,2.619,0.6511,8.9002,0.6648,1589,Medium to High,3493113.80859375,7929.03926551028
212,124201,1242.01,6037124201,"Census Tract 1242.01, Los Angeles County, California",0.37552164689,3548,977,1146,160,1080,173,3.3683,0.7455,1.6041,0.0975,0.6185,0.6185,2.3809,0.5487,7.9718,0.5369,1590,Medium to High,10468289.9267578,13209.6382290089
213,124203,1242.03,6037124203,"Census Tract 1242.03, Los Angeles County, California",0.12519511791,2216,310,853,91,784,99,2.7824,0.582,2.6737,0.5877,0.5573,0.5573,2.5036,0.5998,8.517,0.6104,1591,Medium to High,3490019.01171875,7927.1006452199
214,124204,1242.04,6037124204,"Census Tract 1242.04, Los Angeles County, California",0.1252325698,1867,381,953,119,809,136,3.5877,0.8077,2.7525,0.6344,0.6015,0.6015,2.8071,0.7305,9.7488,0.7705,1592,High,3491073.75878906,7925.26419238158
215,124300,1243.00,6037124300,"Census Tract 1243, Los Angeles County, California",0.3440164959,2892,448,1382,140,1173,152,2.7658,0.5769,2.575,0.5299,0.5431,0.5431,2.8061,0.7299,8.69,0.6353,1593,Medium to High,9590065.29882813,12560.9080010635
216,124400,1244.00,6037124400,"Census Tract 1244, Los Angeles County, California",0.37121506519,4855,827,1713,175,1690,170,2.3923,0.4688,1.9392,0.197,0.1993,0.1993,2.7895,0.7226,7.3203,0.4468,1594,Low to Medium,10500728.1533203,13194.5153476262
217,124500,1245.00,6037124500,"Census Tract 1245, Los Angeles County, California",0.31193682513,2807,341,1280,180,1198,193,2.2382,0.4246,1.9393,0.1972,0.2435,0.2435,1.5436,0.2226,5.9646,0.2664,1595,Low to Medium,8695824.56835938,14054.8987604727
218,124600,1246.00,6037124600,"Census Tract 1246, Los Angeles County, California",0.43244505086,2606,435,1426,166,1292,191,2.0561,0.3702,1.7721,0.1347,0.1497,0.1497,1.68,0.2688,5.6579,0.2216,1596,Low,12055244.0351563,14291.0482681154
219,124700,1247.00,6037124700,"Census Tract 1247, Los Angeles County, California",0.52031761893,5606,749,2661,382,2559,380,2.5001,0.5,1.8055,0.146,0.1358,0.1358,2.5901,0.6366,7.0315,0.4098,1597,Low to Medium,14659153.1962891,17855.5099676302
220,124902,1249.02,6037124902,"Census Tract 1249.02, Los Angeles County, California",0.13072757347,3075,571,1638,180,1543,174,3.5269,0.7893,2.3914,0.4263,0.3463,0.3463,3.2357,0.8678,9.5003,0.7364,1598,Medium to High,3644289.50585938,8062.46972703722
221,124903,1249.03,6037124903,"Census Tract 1249.03, Los Angeles County, California",0.12023409331,3746,435,1654,136,1546,149,3.6196,0.8172,2.6232,0.5562,0.4037,0.4037,3.0558,0.8161,9.7023,0.7655,1599,High,3351724.234375,7812.20091687437
222,125101,1251.01,6037125101,"Census Tract 1251.01, Los Angeles County, California",0.25088290197,3567,655,2189,286,2047,301,3.0731,0.6641,0.7578,0.0141,0.2629,0.2629,1.301,0.1562,5.3948,0.1879,1600,Low,6993797.28027344,10577.5947633525
223,125102,1251.02,6037125102,"Census Tract 1251.02, Los Angeles County, California",0.25053965729,2121,298,886,128,855,131,1.861,0.3137,2.8642,0.7001,0.3091,0.3091,2.8257,0.7371,7.86,0.5207,1601,Medium to High,6984254.13964844,10570.9067226821
224,125200,1252.00,6037125200,"Census Tract 1252, Los Angeles County, California",0.5031874315,4006,634,2060,268,1832,277,3.2338,0.7071,1.9056,0.1839,0.2946,0.2946,2.539,0.6151,7.973,0.5371,1602,Medium to High,14032632.2490234,15860.7230760912
225,125310,1253.10,6037125310,"Census Tract 1253.10, Los Angeles County, California",0.40694533037,3844,637,2270,221,1893,267,2.9836,0.6411,1.8993,0.1811,0.4326,0.4326,2.927,0.7741,8.2425,0.5755,1603,Medium to High,11344368.7998047,19251.0938507664
226,125321,1253.21,6037125321,"Census Tract 1253.21, Los Angeles County, California",0.10010427944,3089,558,1588,234,1527,231,2.9655,0.6361,2.3051,0.3782,0.5006,0.5006,1.9365,0.3667,7.7077,0.4998,1604,Low to Medium,2790573.45019531,6882.61422535883
227,125322,1253.22,6037125322,"Census Tract 1253.22, Los Angeles County, California",0.14409867183,2052,408,1571,285,1352,285,3.8205,0.8738,2.7908,0.6583,0.4047,0.4047,2.3263,0.5264,9.3423,0.7171,1605,Medium to High,4016990.46386719,8863.78248782567
228,125402,1254.02,6037125402,"Census Tract 1254.02, Los Angeles County, California",0.28300156904,4139,545,2054,213,2002,202,3.1187,0.6765,0.9982,0.0254,0.1835,0.1835,1.6047,0.2425,5.9051,0.2571,1606,Low to Medium,7889271.7109375,11288.354035742
229,125403,1254.03,6037125403,"Census Tract 1254.03, Los Angeles County, California",0.064992935762,2576,588,1481,272,1330,295,2.6777,0.552,0.7031,0.0123,0.3194,0.3194,2.3371,0.5308,6.0373,0.2758,1607,Low to Medium,1811797.30761719,6036.39524198431
230,125404,1254.04,6037125404,"Census Tract 1254.04, Los Angeles County, California",0.088591490002,2694,579,1778,381,1507,386,2.5515,0.5146,0.5088,0.0061,0.4118,0.4118,2.3893,0.5521,5.8614,0.2504,1608,Low to Medium,2469661.95703125,8591.64331021327
231,125501,1255.01,6037125501,"Census Tract 1255.01, Los Angeles County, California",0.17918800769,2886,392,1625,187,1601,190,3.5578,0.7989,1.8029,0.1444,0.2204,0.2204,2.7104,0.6923,8.2915,0.5811,1609,Medium to High,4995201.97167969,9227.60363387911
232,125502,1255.02,6037125502,"Census Tract 1255.02, Los Angeles County, California",0.20189814123,3631,606,2051,262,1929,271,3.541,0.7931,1.787,0.14,0.2294,0.2294,1.8409,0.3294,7.3983,0.4563,1610,Low to Medium,5628290.5546875,9622.55792101008
233,125600,1256.00,6037125600,"Census Tract 1256, Los Angeles County, California",0.39470859968,2963,406,1377,199,1277,209,2.2414,0.4259,2.7518,0.6334,0.34,0.34,1.639,0.2542,6.9722,0.403,1611,Low to Medium,11003262.2363281,14763.8736150678
234,127102,1271.02,6037127102,"Census Tract 1271.02, Los Angeles County, California",0.33176509334,5525,598,1605,97,1566,108,4.2653,0.9633,2.6436,0.5699,0.7594,0.7594,3.0215,0.8059,10.6898,0.8849,1612,High,9248440.2109375,12299.365030024
235,127103,1271.03,6037127103,"Census Tract 1271.03, Los Angeles County, California",0.10813365663,3020,545,1315,194,1195,214,2.7548,0.5733,3.1073,0.8112,0.5077,0.5077,3.1882,0.8527,9.558,0.7443,1613,Medium to High,3078754.60058594,7541.24723481974
236,127104,1271.04,6037127104,"Census Tract 1271.04, Los Angeles County, California",0.2732837678,4183,1163,1419,266,1377,266,3.4938,0.7811,2.7447,0.63,0.5562,0.5562,2.6029,0.6432,9.3976,0.7235,1614,Medium to High,7618187.61523438,11271.0613944149
237,127210,1272.10,6037127210,"Census Tract 1272.10, Los Angeles County, California",0.59449399077,5933,841,2018,165,1902,175,3.946,0.9027,1.8813,0.1725,0.7388,0.7388,3.1294,0.8376,9.6955,0.7648,1615,High,16590336.4667969,19666.1540846493
238,127220,1272.20,6037127220,"Census Tract 1272.20, Los Angeles County, California",0.25209757886,4959,601,1763,142,1687,135,4.2133,0.955,3.0619,0.7921,0.6295,0.6295,3.7189,0.9664,11.6236,0.9615,1616,High,7027601.70605469,10597.7543526294
239,127300,1273.00,6037127300,"Census Tract 1273, Los Angeles County, California",0.40897699909,3693,488,1442,152,1350,154,3.12,0.6767,2.6741,0.5881,0.6365,0.6365,3.319,0.889,9.7496,0.7708,1617,High,11400820.5761719,15057.6559872111
240,127400,1274.00,6037127400,"Census Tract 1274, Los Angeles County, California",0.83304016163,6414,780,2042,223,1925,224,3.5857,0.8073,2.1747,0.3122,0.7312,0.7312,3.0975,0.8279,9.5891,0.7489,1618,Medium to High,23481259.3828125,25121.3298375512
241,127520,1275.20,6037127520,"Census Tract 1275.20, Los Angeles County, California",0.14043186113,4875,760,1453,112,1422,115,4.588,0.9956,3.4935,0.9432,0.8555,0.8555,3.6124,0.9527,12.5494,0.9938,1619,High,3914727.6328125,7988.03729757942
242,127603,1276.03,6037127603,"Census Tract 1276.03, Los Angeles County, California",0.16656594721,2855,336,945,98,932,100,3.8946,0.8918,2.9791,0.756,0.7312,0.7312,2.8751,0.7568,10.48,0.8589,1620,High,4643287.94824219,9725.94419222603
243,127604,1276.04,6037127604,"Census Tract 1276.04, Los Angeles County, California",0.16777599088,3285,441,1568,269,1498,283,3.6094,0.8143,2.62,0.5542,0.5562,0.5562,2.6708,0.6756,9.4564,0.7311,1621,Medium to High,4677029.41113281,9875.250627238
244,127605,1276.05,6037127605,"Census Tract 1276.05, Los Angeles County, California",0.24900528794,4016,822,1238,172,1201,167,3.994,0.9151,3.3178,0.8952,0.6781,0.6781,2.7554,0.7104,10.7453,0.8909,1622,High,6981245.81835938,10568.6411816251
245,127606,1276.06,6037127606,"Census Tract 1276.06, Los Angeles County, California",0.20992944893,3133,489,1235,133,1131,117,2.4551,0.4871,2.5738,0.5293,0.6414,0.6414,1.8469,0.3317,7.5172,0.4719,1623,Low to Medium,5852103.90234375,9732.73095121146
246,127711,1277.11,6037127711,"Census Tract 1277.11, Los Angeles County, California",0.3658899464,3271,418,1187,108,1122,128,3.7801,0.8623,1.8941,0.1795,0.5633,0.5633,1.8222,0.3213,8.0597,0.5496,1624,Medium to High,10199768.0263672,13542.4699221711
247,127712,1277.12,6037127712,"Census Tract 1277.12, Los Angeles County, California",0.22008200102,3858,775,1626,158,1571,160,3.6933,0.8385,2.4471,0.458,0.643,0.643,3.2312,0.8656,10.0146,0.8039,1625,High,6135131.61523438,9824.35699474723
248,127803,1278.03,6037127803,"Census Tract 1278.03, Los Angeles County, California",0.24742767517,4907,825,1790,203,1652,186,3.8321,0.8764,3.1812,0.8429,0.6064,0.6064,3.5411,0.9403,11.1608,0.9283,1626,High,6897436.31347656,10521.7462718868
249,127804,1278.04,6037127804,"Census Tract 1278.04, Los Angeles County, California",0.24638442757,4832,1105,1656,182,1584,158,3.6191,0.8171,2.4635,0.4652,0.6235,0.6235,2.9557,0.7844,9.6618,0.7598,1627,High,6868353.64746094,10483.5686346615
250,127805,1278.05,6037127805,"Census Tract 1278.05, Los Angeles County, California",0.23726354002,3511,622,1246,194,1227,192,3.9739,0.9099,3.0228,0.7758,0.5719,0.5719,4.0502,0.9903,11.6188,0.961,1628,High,6614074.62988281,13204.8272805688
251,127806,1278.06,6037127806,"Census Tract 1278.06, Los Angeles County, California",0.26376982842,3015,474,1275,136,1170,121,4.0541,0.928,2.5468,0.5147,0.6911,0.6911,2.417,0.5642,9.709,0.7661,1629,High,7352993.19335938,13484.5354971721
252,127910,1279.10,6037127910,"Census Tract 1279.10, Los Angeles County, California",0.25088328807,5131,967,1673,216,1504,239,4.4426,0.9843,2.9693,0.7506,0.7813,0.7813,3.5421,0.9406,11.7353,0.9668,1630,High,6993754.40722656,10580.3823960557
253,127920,1279.20,6037127920,"Census Tract 1279.20, Los Angeles County, California",0.25046977283,4710,793,1505,332,1505,332,3.8121,0.8716,2.3119,0.3818,0.3898,0.3898,2.3213,0.5242,8.8351,0.6563,1631,Medium to High,6982234.68261719,10569.2063717808
254,128101,1281.01,6037128101,"Census Tract 1281.01, Los Angeles County, California",0.25054004339,3344,401,1211,86,1139,90,3.5562,0.7981,2.6709,0.586,0.5058,0.5058,2.7013,0.6882,9.4342,0.7284,1632,Medium to High,6984201.74511719,10570.7581505231
255,128102,1281.02,6037128102,"Census Tract 1281.02, Los Angeles County, California",0.25050645252,4958,853,1614,201,1547,203,3.9938,0.915,2.4791,0.4747,0.7272,0.7272,3.0567,0.8163,10.2568,0.8357,1633,High,6983275.12011719,10570.6971593579
256,128210,1282.10,6037128210,"Census Tract 1282.10, Los Angeles County, California",0.21233795321,5296,1079,1617,176,1549,188,4.3799,0.9775,2.6803,0.5911,0.829,0.829,3.4411,0.9182,11.3303,0.9421,1634,High,5919273.86523438,9764.43827507086
257,128220,1282.20,6037128220,"Census Tract 1282.20, Los Angeles County, California",0.21451556849,2858,332,1241,125,1190,127,3.1594,0.6871,2.2682,0.3601,0.4672,0.4672,2.4051,0.5594,8.2999,0.5822,1635,Medium to High,5979977.10253906,10040.0531732779
258,128302,1283.02,6037128302,"Census Tract 1283.02, Los Angeles County, California",0.26597447084,5096,765,1622,196,1587,212,4.0113,0.919,2.7438,0.6291,0.7031,0.7031,3.5497,0.942,11.0079,0.9146,1636,High,7414485.41210938,12437.5243626808
259,128303,1283.03,6037128303,"Census Tract 1283.03, Los Angeles County, California",0.15982460629,4063,650,1195,161,1162,164,4.5747,0.995,2.9086,0.7198,0.8131,0.8131,3.5792,0.9474,11.8756,0.974,1637,High,4455381.34863281,9765.85929630266
260,128400,1284.00,6037128400,"Census Tract 1284, Los Angeles County, California",0.66637923333,4547,557,1843,197,1788,197,2.5663,0.5198,2.5767,0.5314,0.365,0.365,1.1998,0.1342,6.7078,0.3646,1638,Low to Medium,18576516.5898438,22571.8203362619
261,128500,1285.00,6037128500,"Census Tract 1285, Los Angeles County, California",0.37598303878,4205,505,2229,251,2098,267,2.4553,0.4874,1.4809,0.0728,0.2294,0.2294,3.2498,0.8718,7.4154,0.4588,1639,Low to Medium,10481214.3867188,13224.6566382437
262,128601,1286.01,6037128601,"Census Tract 1286.01, Los Angeles County, California",0.26327407345,5052,1054,1763,253,1670,249,3.9283,0.8981,2.6182,0.5526,0.4887,0.4887,2.9251,0.773,9.9603,0.7963,1640,High,7339199.21386719,13840.6277976153
263,128602,1286.02,6037128602,"Census Tract 1286.02, Los Angeles County, California",0.43797364539,3217,413,1298,77,1249,91,2.6909,0.5561,1.7453,0.1289,0.0735,0.0735,2.435,0.571,6.9447,0.3989,1641,Low to Medium,12209301.9599609,14527.2152803248
264,128703,1287.03,6037128703,"Census Tract 1287.03, Los Angeles County, California",0.31248740658,3077,719,1806,220,1615,211,3.0239,0.6516,1.9671,0.2096,0.1872,0.1872,2.6496,0.6661,7.8278,0.5165,1642,Medium to High,8910739.9609375,11759.0300292084
265,128704,1287.04,6037128704,"Census Tract 1287.04, Los Angeles County, California",0.32160790802,2242,286,1026,49,979,73,2.4224,0.4777,1.3949,0.0596,0.1008,0.1008,1.2855,0.1529,5.2036,0.1655,1643,Low,8965439.16894531,12103.9478711564
266,128801,1288.01,6037128801,"Census Tract 1288.01, Los Angeles County, California",0.19000928844,3673,560,2118,222,1931,218,2.8112,0.5902,1.4743,0.0719,0.2374,0.2374,1.5938,0.2376,6.1167,0.2852,1644,Low to Medium,5296822.22070313,9461.71861854498
267,128802,1288.02,6037128802,"Census Tract 1288.02, Los Angeles County, California",0.37497029324,4343,461,2303,245,2043,266,1.4164,0.1925,2.295,0.3728,0.2374,0.2374,2.5952,0.6395,6.544,0.3398,1645,Low to Medium,10452953.6015625,13223.9641719577
268,128910,1289.10,6037128910,"Census Tract 1289.10, Los Angeles County, California",0.50116889024,4805,564,1986,160,1938,170,2.7124,0.5622,1.9666,0.2093,0.2435,0.2435,1.6416,0.2553,6.5641,0.3424,1646,Low to Medium,14388073.4931641,17404.4230333725
269,131021,1310.21,6037131021,"Census Tract 1310.21, Los Angeles County, California",0.21549433706,3463,682,1025,187,959,193,3.5765,0.8041,3.0844,0.8011,0.6971,0.6971,3.3012,0.8851,10.6592,0.882,1647,High,6053641.29101563,10619.545856568
270,131022,1310.22,6037131022,"Census Tract 1310.22, Los Angeles County, California",0.19249926024,3011,421,1077,97,1016,101,3.1783,0.6931,2.3494,0.4017,0.6998,0.6998,2.7788,0.7197,9.0063,0.6788,1648,Medium to High,5427135.97753906,10054.9697821212
271,131023,1310.23,6037131023,"Census Tract 1310.23, Los Angeles County, California",0.22549823988,2968,412,828,99,815,101,3.1522,0.685,2.5682,0.5272,0.7065,0.7065,2.0135,0.3955,8.4404,0.601,1649,Medium to High,6339742.68652344,10095.4776541153
272,131024,1310.24,6037131024,"Census Tract 1310.24, Los Angeles County, California",0.3262179659,4120,931,990,182,971,183,3.0973,0.671,2.6137,0.5499,0.6487,0.6487,2.6034,0.6433,8.9631,0.6723,1650,Medium to High,9212622.66503906,12287.1429260577
273,131100,1311.00,6037131100,"Census Tract 1311, Los Angeles County, California",0.42541799446,3293,440,1083,93,1027,104,2.6491,0.5422,2.4905,0.4816,0.4822,0.4822,1.7811,0.3072,7.4029,0.457,1651,Low to Medium,11859136.4130859,14177.7720510504
274,131200,1312.00,6037131200,"Census Tract 1312, Los Angeles County, California",0.43568560494,3537,559,1232,131,1211,134,1.6563,0.2572,2.8146,0.6723,0.2952,0.2952,2.2574,0.4965,7.0235,0.409,1652,Low to Medium,12145358.9550781,14480.9908774043
275,131300,1313.00,6037131300,"Census Tract 1313, Los Angeles County, California",0.43166628312,4988,735,1200,99,1157,110,2.8916,0.6141,2.9737,0.7529,0.7312,0.7312,2.1308,0.4456,8.7273,0.6401,1653,Medium to High,12033304.5166016,14396.2257332288
276,131400,1314.00,6037131400,"Census Tract 1314, Los Angeles County, California",0.42746974048,6679,1024,1957,175,1907,175,2.7701,0.578,2.9415,0.7349,0.6091,0.6091,3.2318,0.866,9.5525,0.7434,1654,Medium to High,11916305.2919922,14307.2213231139
277,131600,1316.00,6037131600,"Census Tract 1316, Los Angeles County, California",0.84341742508,4983,938,1438,144,1370,139,3.3993,0.7538,2.7027,0.6044,0.6601,0.6601,1.7975,0.313,8.5596,0.6164,1655,Medium to High,23580778.1865234,19437.3241925475
278,131701,1317.01,6037131701,"Census Tract 1317.01, Los Angeles County, California",0.25469874803,5424,631,1933,295,1933,295,3.5361,0.7916,2.5276,0.5055,0.5994,0.5994,2.5431,0.6179,9.2062,0.7016,1656,Medium to High,7100111.06347656,10658.5007842773
279,131702,1317.02,6037131702,"Census Tract 1317.02, Los Angeles County, California",0.27658185109,3815,672,1305,221,1262,229,2.9396,0.6294,3.0039,0.7673,0.582,0.582,2.493,0.5948,9.0185,0.68,1657,Medium to High,7761381.8671875,11155.236635798
280,131801,1318.01,6037131801,"Census Tract 1318.01, Los Angeles County, California",0.25340800905,3157,481,1159,157,1013,150,3.2834,0.7213,2.4137,0.4388,0.7862,0.7862,3.4276,0.915,9.9109,0.7917,1658,High,7064102.64453125,10634.0758446833
281,131802,1318.02,6037131802,"Census Tract 1318.02, Los Angeles County, California",0.25454430723,3039,659,807,133,762,138,1.6848,0.2652,1.8812,0.1724,0.6478,0.6478,1.2779,0.151,5.4917,0.2004,1659,Low,7095756.59960938,10655.7989989699
282,131900,1319.00,6037131900,"Census Tract 1319, Los Angeles County, California",0.50896622013,4623,720,1429,147,1375,158,2.5141,0.5043,1.8157,0.1488,0.4927,0.4927,0.6212,0.0406,5.4437,0.1947,1660,Low,14188183.7919922,15934.6498012558
283,132001,1320.01,6037132001,"Census Tract 1320.01, Los Angeles County, California",0.37399615789,3473,484,1213,158,1213,158,1.7939,0.2945,3.1789,0.8421,0.4796,0.4796,2.4284,0.5679,7.8808,0.5232,1661,Medium to High,10425781.1064453,13176.7236051981
284,132002,1320.02,6037132002,"Census Tract 1320.02, Los Angeles County, California",0.61784659803,3699,827,1186,177,1155,182,2.1526,0.397,2.5013,0.489,0.5525,0.5525,1.916,0.3582,7.1224,0.4224,1662,Low to Medium,17223434.6816406,21045.8260386477
285,132101,1321.01,6037132101,"Census Tract 1321.01, Los Angeles County, California",0.31294455135,4727,1265,1745,289,1647,297,3.6685,0.8314,2.9106,0.7208,0.6205,0.6205,2.3999,0.5567,9.5995,0.7504,1663,High,8723825.91015625,11887.8822875779
286,132102,1321.02,6037132102,"Census Tract 1321.02, Los Angeles County, California",0.52947286956,5027,622,2161,236,2128,244,3.9897,0.9138,3.3153,0.8944,0.5324,0.5324,3.0824,0.8234,10.9198,0.9061,1664,High,14759855.7871094,18876.3353776075
287,132301,1323.01,6037132301,"Census Tract 1323.01, Los Angeles County, California",0.243630362,4189,852,1525,162,1411,138,3.2162,0.7024,2.8845,0.709,0.7358,0.7358,2.6697,0.6751,9.5062,0.7371,1665,Medium to High,6791553.39941406,13146.9816311404
288,132302,1323.02,6037132302,"Census Tract 1323.02, Los Angeles County, California",0.2500400413,3516,803,995,184,995,184,3.1654,0.6886,2.506,0.4926,0.723,0.723,1.7194,0.2827,8.1138,0.5578,1666,Medium to High,6970277.96289063,13199.8563542593
289,132501,1325.01,6037132501,"Census Tract 1325.01, Los Angeles County, California",0.27046329269,4553,857,1281,155,1209,156,3.6912,0.8381,3.1237,0.8191,0.5654,0.5654,3.0283,0.8077,10.4086,0.8522,1667,High,7585902.84082031,11008.2848046916
290,132502,1325.02,6037132502,"Census Tract 1325.02, Los Angeles County, California",0.23723805729,3358,482,1267,98,1249,103,3.7418,0.8509,3.2645,0.8762,0.3726,0.3726,3.83,0.9776,11.2089,0.9331,1668,High,6724907.02441406,10978.7455439992
291,132700,1327.00,6037132700,"Census Tract 1327, Los Angeles County, California",0.50613145925,4882,714,1758,260,1665,251,3.1714,0.6905,3.2378,0.867,0.5497,0.5497,2.6536,0.6678,9.6125,0.7526,1669,High,14222014.8105469,15692.7242065842
292,132900,1329.00,6037132900,"Census Tract 1329, Los Angeles County, California",0.45746561876,3882,651,1371,162,1304,149,2.5367,0.5107,2.9094,0.7203,0.246,0.246,2.8859,0.7606,8.578,0.6192,1670,Medium to High,12852276.7197266,18197.0142079188
293,133000,1330.00,6037133000,"Census Tract 1330, Los Angeles County, California",0.38501628118,4866,594,1483,242,1451,243,3.4593,0.7723,3.0647,0.7937,0.5708,0.5708,2.3964,0.5553,9.4912,0.7353,1671,Medium to High,10787218.859375,14158.0107359599
294,133101,1331.01,6037133101,"Census Tract 1331.01, Los Angeles County, California",0.25481843965,1782,294,619,73,619,73,1.8792,0.3199,2.5131,0.4972,0.2191,0.2191,1.9318,0.3645,6.5432,0.3396,1672,Low to Medium,7144927.03613281,10976.4377424531
295,133102,1331.02,6037133102,"Census Tract 1331.02, Los Angeles County, California",0.32870562109,3944,640,1467,145,1420,148,3.0606,0.6613,3.4582,0.9337,0.3271,0.3271,3.7202,0.9665,10.5661,0.8691,1673,High,9215566.69238281,12061.6513391845
296,134001,1340.01,6037134001,"Census Tract 1340.01, Los Angeles County, California",0.22444727023,3623,416,963,92,945,89,3.2314,0.7065,2.74,0.626,0.7688,0.7688,2.6618,0.6715,9.402,0.7241,1674,Medium to High,6280335.42382813,12140.6634443204
297,134002,1340.02,6037134002,"Census Tract 1340.02, Los Angeles County, California",0.2860247477,3849,690,1201,145,1156,150,3.413,0.757,3.1598,0.8345,0.6229,0.6229,3.3083,0.8866,10.504,0.8622,1675,High,8110430.30175781,13626.2432118502
298,134101,1341.01,6037134101,"Census Tract 1341.01, Los Angeles County, California",0.41150172007,5455,794,1458,132,1383,147,3.9709,0.909,2.8288,0.68,0.7156,0.7156,2.3629,0.5406,9.8782,0.7875,1676,High,11471199.2783203,13966.1252736074
299,134103,1341.03,6037134103,"Census Tract 1341.03, Los Angeles County, California",0.40190013553,4645,1155,1335,153,1314,145,3.0405,0.6569,3.4543,0.933,0.5934,0.5934,3.3161,0.8883,10.4043,0.8518,1677,High,11307062.9169922,17436.7934762498
300,134104,1341.04,6037134104,"Census Tract 1341.04, Los Angeles County, California",0.25018598786,4502,513,1372,113,1325,112,3.8463,0.8792,2.7547,0.6354,0.729,0.729,3.0109,0.8024,10.3409,0.8445,1678,High,6974297.42773438,10562.5443777477
301,134201,1342.01,6037134201,"Census Tract 1342.01, Los Angeles County, California",0.56348150592,4941,657,1437,247,1384,252,2.8511,0.6019,1.9565,0.2058,0.6054,0.6054,2.1412,0.4492,7.5542,0.4773,1679,Low to Medium,15786890.4873047,16455.9515818481
302,134302,1343.02,6037134302,"Census Tract 1343.02, Los Angeles County, California",0.50179012836,4136,562,1435,195,1403,197,2.7262,0.5653,2.4551,0.4621,0.4533,0.4533,1.9675,0.3788,7.6021,0.4845,1680,Low to Medium,14066048.5566406,15260.7813374037
303,134303,1343.03,6037134303,"Census Tract 1343.03, Los Angeles County, California",0.60646238056,5618,581,1919,232,1898,234,3.3536,0.7409,2.5586,0.5216,0.4372,0.4372,2.2862,0.5085,8.6356,0.6282,1681,Medium to High,17059177.7773438,17236.4565151357
304,134304,1343.04,6037134304,"Census Tract 1343.04, Los Angeles County, California",0.39399469708,2908,293,958,134,938,131,2.7391,0.569,2.2385,0.3474,0.5097,0.5097,2.5312,0.6124,8.0185,0.5438,1682,Medium to High,10983146.1103516,13572.0932467056
305,134305,1343.05,6037134305,"Census Tract 1343.05, Los Angeles County, California",0.13806158096,3961,602,1248,218,1227,220,3.8378,0.8776,2.9069,0.7186,0.8272,0.8272,2.8229,0.7352,10.3948,0.8512,1683,High,3848663.90722656,8097.51908169156
306,134306,1343.06,6037134306,"Census Tract 1343.06, Los Angeles County, California",0.23931760266,4468,623,1488,235,1480,235,3.5747,0.8035,3.0121,0.7713,0.7388,0.7388,3.2227,0.8633,10.5483,0.8667,1684,High,6671301.68359375,10337.9129885415
307,134421,1344.21,6037134421,"Census Tract 1344.21, Los Angeles County, California",0.82416097394,4609,631,1562,212,1537,216,1.665,0.2599,1.8737,0.1702,0.2229,0.2229,0.3026,0.0166,4.0642,0.0592,1685,Low,22974734.4423828,19313.3328802086
308,134422,1344.22,6037134422,"Census Tract 1344.22, Los Angeles County, California",0.90279296285,4681,553,1666,174,1579,198,1.4012,0.1891,2.6519,0.5744,0.2768,0.2768,1.7701,0.3024,6.1,0.2835,1686,Low to Medium,25274199.9130859,25532.2069075201
309,134423,1344.23,6037134423,"Census Tract 1344.23, Los Angeles County, California",0.60258668869,3537,382,1406,253,1373,274,1.8016,0.2972,2.7069,0.607,0.1551,0.1551,2.9238,0.7725,7.5874,0.4831,1687,Low to Medium,16866286.9589844,18426.9533376394
310,134424,1344.24,6037134424,"Census Tract 1344.24, Los Angeles County, California",1.432820661,2947,348,1030,135,1020,136,1.263,0.1552,2.882,0.7081,0.1501,0.1501,0.2232,0.0111,4.5183,0.0966,1688,Low,39941852.4677734,27350.1613914694
311,134520,1345.20,6037134520,"Census Tract 1345.20, Los Angeles County, California",0.3670293334,5761,702,2072,246,1936,246,4.3049,0.9683,2.7835,0.6536,0.7846,0.7846,4.1161,0.9931,11.9891,0.978,1689,High,10410480.7724609,13162.398281199
312,134521,1345.21,6037134521,"Census Tract 1345.21, Los Angeles County, California",0.13582605038,3344,425,774,67,763,69,3.6974,0.8398,2.8659,0.701,0.9457,0.9457,2.7934,0.7243,10.3024,0.8405,1690,High,3786338.21777344,8186.6708308612
313,134522,1345.22,6037134522,"Census Tract 1345.22, Los Angeles County, California",0.23756508568,4574,879,1587,245,1518,231,3.989,0.9136,2.6093,0.5474,0.6229,0.6229,3.1538,0.845,10.375,0.8491,1691,High,6622491.89648438,10276.0442684825
314,134710,1347.10,6037134710,"Census Tract 1347.10, Los Angeles County, California",0.21867041211,5398,666,1684,144,1629,146,4.1341,0.9422,2.8305,0.6807,0.7564,0.7564,3.1588,0.8463,10.8798,0.9025,1692,High,6141778.73242188,9944.81241149783
315,134720,1347.20,6037134720,"Census Tract 1347.20, Los Angeles County, California",0.38206144257,5421,590,1821,199,1798,205,3.4669,0.774,2.2571,0.3554,0.722,0.722,2.677,0.6781,9.123,0.6921,1693,Medium to High,10650527.6259766,13301.314080594
316,134801,1348.01,6037134801,"Census Tract 1348.01, Los Angeles County, California",0.35293197718,3333,562,1137,226,1107,227,2.1621,0.4004,2.6363,0.5645,0.5994,0.5994,1.2722,0.15,6.67,0.3577,1694,Low to Medium,9947561.66503906,13016.0862855096
317,134802,1348.02,6037134802,"Census Tract 1348.02, Los Angeles County, California",0.36491658326,3107,454,914,90,859,102,2.1598,0.3996,2.2056,0.3284,0.5958,0.5958,1.6258,0.2507,6.587,0.3468,1695,Low to Medium,10227080.1796875,12886.2454627449
318,134901,1349.01,6037134901,"Census Tract 1349.01, Los Angeles County, California",0.40661830197,2691,209,1056,68,997,67,2.183,0.406,3.018,0.7735,0.2344,0.2344,1.0035,0.0952,6.4389,0.3247,1696,Low to Medium,11430800.7753906,15182.4449119446
319,134904,1349.04,6037134904,"Census Tract 1349.04, Los Angeles County, California",0.39841324837,4452,1089,1502,180,1403,177,3.7131,0.843,2.4623,0.4645,0.6461,0.6461,3.783,0.9737,10.6045,0.8749,1697,High,11191145.484375,15680.8405837829
320,134905,1349.05,6037134905,"Census Tract 1349.05, Los Angeles County, California",0.99874432917,5074,957,2879,474,2627,439,2.9078,0.6192,1.2214,0.0403,0.3738,0.3738,2.1439,0.4509,6.6469,0.3545,1698,Low to Medium,27841675.5253906,22067.9921877086
321,134906,1349.06,6037134906,"Census Tract 1349.06, Los Angeles County, California",0.066792943286,3042,361,1135,68,1135,68,3.3122,0.7286,1.7283,0.1236,0.6793,0.6793,3.2281,0.8643,8.9479,0.6705,1699,Medium to High,1881279.93652344,7329.32305023833
322,134907,1349.07,6037134907,"Census Tract 1349.07, Los Angeles County, California",0.15115661639,3325,1265,1674,302,1523,355,3.2341,0.7073,0.859,0.0188,0.4138,0.4138,2.3299,0.5278,6.8368,0.3834,1700,Low to Medium,4213747.71972656,9405.29686940213
323,135102,1351.02,6037135102,"Census Tract 1351.02, Los Angeles County, California",0.63833201185,3867,526,1305,132,1252,140,0.8039,0.0581,2.6746,0.5885,0.2241,0.2241,1.8721,0.3422,5.5747,0.2101,1701,Low,17958064.6972656,18952.7252001801
324,135111,1351.11,6037135111,"Census Tract 1351.11, Los Angeles County, California",0.3961398798,4050,1093,1338,233,1265,227,1.7759,0.2894,2.1577,0.3012,0.3641,0.3641,2.4387,0.5729,6.7364,0.3688,1702,Low to Medium,11190476.1425781,13450.5215976556
325,135113,1351.13,6037135113,"Census Tract 1351.13, Los Angeles County, California",0.24849061398,3138,499,1511,179,1306,163,1.785,0.2919,1.7916,0.1413,0.3492,0.3492,2.1664,0.4596,6.0922,0.2829,1703,Low to Medium,6927095.90917969,13080.9626383991
326,135115,1351.15,6037135115,"Census Tract 1351.15, Los Angeles County, California",0.12781481998,3110,419,1896,217,1506,127,2.9653,0.636,1.7505,0.1301,0.3738,0.3738,3.2632,0.8754,8.3528,0.5896,1704,Medium to High,3589811.84082031,8176.14186344179
327,135116,1351.16,6037135116,"Census Tract 1351.16, Los Angeles County, California",0.3607354847,1463,375,1022,338,1022,338,2.938,0.6286,2.8726,0.7043,0.2586,0.2586,1.9603,0.3762,8.0295,0.5456,1705,Medium to High,10079453.1328125,13024.3238488742
328,135201,1352.01,6037135201,"Census Tract 1352.01, Los Angeles County, California",0.59129359129,3013,555,963,129,915,138,2.1038,0.3844,2.993,0.7622,0.2731,0.2731,2.2559,0.4959,7.6258,0.4879,1706,Low to Medium,16487042.0791016,18595.2000683683
329,135202,1352.02,6037135202,"Census Tract 1352.02, Los Angeles County, California",0.68054106859,4618,706,1530,156,1452,162,1.7452,0.2813,1.8682,0.1672,0.2541,0.2541,1.809,0.3165,5.6765,0.2242,1707,Low,18971223.8291016,17817.5533084583
330,135204,1352.04,6037135204,"Census Tract 1352.04, Los Angeles County, California",0.71719643416,5135,829,1644,146,1644,146,2.0383,0.3649,1.8121,0.1486,0.3163,0.3163,1.0199,0.0984,5.1866,0.1639,1708,Low,19993004.3408203,18737.6212809673
331,135205,1352.05,6037135205,"Census Tract 1352.05, Los Angeles County, California",1.0208123751,1938,222,778,82,778,82,1.5493,0.227,2.6375,0.5658,0.0458,0.0458,0.523,0.0329,4.7556,0.1185,1709,Low,28456744.2734375,24915.6957303973
332,137000,1370.00,6037137000,"Census Tract 1370, Los Angeles County, California",1.1608504122,5184,631,1842,256,1783,246,1.8414,0.3075,2.7292,0.6195,0.0889,0.0889,2.1119,0.4365,6.7714,0.3731,1710,Low to Medium,32407951.1669922,32602.3468769619
333,137103,1371.03,6037137103,"Census Tract 1371.03, Los Angeles County, California",0.29332748093,5540,785,2575,269,2411,289,2.4449,0.4835,2.0645,0.2548,0.2076,0.2076,2.431,0.5692,7.148,0.426,1711,Low to Medium,8177038.07617188,11777.6605056842
334,137104,1371.04,6037137104,"Census Tract 1371.04, Los Angeles County, California",0.99025780721,2579,358,1045,89,966,116,1.7429,0.2802,2.2717,0.3623,0.1395,0.1395,0.7868,0.0608,4.9409,0.1371,1712,Low,27605172.1972656,23404.4055803474
335,137202,1372.02,6037137202,"Census Tract 1372.02, Los Angeles County, California",0.33591298712,3281,669,1333,162,1284,180,2.1007,0.3835,1.1713,0.0356,0.2113,0.2113,3.0602,0.8177,6.5435,0.3397,1713,Low to Medium,9364189.26660156,13002.3484876593
336,137203,1372.03,6037137203,"Census Tract 1372.03, Los Angeles County, California",0.43275316025,2609,652,860,69,860,69,1.3842,0.1844,2.8427,0.6884,0.5058,0.5058,3.6713,0.9613,8.404,0.5969,1714,Medium to High,12099806.8574219,14510.4303068001
337,137301,1373.01,6037137301,"Census Tract 1373.01, Los Angeles County, California",0.61827362684,2314,445,815,109,744,118,0.7412,0.0492,1.9782,0.2159,0.1019,0.1019,0.8066,0.0639,3.6279,0.0338,1715,Low,17325461.9248047,20267.8726127063
338,137302,1373.02,6037137302,"Census Tract 1373.02, Los Angeles County, California",0.94474757837,4392,513,1611,175,1578,168,1.3759,0.1821,2.1264,0.2865,0.0518,0.0518,2.2873,0.5092,5.8414,0.2474,1716,Low,26336488.2773438,25068.0516352091
339,137401,1374.01,6037137401,"Census Tract 1374.01, Los Angeles County, California",0.917995343,4091,525,1638,107,1484,123,1.3769,0.1824,2.1834,0.3171,0.116,0.116,1.8148,0.3187,5.4911,0.2003,1717,Low,25590865.9667969,26377.214751617
340,137402,1374.02,6037137402,"Census Tract 1374.02, Los Angeles County, California",1.1900644339,5626,1123,2223,245,2013,271,1.6338,0.2514,2.565,0.5255,0.2004,0.2004,2.5598,0.6258,6.959,0.4008,1718,Low to Medium,33175391.2207031,30889.3711864673
341,137501,1375.01,6037137501,"Census Tract 1375.01, Los Angeles County, California",0.97082027423,5254,950,2142,205,1990,225,2.9123,0.6211,2.3886,0.4248,0.2131,0.2131,2.8433,0.7438,8.3573,0.5904,1719,Medium to High,27063405.6103516,24228.6463786956
342,137502,1375.02,6037137502,"Census Tract 1375.02, Los Angeles County, California",0.80703889464,4337,540,1984,168,1744,189,1.8432,0.3084,2.2331,0.3447,0.2294,0.2294,2.3628,0.5405,6.6685,0.3573,1720,Low to Medium,22497691.046875,19258.4265640422
343,137504,1375.04,6037137504,"Census Tract 1375.04, Los Angeles County, California",1.4816903633,1928,329,714,92,677,90,0.324,0.0057,2.7864,0.655,0.0565,0.0565,0.4399,0.0262,3.6068,0.0331,1721,Low,41305116.3925781,32874.7738747659
344,138000,1380.00,6037138000,"Census Tract 1380, Los Angeles County, California",1.72672382,4766,530,1929,169,1794,173,1.4612,0.2038,2.8401,0.6869,0.1019,0.1019,0,0,4.4032,0.0839,1722,Low,48135943.0859375,31253.1303791812
345,139001,1390.01,6037139001,"Census Tract 1390.01, Los Angeles County, California",0.47868501248,5561,815,2315,268,2261,253,2.1515,0.3965,1.8608,0.1639,0.1295,0.1295,1.9371,0.3671,6.0789,0.281,1723,Low to Medium,13344180.1474609,17734.5721919358
346,139200,1392.00,6037139200,"Census Tract 1392, Los Angeles County, California",0.44480031486,5994,875,2493,255,2257,276,3.1443,0.6829,2.9961,0.7633,0.1438,0.1438,1.5411,0.2217,7.8253,0.5158,1724,Medium to High,12399572.3603516,14017.097083946
347,139301,1393.01,6037139301,"Census Tract 1393.01, Los Angeles County, California",1.106435899,4106,690,1648,180,1459,191,1.5271,0.2204,2.3469,0.4003,0.3075,0.3075,1.6123,0.2453,5.7938,0.2405,1725,Low,30843790.9990234,26908.0938781223
348,139302,1393.02,6037139302,"Census Tract 1393.02, Los Angeles County, California",0.13061405948,5016,698,2032,143,1899,149,3.6408,0.8238,2.6173,0.5518,0.4431,0.4431,3.4306,0.9158,10.1318,0.8191,1726,High,3641075.10058594,7960.59053123008
349,139303,1393.03,6037139303,"Census Tract 1393.03, Los Angeles County, California",0.16045202204,4682,578,2333,329,2222,323,3.5714,0.8023,3.328,0.8985,0.2586,0.2586,3.4369,0.9172,10.5949,0.8733,1727,High,4472901.07421875,9039.50143596545
350,139401,1394.01,6037139401,"Census Tract 1394.01, Los Angeles County, California",0.35029451442,2488,365,1278,150,1193,141,1.8654,0.315,3.2064,0.8555,0.0803,0.0803,2.3519,0.5374,7.504,0.469,1728,Low to Medium,9765085.11132813,12733.7083298454
351,139402,1394.02,6037139402,"Census Tract 1394.02, Los Angeles County, California",0.94359120288,2979,392,1037,99,966,110,0.966,0.0887,2.2243,0.3378,0.0432,0.0432,0.1399,0.0081,3.3734,0.0222,1729,Low,26304322.7099609,28597.9891849559
352,139502,1395.02,6037139502,"Census Tract 1395.02, Los Angeles County, California",0.404460764,3004,375,1205,134,1120,131,1.7948,0.2951,2.1033,0.2723,0.0711,0.0711,2.3919,0.5533,6.3611,0.3155,1730,Low to Medium,11275140.0595703,16958.9414706593
353,139504,1395.04,6037139504,"Census Tract 1395.04, Los Angeles County, California",0.11160896073,4128,556,2006,184,1856,188,3.7977,0.8676,3.0527,0.7883,0.0889,0.0889,2.4045,0.5591,9.3438,0.7175,1731,Medium to High,3111312.44726563,8102.19468090092
354,139505,1395.05,6037139505,"Census Tract 1395.05, Los Angeles County, California",0.065336952644,2965,705,1706,625,1677,625,3.6268,0.82,3.2115,0.8575,0.3186,0.3186,2.1661,0.4594,9.323,0.7151,1732,Medium to High,1821398.8984375,6648.2808540079
355,139506,1395.06,6037139506,"Census Tract 1395.06, Los Angeles County, California",0.070463228898,3416,695,1510,259,1510,259,2.522,0.5066,3.2735,0.881,0.1674,0.1674,1.9487,0.3719,7.9116,0.5284,1733,Medium to High,1964296.140625,6284.29679001823
356,139600,1396.00,6037139600,"Census Tract 1396, Los Angeles County, California",0.95656075516,5241,564,2415,200,2264,200,2.3396,0.454,2.4414,0.4544,0.0961,0.0961,1.9072,0.3549,6.7843,0.3761,1734,Low to Medium,26665920.9003906,20761.2016729151
357,139701,1397.01,6037139701,"Census Tract 1397.01, Los Angeles County, California",1.3113556745,5889,963,2246,272,2040,286,2.026,0.3619,2.1666,0.3066,0.0779,0.0779,2.3541,0.5383,6.6246,0.3517,1735,Low to Medium,36582509.7783203,32947.2954490179
358,139703,1397.03,6037139703,"Census Tract 1397.03, Los Angeles County, California",1.825834659,2747,408,975,85,889,99,1.5939,0.2402,2.3836,0.4211,0.0309,0.0309,1.3239,0.1613,5.3323,0.1799,1736,Low,50898904.8691406,41376.8023175161
359,139704,1397.04,6037139704,"Census Tract 1397.04, Los Angeles County, California",2.2415777095,2620,693,1053,294,954,295,0.5188,0.021,2.6686,0.5843,0.0015,0.0015,0.7988,0.0621,3.9877,0.0539,1737,Low,68360795.9892578,43907.4689228531
360,139705,1397.05,6037139705,"Census Tract 1397.05, Los Angeles County, California",1.1751049119,3820,607,1308,133,1291,135,0.9355,0.0823,2.5176,0.5,0.0078,0.0078,0.586,0.0383,4.0469,0.0576,1738,Low,32758541.3212891,38575.4684431446
361,139801,1398.01,6037139801,"Census Tract 1398.01, Los Angeles County, California",1.4157445278,3478,428,1277,99,1226,113,1.5029,0.214,2.0028,0.2263,0.0628,0.0628,0.1036,0.0063,3.6721,0.0362,1739,Low,39466682.5029297,27776.5995197579
362,139802,1398.02,6037139802,"Census Tract 1398.02, Los Angeles County, California",2.3460403083,4041,531,1458,158,1420,168,0.7518,0.0504,2.3607,0.4083,0.0724,0.0724,0.1196,0.007,3.3045,0.0198,1740,Low,65400730.6728516,46975.2850151621
363,141101,1411.01,6037141101,"Census Tract 1411.01, Los Angeles County, California",0.28446257901,4757,673,2559,217,2215,249,2.5856,0.5246,1.8334,0.1536,0.2552,0.2552,1.6907,0.2725,6.3649,0.3163,1741,Low to Medium,8170710.47851563,11728.9072151566
364,141102,1411.02,6037141102,"Census Tract 1411.02, Los Angeles County, California",0.29590162296,3120,456,1499,157,1434,170,2.409,0.4737,1.315,0.05,0.1519,0.1519,1.8731,0.3425,5.749,0.235,1742,Low,8383648.90527344,15328.3851232666
365,141201,1412.01,6037141201,"Census Tract 1412.01, Los Angeles County, California",0.26761540434,4201,352,2243,238,2160,224,2.1694,0.4021,1.381,0.0574,0.1711,0.1711,2.0267,0.4014,5.7482,0.2348,1743,Low,7545646.49609375,12115.153492718
366,141202,1412.02,6037141202,"Census Tract 1412.02, Los Angeles County, California",0.27033896785,3001,559,1553,164,1456,173,2.3722,0.4638,1.1464,0.0337,0.0813,0.0813,1.7739,0.304,5.3738,0.1848,1744,Low,7536244.17382813,12658.3323464217
367,141303,1413.03,6037141303,"Census Tract 1413.03, Los Angeles County, California",0.10145100321,3436,436,1805,211,1728,214,2.9038,0.6173,2.082,0.2622,0.1953,0.1953,2.0279,0.4018,7.209,0.433,1745,Low to Medium,2828156.85058594,7096.5091277902
368,141304,1413.04,6037141304,"Census Tract 1413.04, Los Angeles County, California",0.27499574407,3185,622,1691,214,1597,217,2.0121,0.356,1.3285,0.0516,0.0426,0.0426,1.9835,0.3842,5.3667,0.1841,1746,Low,7666046.19433594,14136.1390883809
369,141305,1413.05,6037141305,"Census Tract 1413.05, Los Angeles County, California",0.26687563291,2606,410,1477,176,1351,174,1.5592,0.2294,1.3011,0.0485,0.1737,0.1737,1.4101,0.1834,4.4441,0.0889,1747,Low,7439679.34277344,11418.4436842719
370,141306,1413.06,6037141306,"Census Tract 1413.06, Los Angeles County, California",0.23131911363,3240,612,1692,194,1569,220,2.0163,0.3577,0.905,0.0208,0.2351,0.2351,1.8882,0.3487,5.0446,0.1483,1748,Low,6448497.14453125,12450.0875723788
371,141400,1414.00,6037141400,"Census Tract 1414, Los Angeles County, California",0.76540512988,5366,611,2153,183,2035,188,2.0225,0.3602,2.7901,0.6577,0.1282,0.1282,2.6706,0.6753,7.6114,0.4855,1749,Low to Medium,21337124.7148438,19434.998195103
372,141500,1415.00,6037141500,"Census Tract 1415, Los Angeles County, California",1.2645454402,3015,682,1171,185,1080,187,0.3683,0.0086,1.6859,0.1125,0.0379,0.0379,0.977,0.0894,3.0691,0.013,1750,Low,35251880.6005859,31415.4645454244
373,141600,1416.00,6037141600,"Census Tract 1416, Los Angeles County, California",1.5078449128,4198,504,1975,284,1780,289,1.5192,0.2185,1.5323,0.0829,0.1055,0.1055,0.2649,0.0135,3.4219,0.0241,1751,Low,42034369.1679688,37482.0799094236
374,141700,1417.00,6037141700,"Census Tract 1417, Los Angeles County, California",1.2525550426,3342,500,1416,177,1242,156,1.4171,0.1928,1.789,0.1403,0.0236,0.0236,0.183,0.0097,3.4127,0.0236,1752,Low,34917644.265625,31997.5277591458
375,143101,1431.01,6037143101,"Census Tract 1431.01, Los Angeles County, California",0.51065039706,2074,489,1172,186,1093,199,2.235,0.4235,1.9379,0.1962,0.0587,0.0587,2.5897,0.6363,6.8213,0.381,1753,Low to Medium,14733761.9658203,18487.3960526764
376,143102,1431.02,6037143102,"Census Tract 1431.02, Los Angeles County, California",0.15104426071,2139,394,1216,116,1144,138,2.2503,0.4286,0.8172,0.0167,0.2294,0.2294,1.6045,0.2422,4.9014,0.1335,1754,Low,4210680.7890625,8677.41842741655
377,143200,1432.00,6037143200,"Census Tract 1432, Los Angeles County, California",0.36953513538,4351,594,2276,235,2119,261,2.8041,0.5881,0.9641,0.0229,0.2673,0.2673,2.5549,0.6231,6.5904,0.3472,1755,Low to Medium,10301572.9580078,14060.067521745
378,143301,1433.01,6037143301,"Census Tract 1433.01, Los Angeles County, California",0.22407159299,3586,636,1666,180,1587,187,2.1404,0.3934,1.3203,0.0508,0.2351,0.2351,1.6882,0.2715,5.384,0.1863,1756,Low,6246426.56152344,13124.0822363656
379,143302,1433.02,6037143302,"Census Tract 1433.02, Los Angeles County, California",0.39808042845,3104,383,1729,193,1686,167,2.0638,0.3725,1.7057,0.1174,0.1395,0.1395,1.5447,0.2231,5.4537,0.1958,1757,Low,11157767.6171875,16035.8149750744
380,143401,1434.01,6037143401,"Census Tract 1434.01, Los Angeles County, California",0.42824117228,5602,715,2413,301,2342,297,1.6839,0.2648,2.665,0.5823,0.1248,0.1248,2.0665,0.4166,6.5402,0.3392,1758,Low to Medium,11938069.8261719,14981.8998450842
381,143402,1434.02,6037143402,"Census Tract 1434.02, Los Angeles County, California",0.2429936798,1973,513,856,134,812,133,1.4899,0.211,1.9451,0.1994,0.0303,0.0303,1.0066,0.0956,4.4719,0.0913,1759,Low,6976620.25195313,10582.3430893987
382,143500,1435.00,6037143500,"Census Tract 1435, Los Angeles County, California",0.46012508934,5633,809,2546,302,2373,320,2.1552,0.398,1.8333,0.1535,0.0835,0.0835,2.1956,0.472,6.2676,0.3019,1760,Low to Medium,13327076.1669922,18907.6392948725
383,143602,1436.02,6037143602,"Census Tract 1436.02, Los Angeles County, California",0.44275590477,4897,929,2487,410,2298,428,2.4969,0.4989,1.6577,0.1065,0.1376,0.1376,2.6208,0.6525,6.913,0.3953,1761,Low to Medium,13131129.2431641,16670.5459184088
384,143603,1436.03,6037143603,"Census Tract 1436.03, Los Angeles County, California",0.18976565808,2442,316,1486,139,1364,156,1.8335,0.3057,1.149,0.0342,0.1782,0.1782,1.4447,0.1943,4.6054,0.1054,1762,Low,5655785.7265625,13494.0653406023
385,143605,1436.05,6037143605,"Census Tract 1436.05, Los Angeles County, California",0.12125147208,1803,280,1056,84,973,113,2.541,0.5117,0.0413,0.0004,0.299,0.299,2.1499,0.453,5.0312,0.1469,1763,Low,3544582.58789063,8243.70475374713
386,143606,1436.06,6037143606,"Census Tract 1436.06, Los Angeles County, California",0.089149793494,1701,371,1049,174,973,186,2.2089,0.4146,0.2924,0.0033,0.1982,0.1982,1.7402,0.2905,4.4397,0.0884,1764,Low,2619296.70019531,12326.4827842015
387,143700,1437.00,6037143700,"Census Tract 1437, Los Angeles County, California",1.2693280857,3767,547,2105,198,1867,197,1.7628,0.2859,1.2503,0.043,0.1128,0.1128,1.5838,0.2346,4.7097,0.1145,1765,Low,35385350.828125,37368.0936305005
388,143801,1438.01,6037143801,"Census Tract 1438.01, Los Angeles County, California",0.5526667889,3342,644,1412,283,1402,285,1.0484,0.1064,1.7318,0.1248,0.1674,0.1674,1.3295,0.1626,4.2771,0.0733,1766,Low,15406756.2802734,21428.1249401871
389,143802,1438.02,6037143802,"Census Tract 1438.02, Los Angeles County, California",0.44970574077,2501,450,1134,149,1063,175,0.8158,0.0609,2.1604,0.3028,0.1282,0.1282,1.516,0.2137,4.6204,0.1067,1767,Low,12536514.8554688,31513.4254734712
390,143901,1439.01,6037143901,"Census Tract 1439.01, Los Angeles County, California",2.039360648,4363,665,1809,253,1625,264,1.4288,0.1962,2.1752,0.3125,0.0565,0.0565,1.4537,0.1962,5.1142,0.1568,1768,Low,56976916.5097656,42046.8521266008
391,143902,1439.02,6037143902,"Census Tract 1439.02, Los Angeles County, California",0.9739430672,2860,492,1466,176,1353,189,1.8461,0.3093,1.8063,0.1468,0.1702,0.1702,1.6897,0.2718,5.5123,0.2028,1769,Low,27199022.8310547,34224.6936839833
392,181000,1810.00,6037181000,"Census Tract 1810, Los Angeles County, California",1.5860684058,6357,743,2383,273,2315,269,1.7057,0.2697,2.3002,0.376,0.5058,0.5058,1.7549,0.2971,6.2666,0.3017,1770,Low to Medium,44543384.6914063,37799.839552905
393,181300,1813.00,6037181300,"Census Tract 1813, Los Angeles County, California",0.55639344541,3959,534,1401,114,1296,142,1.8007,0.297,2.0843,0.2634,0.4843,0.4843,2.0286,0.4019,6.3979,0.3207,1771,Low to Medium,15510655.4414063,21437.949799137
394,181400,1814.00,6037181400,"Census Tract 1814, Los Angeles County, California",0.33945470077,4797,684,1775,204,1674,199,2.7461,0.5705,2.5601,0.5226,0.613,0.613,3.88,0.9811,9.7992,0.777,1772,High,9463031.484375,14429.0464634907
395,181500,1815.00,6037181500,"Census Tract 1815, Los Angeles County, California",0.4225303376,3934,588,1438,138,1405,140,1.6852,0.2654,2.2803,0.3656,0.4887,0.4887,1.396,0.1792,5.8502,0.2489,1773,Low,11778970.2695313,17895.1986095167
396,181600,1816.00,6037181600,"Census Tract 1816, Los Angeles County, California",0.48264101357,4697,531,1158,217,1079,212,2.2057,0.4135,1.8428,0.1574,0.5573,0.5573,2.9179,0.7711,7.5237,0.4727,1774,Low to Medium,13454684.1074219,17952.9050944182
397,183101,1831.01,6037183101,"Census Tract 1831.01, Los Angeles County, California",0.37372936141,2749,269,1292,89,1173,79,2.2363,0.4242,3.2706,0.8791,0.515,0.515,1.3702,0.1727,7.3921,0.4548,1775,Low to Medium,10418565.6845703,17031.553973705
398,183103,1831.03,6037183103,"Census Tract 1831.03, Los Angeles County, California",0.24699137991,4800,826,1669,271,1652,271,3.4304,0.7628,2.1764,0.3132,0.6341,0.6341,2.2001,0.4741,8.441,0.6012,1776,Medium to High,7081005.55371094,19689.5537872587
399,183104,1831.04,6037183104,"Census Tract 1831.04, Los Angeles County, California",0.25569759391,1985,200,812,61,737,66,2.4234,0.478,2.7596,0.6386,0.5843,0.5843,2.9689,0.7892,8.7362,0.6416,1777,Medium to High,7177217.01464844,16087.0880877278
400,183220,1832.20,6037183220,"Census Tract 1832.20, Los Angeles County, California",0.20665491787,3597,413,1176,165,1115,164,2.7867,0.5831,2.7789,0.6509,0.7107,0.7107,3.0693,0.8197,9.3456,0.7178,1778,Medium to High,5760984.87304688,13315.7455015623
401,183221,1832.21,6037183221,"Census Tract 1832.21, Los Angeles County, California",0.27287951901,3779,748,1184,187,1138,185,3.2598,0.7149,2.1706,0.309,0.7546,0.7546,2.9327,0.7765,9.1177,0.6915,1779,Medium to High,7607138.70605469,12827.5737460207
402,183222,1832.22,6037183222,"Census Tract 1832.22, Los Angeles County, California",0.35856713587,3569,725,1584,280,1530,294,2.0263,0.362,2.5019,0.4894,0.4347,0.4347,1.7813,0.3075,6.7442,0.3699,1780,Low to Medium,9995845.45507813,16899.8414403632
403,183300,1833.00,6037183300,"Census Tract 1833, Los Angeles County, California",0.20899894311,3528,418,1173,181,1119,179,2.8063,0.5886,2.5272,0.5053,0.7075,0.7075,2.5697,0.6292,8.6107,0.6241,1781,Medium to High,5826344.37109375,10264.3216493239
404,183401,1834.01,6037183401,"Census Tract 1834.01, Los Angeles County, California",0.18738765586,2439,392,843,95,818,97,2.4748,0.4931,3.0288,0.7784,0.6565,0.6565,3.4658,0.9238,9.6259,0.7544,1782,High,5223873.28613281,10480.956055476
405,183402,1834.02,6037183402,"Census Tract 1834.02, Los Angeles County, California",0.19824754682,3020,527,1102,133,1080,134,3.0526,0.6597,1.885,0.1746,0.6039,0.6039,3.1243,0.8363,8.6658,0.6326,1783,Medium to High,5526588.30078125,11220.1370045048
406,183510,1835.10,6037183510,"Census Tract 1835.10, Los Angeles County, California",0.19322011268,2535,428,814,95,814,95,2.5906,0.5264,2.8013,0.6647,0.6376,0.6376,1.8519,0.3341,7.8814,0.5233,1784,Medium to High,5386503.6015625,10456.9049521348
407,183520,1835.20,6037183520,"Census Tract 1835.20, Los Angeles County, California",0.16513852811,3676,626,1212,162,1161,168,3.9195,0.8966,2.8011,0.6643,0.8073,0.8073,3.4,0.9092,10.9279,0.9067,1785,High,4603630.95117188,9181.87254041191
408,183610,1836.10,6037183610,"Census Tract 1836.10, Los Angeles County, California",0.14619481959,2919,398,1054,87,977,93,3.6894,0.8375,2.3806,0.4193,0.718,0.718,3.7152,0.9662,10.5032,0.862,1786,High,4075528.43066406,9804.40067433459
409,183620,1836.20,6037183620,"Census Tract 1836.20, Los Angeles County, California",0.19979620194,3038,415,1083,97,1021,113,3.0877,0.6683,2.6249,0.5572,0.6054,0.6054,2.4946,0.5956,8.8126,0.6532,1787,Medium to High,5569786.87792969,9445.37317487014
410,183701,1837.01,6037183701,"Census Tract 1837.01, Los Angeles County, California",0.21269393925,3382,410,1349,123,1316,129,3.3151,0.7298,2.3677,0.4119,0.671,0.671,2.5038,0.6002,8.8576,0.6591,1788,Medium to High,5929404.44628906,12531.3449564882
411,183702,1837.02,6037183702,"Census Tract 1837.02, Los Angeles County, California",0.33297050378,2995,420,1146,115,1128,116,2.4733,0.4927,2.1994,0.325,0.6205,0.6205,2.6834,0.6798,7.9766,0.5374,1789,Medium to High,9605920.26855469,17111.3101744739
412,183810,1838.10,6037183810,"Census Tract 1838.10, Los Angeles County, California",0.17565169947,4130,501,1523,206,1436,212,4.2554,0.9622,2.8332,0.6826,0.7419,0.7419,3.4234,0.9138,11.2539,0.9364,1790,High,4896689.875,10289.0666252479
413,183820,1838.20,6037183820,"Census Tract 1838.20, Los Angeles County, California",0.11917154061,3452,638,1239,213,1224,213,3.7931,0.8664,1.8663,0.166,0.8131,0.8131,2.6321,0.6572,9.1046,0.6897,1791,Medium to High,3322202.84667969,10487.5727045839
414,185101,1851.01,6037185101,"Census Tract 1851.01, Los Angeles County, California",0.31471637342,2869,419,1025,91,974,112,2.8403,0.5981,1.9303,0.1924,0.5513,0.5513,2.8711,0.7556,8.193,0.5696,1792,Medium to High,8773447.39355469,18663.5971410679
415,185102,1851.02,6037185102,"Census Tract 1851.02, Los Angeles County, California",0.56484290157,3459,976,1536,407,1436,407,1.8034,0.2977,1.147,0.0338,0.2638,0.2638,1.7803,0.3069,4.9945,0.1436,1793,Low,15746381.4853516,27682.7302030102
416,185202,1852.02,6037185202,"Census Tract 1852.02, Los Angeles County, California",0.46553746717,4162,886,1561,252,1501,252,2.4931,0.4973,2.6873,0.5947,0.4422,0.4422,1.7778,0.3058,7.4004,0.4566,1794,Low to Medium,12978068.8486328,17415.3512103764
417,185203,1852.03,6037185203,"Census Tract 1852.03, Los Angeles County, California",0.21162443671,2862,393,961,100,891,101,3.2113,0.7006,1.709,0.1183,0.7688,0.7688,2.8756,0.7569,8.5647,0.6172,1795,Medium to High,5899570.43457031,11949.3508202529
418,185204,1852.04,6037185204,"Census Tract 1852.04, Los Angeles County, California",0.37206371738,1923,200,757,100,730,102,2.1116,0.3869,2.7227,0.6161,0.5664,0.5664,1.3307,0.1632,6.7314,0.3678,1796,Low to Medium,10372194.6445313,17362.7070074457
419,185310,1853.10,6037185310,"Census Tract 1853.10, Los Angeles County, California",0.16258098847,3180,425,942,127,907,129,3.3872,0.7501,3.1978,0.8519,0.8833,0.8833,2.0078,0.3939,9.4761,0.7333,1797,Medium to High,4532369.890625,12164.1790826459
420,185320,1853.20,6037185320,"Census Tract 1853.20, Los Angeles County, California",0.21473526052,2957,382,951,128,895,131,3.7346,0.8486,3.0673,0.7946,0.7927,0.7927,3.4136,0.912,11.0082,0.9149,1798,High,5986319.31054688,12738.947774699
421,186100,1861.00,6037186100,"Census Tract 1861, Los Angeles County, California",0.52010757945,4929,535,1930,165,1874,172,2.0363,0.3639,1.6607,0.1077,0.5247,0.5247,1.3436,0.1659,5.5653,0.2084,1799,Low,14499171.9052734,21970.2463285177
422,186201,1862.01,6037186201,"Census Tract 1862.01, Los Angeles County, California",0.20155296604,3608,964,1384,213,1278,231,2.1549,0.3978,2.9366,0.733,0.733,0.733,2.6001,0.6416,8.4246,0.5994,1800,Medium to High,5618755.44628906,12105.6487361623
423,186202,1862.02,6037186202,"Census Tract 1862.02, Los Angeles County, California",0.15762923032,1920,403,739,83,657,96,2.2108,0.4154,1.7515,0.1302,0.6163,0.6163,2.096,0.4291,6.6746,0.3588,1801,Low to Medium,4394286.67871094,11049.8744788224
424,186203,1862.03,6037186203,"Census Tract 1862.03, Los Angeles County, California",0.3253673832,3113,406,1090,82,1082,82,1.9659,0.3428,2.4778,0.4744,0.4807,0.4807,1.3603,0.1699,6.2847,0.304,1802,Low to Medium,9070402.67480469,15825.6853726415
425,186301,1863.01,6037186301,"Census Tract 1863.01, Los Angeles County, California",0.44807252931,2749,320,899,69,833,74,3.6895,0.8376,2.7509,0.6329,0.6989,0.6989,2.3639,0.5414,9.5032,0.7367,1803,Medium to High,12491036.3857422,17918.9490824223
426,186302,1863.02,6037186302,"Census Tract 1863.02, Los Angeles County, California",0.65068225652,5282,662,2062,195,1915,216,2.9328,0.6265,1.9662,0.2091,0.5077,0.5077,1.9901,0.3872,7.3968,0.4557,1804,Low to Medium,18139341.7753906,17905.2193543656
427,186401,1864.01,6037186401,"Census Tract 1864.01, Los Angeles County, California",0.37201429633,3198,429,969,63,926,71,3.7703,0.859,3.3769,0.9136,0.91,0.91,2.7155,0.695,10.7727,0.8938,1805,High,10370782.4453125,17895.7020932891
428,186403,1864.03,6037186403,"Census Tract 1864.03, Los Angeles County, California",0.21067269528,2809,456,859,82,826,83,2.9053,0.6182,3.294,0.8869,0.8095,0.8095,3.3723,0.9018,10.3811,0.8494,1806,High,5872994.31640625,11992.5629375342
429,186404,1864.04,6037186404,"Census Tract 1864.04, Los Angeles County, California",0.1548844312,2809,434,825,72,771,77,3.5263,0.789,3.1097,0.8123,0.7388,0.7388,3.059,0.8171,10.4338,0.8546,1807,High,4317771.04492188,8867.00099955054
430,187101,1871.01,6037187101,"Census Tract 1871.01, Los Angeles County, California",0.29362941269,3213,376,1334,155,1217,161,2.2293,0.4214,2.7832,0.6532,0.495,0.495,2.1056,0.4338,7.6131,0.486,1808,Low to Medium,8483179.29980469,12910.6073876595
431,187102,1871.02,6037187102,"Census Tract 1871.02, Los Angeles County, California",0.75449967889,4376,740,1637,237,1631,237,3.6189,0.817,2.9509,0.7404,0.6998,0.6998,3.1726,0.8492,10.4422,0.856,1809,High,23579786.2675781,38378.6991937068
432,187200,1872.00,6037187200,"Census Tract 1872, Los Angeles County, California",0.35456171372,3324,438,1099,179,1047,176,2.8754,0.6093,1.7606,0.1321,0.718,0.718,2.5423,0.6169,7.8963,0.5257,1810,Medium to High,10239846.9238281,15559.6561392198
433,187300,1873.00,6037187300,"Census Tract 1873, Los Angeles County, California",0.45129300609,3715,473,1703,194,1593,180,2.6163,0.5337,1.0577,0.0289,0.2449,0.2449,1.2075,0.136,5.1264,0.1586,1811,Low,12580918.2958984,19454.9128908917
434,188100,1881.00,6037188100,"Census Tract 1881, Los Angeles County, California",0.80763040291,3960,487,2028,313,1909,303,3.0582,0.6608,2.1245,0.2854,0.549,0.549,2.678,0.6784,8.4097,0.5976,1812,Medium to High,22692976.7773438,25959.5356529247
435,188201,1882.01,6037188201,"Census Tract 1882.01, Los Angeles County, California",0.29078847418,3262,333,1961,133,1706,142,2.4175,0.4759,1.1812,0.0361,0.2131,0.2131,2.0013,0.3918,5.8131,0.2428,1813,Low,8354825.63183594,17041.6062032653
436,188202,1882.02,6037188202,"Census Tract 1882.02, Los Angeles County, California",0.29333134195,2887,550,1338,144,1263,154,1.3852,0.1848,1.4009,0.0602,0.253,0.253,1.1746,0.1294,4.2137,0.0696,1814,Low,8177322.12304688,11794.8835918162
437,188300,1883.00,6037188300,"Census Tract 1883, Los Angeles County, California",0.34967713732,3822,706,1501,146,1386,161,1.7735,0.289,2.0534,0.2504,0.4769,0.4769,2.0156,0.3969,6.3194,0.3092,1815,Low to Medium,9933262.07421875,12689.0294094181
438,189101,1891.01,6037189101,"Census Tract 1891.01, Los Angeles County, California",0.15259986566,2600,243,1453,120,1253,109,1.8278,0.3042,1.2652,0.0441,0.1948,0.1948,1.9642,0.3776,5.252,0.1707,1816,Low,4254115.40332031,8256.53744050161
439,189102,1891.02,6037189102,"Census Tract 1891.02, Los Angeles County, California",0.24256085946,3960,505,2064,171,1960,180,2.2948,0.4422,1.0485,0.0283,0.1849,0.1849,2.0975,0.4299,5.6257,0.2173,1817,Low,6761960.41699219,12162.0144290586
440,189201,1892.01,6037189201,"Census Tract 1892.01, Los Angeles County, California",0.1257541936,3088,353,1962,136,1799,145,3.1731,0.6909,2.1115,0.2763,0.1841,0.1841,2.1787,0.4649,7.6474,0.4899,1818,Low to Medium,3505709.45605469,7950.84190482215
441,189202,1892.02,6037189202,"Census Tract 1892.02, Los Angeles County, California",0.39946421802,2781,488,1474,194,1261,200,1.7719,0.2885,1.3589,0.0547,0.1567,0.1567,1.3481,0.1669,4.6356,0.1083,1819,Low,11136029.9873047,17379.2878964413
442,189300,1893.00,6037189300,"Census Tract 1893, Los Angeles County, California",0.73358144474,3212,382,1560,229,1472,246,1.9689,0.3436,1.7018,0.1165,0.0711,0.0711,1.6962,0.2744,5.438,0.1937,1820,Low,20450347.984375,25805.7447185878
443,189400,1894.00,6037189400,"Census Tract 1894, Los Angeles County, California",0.55862125395,3145,547,2039,197,1531,192,1.1299,0.1236,1.374,0.0567,0.1084,0.1084,1.3497,0.1678,3.962,0.0513,1821,Low,15572866.7939453,29227.4157560926
444,189501,1895.01,6037189501,"Census Tract 1895.01, Los Angeles County, California",0.1324144531,2179,404,1654,296,1394,290,2.8139,0.5909,0.5871,0.0084,0.0803,0.0803,1.685,0.2704,5.1663,0.1622,1822,Low,3691369.70117188,9296.86458547381
445,189502,1895.02,6037189502,"Census Tract 1895.02, Los Angeles County, California",0.096254070294,2049,296,1508,134,1331,156,3.2936,0.7239,1.04,0.0278,0.2889,0.2889,2.8269,0.7376,7.4494,0.4625,1823,Low to Medium,2683324.51660156,7299.36695588077
446,189600,1896.00,6037189600,"Census Tract 1896, Los Angeles County, California",0.41337778969,3825,522,2296,246,1985,220,2.6277,0.5365,0.9528,0.0223,0.1711,0.1711,2.5786,0.6326,6.3302,0.3111,1824,Low to Medium,11523874.0087891,20188.0454218713
447,189702,1897.02,6037189702,"Census Tract 1897.02, Los Angeles County, California",0.56316297177,2436,452,1706,217,1392,218,2.2887,0.4402,1.583,0.0926,0.0635,0.0635,2.6919,0.6836,6.6271,0.352,1825,Low to Medium,15699524.8515625,23121.728291315
448,189703,1897.03,6037189703,"Census Tract 1897.03, Los Angeles County, California",1.1761257656,1880,400,1244,148,1028,170,1.5201,0.2189,1.102,0.0309,0.19,0.19,1.8482,0.3323,4.6603,0.1098,1826,Low,36424459.5439453,43353.9644357707
449,189704,1897.04,6037189704,"Census Tract 1897.04, Los Angeles County, California",0.36746022324,1471,391,1388,192,752,183,1.3828,0.1841,3.199,0.8524,0.0763,0.0763,1.2322,0.1409,5.8903,0.2551,1827,Low to Medium,10477813.7617188,25872.9266492986
450,189801,1898.01,6037189801,"Census Tract 1898.01, Los Angeles County, California",0.15858714938,1839,332,1663,216,1248,250,1.8583,0.313,1.3684,0.0561,0.0432,0.0432,2.6858,0.6806,5.9557,0.2651,1828,Low to Medium,4421018.98828125,10113.9342739878
451,189802,1898.02,6037189802,"Census Tract 1898.02, Los Angeles County, California",0.1231661519,2158,472,1192,188,1192,188,2.9875,0.6417,1.5903,0.0943,0.1646,0.1646,3.2955,0.8833,8.0379,0.5468,1829,Medium to High,3433588.16308594,7873.14634626519
452,189903,1899.03,6037189903,"Census Tract 1899.03, Los Angeles County, California",0.032420212736,2182,277,1722,205,1606,203,3.0214,0.6507,1.5184,0.0797,0.1347,0.1347,2.1752,0.4629,6.8497,0.3857,1830,Low to Medium,903792.735351563,4148.74618009788
453,189904,1899.04,6037189904,"Census Tract 1899.04, Los Angeles County, California",0.0616218792,2382,369,1680,159,1503,184,3.2666,0.7165,1.2532,0.0431,0.2432,0.2432,2.9089,0.7683,7.6719,0.4939,1831,Low to Medium,1717859.99707031,5282.07905679028
454,189905,1899.05,6037189905,"Census Tract 1899.05, Los Angeles County, California",0.099755629332,2615,630,1519,161,1426,161,1.8802,0.3202,1.7269,0.1233,0.1862,0.1862,3.1365,0.8397,6.9298,0.3973,1832,Low to Medium,2780937.6640625,6976.50622786965
455,189906,1899.06,6037189906,"Census Tract 1899.06, Los Angeles County, California",0.078292219152,2634,301,1568,180,1422,169,3.0094,0.647,0.767,0.015,0.0724,0.0724,2.0796,0.4223,5.9284,0.2606,1833,Low to Medium,2182591.84960938,5943.37463386567
456,189907,1899.07,6037189907,"Census Tract 1899.07, Los Angeles County, California",0.062646207806,2418,769,1529,156,1417,179,2.4551,0.4871,0.831,0.0177,0.2449,0.2449,2.2112,0.4779,5.7422,0.2342,1834,Low,1746429.87402344,5286.48505853323
457,190101,1901.01,6037190101,"Census Tract 1901.01, Los Angeles County, California",0.08662970574,1653,346,1579,275,1245,306,3.6676,0.831,1.2142,0.0394,0.4672,0.4672,3.2311,0.8655,8.5801,0.6195,1835,Medium to High,2415023.44726563,6832.13017689012
458,190102,1901.02,6037190102,"Census Tract 1901.02, Los Angeles County, California",0.14526431377,2716,614,1640,303,1465,287,3.3445,0.7378,1.3517,0.0537,0.2844,0.2844,2.7635,0.7142,7.7441,0.5051,1836,Medium to High,4049647.99414063,8766.92723050288
459,190201,1902.01,6037190201,"Census Tract 1902.01, Los Angeles County, California",0.087588010904,2895,566,1750,224,1387,203,4.1034,0.9361,1.8875,0.1759,0.5014,0.5014,3.7098,0.9656,10.2021,0.8282,1837,High,2441732.82226563,6951.86166664776
460,190202,1902.02,6037190202,"Census Tract 1902.02, Los Angeles County, California",0.081612696352,3256,446,2685,304,2286,321,3.4235,0.7613,1.8504,0.1602,0.4311,0.4311,2.0898,0.4263,7.7948,0.5108,1838,Medium to High,2275158.77050781,6643.15470367504
461,190302,1903.02,6037190302,"Census Tract 1903.02, Los Angeles County, California",0.09260077317,2985,621,1416,222,1256,205,3.7001,0.8404,2.3852,0.4228,0.3954,0.3954,3.6785,0.9622,10.1592,0.8228,1839,High,2581477.37304688,9434.62482771577
462,190303,1903.03,6037190303,"Census Tract 1903.03, Los Angeles County, California",0.063137715652,2850,517,1899,371,1754,385,4.3206,0.9705,2.4153,0.4402,0.3194,0.3194,3.2643,0.8758,10.3196,0.8425,1840,High,1760119.24804688,5299.29128149131
463,190401,1904.01,6037190401,"Census Tract 1904.01, Los Angeles County, California",0.064451620758,2996,585,1867,178,1705,172,3.8519,0.8812,2.7177,0.613,0.3226,0.3226,3.2242,0.8636,10.1164,0.8179,1841,High,1796752.67578125,5352.448943439
464,190402,1904.02,6037190402,"Census Tract 1904.02, Los Angeles County, California",0.060674384892,2070,210,1328,98,1222,89,2.7042,0.5598,2.5016,0.4891,0.2602,0.2602,2.6722,0.6761,8.1382,0.5613,1842,Medium to High,1691439.60546875,5221.39163021909
465,190510,1905.10,6037190510,"Census Tract 1905.10, Los Angeles County, California",0.12293217409,3815,600,2014,175,1591,155,4.0077,0.9179,1.7153,0.1205,0.5188,0.5188,3.5721,0.9463,9.8139,0.7793,1843,High,3427014.7734375,7981.11783118573
466,190520,1905.20,6037190520,"Census Tract 1905.20, Los Angeles County, California",0.09419344392,4144,665,1647,140,1556,155,3.8988,0.8929,2.3398,0.3963,0.5123,0.5123,3.3812,0.9036,10.1321,0.8192,1844,High,2625881.61425781,6612.05771196989
467,190701,1907.01,6037190701,"Census Tract 1907.01, Los Angeles County, California",0.17085283771,1693,411,1191,156,929,155,3.2244,0.7042,3.3182,0.8956,0.4133,0.4133,3.5123,0.9344,10.4682,0.858,1845,High,4762957.71875,9891.61421202992
468,190702,1907.02,6037190702,"Census Tract 1907.02, Los Angeles County, California",0.077223102714,1127,254,931,127,749,133,2.3939,0.4697,1.4217,0.0638,0.3511,0.3511,2.1277,0.4439,6.2944,0.3057,1846,Low to Medium,2152792.97558594,5909.32843017028
469,190801,1908.01,6037190801,"Census Tract 1908.01, Los Angeles County, California",0.12517156569,2663,595,1417,158,1217,168,4.0746,0.9314,3.2191,0.8604,0.4629,0.4629,3.7277,0.9682,11.4843,0.9515,1847,High,3489474.25390625,7925.32966220571
470,190802,1908.02,6037190802,"Census Tract 1908.02, Los Angeles County, California",0.18793785121,3071,477,1641,225,1419,223,3.9282,0.898,2.3266,0.3897,0.4831,0.4831,3.3593,0.8983,10.0972,0.8153,1848,High,5239268.64746094,9249.70040599808
471,190901,1909.01,6037190901,"Census Tract 1909.01, Los Angeles County, California",0.1892668143,4361,597,1572,136,1336,135,4.0981,0.9348,2.118,0.2813,0.7674,0.7674,4.5112,0.9998,11.4947,0.9519,1849,High,5276300.59277344,9290.82274904745
472,190902,1909.02,6037190902,"Census Tract 1909.02, Los Angeles County, California",0.18802819908,3793,591,1755,192,1573,198,3.6266,0.8199,2.6016,0.5429,0.5573,0.5573,3.3448,0.8946,10.1303,0.819,1850,High,5241761.85253906,9257.05688477667
473,191000,1910.00,6037191000,"Census Tract 1910, Los Angeles County, California",0.25046591181,4817,764,4132,486,2811,514,3.6592,0.8285,1.0046,0.026,0.4707,0.4707,3.3433,0.8943,8.4778,0.6056,1851,Medium to High,6982346.08789063,11184.1566866414
474,191110,1911.10,6037191110,"Census Tract 1911.10, Los Angeles County, California",0.1053097066,3634,660,1251,204,1093,224,3.5595,0.7993,2.354,0.405,0.3173,0.3173,3.758,0.9704,9.9888,0.7998,1852,High,2935770.34960938,7507.32333466277
475,191120,1911.20,6037191120,"Census Tract 1911.20, Los Angeles County, California",0.14658709922,3732,551,1763,247,1637,256,4.3172,0.9699,2.7305,0.6202,0.5228,0.5228,4.363,0.9986,11.9335,0.9762,1853,High,4086485.78417969,8373.03215429788
476,191201,1912.01,6037191201,"Census Tract 1912.01, Los Angeles County, California",0.22096154138,5088,983,1934,202,1732,198,4.0459,0.9262,2.4804,0.4757,0.4232,0.4232,3.7038,0.965,10.6533,0.8812,1854,High,6159853.67089844,9951.82100823238
477,191203,1912.03,6037191203,"Census Tract 1912.03, Los Angeles County, California",0.079231219216,2287,452,1176,108,1056,109,4.303,0.968,3.1747,0.8406,0.7087,0.7087,3.2911,0.8824,11.4775,0.9509,1855,High,2208777.33496094,5985.14698302085
478,191204,1912.04,6037191204,"Census Tract 1912.04, Los Angeles County, California",0.07763932067,1703,213,855,68,790,71,3.2499,0.7124,2.9542,0.7421,0.5719,0.5719,3.4053,0.9102,10.1813,0.8256,1856,High,2164407.54296875,5918.99761391808
479,191301,1913.01,6037191301,"Census Tract 1913.01, Los Angeles County, California",0.10561241057,2320,448,1010,122,952,127,2.6859,0.5545,2.7211,0.6152,0.6902,0.6902,3.1023,0.8293,9.1995,0.7013,1857,Medium to High,2944230.53222656,8542.86419282967
480,191302,1913.02,6037191302,"Census Tract 1913.02, Los Angeles County, California",0.16311921465,1873,246,994,92,824,88,3.5619,0.7998,1.3563,0.0543,0.6282,0.6282,3.5217,0.9359,9.0681,0.6858,1858,Medium to High,4547375.21386719,9355.99882223093
481,191410,1914.10,6037191410,"Census Tract 1914.10, Los Angeles County, California",0.12022637127,3841,418,1617,84,1460,110,3.9626,0.9069,2.696,0.6001,0.723,0.723,3.8042,0.9756,11.1858,0.9302,1859,High,3351636.21386719,7438.63777728712
482,191420,1914.20,6037191420,"Census Tract 1914.20, Los Angeles County, California",0.087713880156,3698,1211,1188,133,1151,138,3.2152,0.7019,1.5134,0.079,0.7133,0.7133,3.1408,0.8408,8.5827,0.62,1860,Medium to High,2445268.56542969,6614.97353310244
483,191500,1915.00,6037191500,"Census Tract 1915, Los Angeles County, California",0.24763964517,5928,800,1928,180,1830,203,3.9782,0.9109,2.465,0.466,0.652,0.652,3.4562,0.9211,10.5514,0.8672,1861,High,6903622.40234375,10328.4442932073
484,191610,1916.10,6037191610,"Census Tract 1916.10, Los Angeles County, California",0.16136167835,4016,606,1508,105,1348,142,3.7723,0.8596,2.4887,0.4803,0.6781,0.6781,3.6027,0.951,10.5418,0.8655,1862,High,4498406.6796875,9410.99859297722
485,191620,1916.20,6037191620,"Census Tract 1916.20, Los Angeles County, California",0.0883594427,2600,670,1205,160,1080,175,4.3931,0.9792,3.4819,0.94,0.758,0.758,3.647,0.9581,12.28,0.9883,1863,High,2463246.37695313,7019.86987592721
486,191710,1917.10,6037191710,"Census Tract 1917.10, Los Angeles County, California",0.27232005721,2632,523,1432,201,1206,202,4.4794,0.9873,2.4023,0.433,0.7107,0.7107,2.8311,0.7391,10.4235,0.8537,1864,High,7627441.77148438,13209.0297784507
487,191720,1917.20,6037191720,"Census Tract 1917.20, Los Angeles County, California",0.10205718335,3266,529,1431,178,1254,181,4.0211,0.9204,2.4601,0.4638,0.7943,0.7943,2.9227,0.7722,10.1982,0.8278,1865,High,2845123.18359375,6946.31644524517
488,191810,1918.10,6037191810,"Census Tract 1918.10, Los Angeles County, California",0.15608018909,3188,477,1284,124,1190,142,4.3744,0.9767,1.5701,0.0902,0.7242,0.7242,2.6112,0.6477,9.2799,0.7109,1866,Medium to High,4351163.39160156,9234.50026367202
489,191820,1918.20,6037191820,"Census Tract 1918.20, Los Angeles County, California",0.15626899297,3615,688,1985,282,1754,332,3.2785,0.72,1.1523,0.0343,0.4796,0.4796,2.7733,0.7177,7.6837,0.496,1867,Low to Medium,4356427.20898438,9240.10092947083
490,191901,1919.01,6037191901,"Census Tract 1919.01, Los Angeles County, California",0.29852055283,3404,653,2118,288,1885,275,3.4762,0.7761,1.1092,0.0316,0.2863,0.2863,2.4628,0.5824,7.3345,0.448,1868,Low to Medium,8322072.65917969,11883.4394395831
491,191902,1919.02,6037191902,"Census Tract 1919.02, Los Angeles County, California",0.2804262687,2777,282,1727,204,1476,177,1.4483,0.2009,1.0765,0.03,0.0458,0.0458,1.5888,0.2363,4.1594,0.0667,1869,Low,7817628.45117188,11569.8120312783
492,192001,1920.01,6037192001,"Census Tract 1920.01, Los Angeles County, California",0.20493483346,2209,341,1304,150,1075,154,2.4111,0.4746,2.576,0.5306,0.1939,0.1939,3.1807,0.8514,8.3617,0.591,1870,Medium to High,5713104.82910156,11592.717776373
493,192002,1920.02,6037192002,"Census Tract 1920.02, Los Angeles County, California",0.33140138525,2684,399,1498,175,1339,187,2.1736,0.4035,1.6612,0.1078,0.07,0.07,1.827,0.3232,5.7318,0.2321,1871,Low,9238710.08007813,12815.3562768161
494,192300,1923.00,6037192300,"Census Tract 1923, Los Angeles County, California",0.33957400629,2428,453,1746,194,1334,221,2.8115,0.5904,1.2161,0.0395,0.2388,0.2388,1.8752,0.3433,6.1416,0.289,1872,Low to Medium,9466568.27929688,12502.5058841204
495,192410,1924.10,6037192410,"Census Tract 1924.10, Los Angeles County, California",0.2640547717,4008,770,2002,252,1812,253,2.1689,0.402,1.3414,0.0528,0.2768,0.2768,1.7186,0.2821,5.5057,0.2025,1873,Low,7361268.921875,10853.9414345495
496,192420,1924.20,6037192420,"Census Tract 1924.20, Los Angeles County, California",0.12544647031,3949,545,1439,156,1371,164,3.1449,0.6832,1.8867,0.1755,0.7546,0.7546,2.7733,0.7177,8.5595,0.6163,1874,Medium to High,3497148.74707031,7935.45454484834
497,192510,1925.10,6037192510,"Census Tract 1925.10, Los Angeles County, California",0.13156309819,3981,640,1293,163,1267,168,3.7133,0.8432,2.1793,0.3148,0.878,0.878,3.7237,0.9673,10.4943,0.8612,1875,High,3667687.06152344,8117.77867414768
498,192520,1925.20,6037192520,"Census Tract 1925.20, Los Angeles County, California",0.11884335391,5445,626,1775,184,1638,195,4.4266,0.9829,2.6278,0.5593,0.8696,0.8696,2.7242,0.6983,10.6482,0.8803,1876,High,3313098.5,7806.68124676351
499,192610,1926.10,6037192610,"Census Tract 1926.10, Los Angeles County, California",0.16038985962,3756,660,1706,244,1433,252,4.2822,0.9646,2.2537,0.354,0.6653,0.6653,3.4055,0.9103,10.6067,0.8754,1877,High,4471291.14355469,9148.65687396613
500,192620,1926.20,6037192620,"Census Tract 1926.20, Los Angeles County, California",0.09403900312,3658,469,1310,121,1200,131,4.3716,0.9764,2.0264,0.2378,0.9253,0.9253,3.6019,0.9507,10.9252,0.9063,1878,High,2621589.80859375,7268.93645380648
501,192700,1927.00,6037192700,"Census Tract 1927, Los Angeles County, California",0.20510162952,3689,608,1255,162,1101,188,3.3899,0.7512,2.7752,0.6486,0.7523,0.7523,3.5863,0.9486,10.5037,0.8621,1879,High,5717757.34472656,9614.05432194863
502,194101,1941.01,6037194101,"Census Tract 1941.01, Los Angeles County, California",0.98176240491,3463,585,2117,257,1767,253,2.4066,0.4725,1.6944,0.1153,0.1395,0.1395,2.0177,0.3976,6.2582,0.3006,1880,Low to Medium,27368995.7080078,33899.9523158656
503,194102,1941.02,6037194102,"Census Tract 1941.02, Los Angeles County, California",1.3515581591,2782,374,1701,157,1403,150,2.3309,0.4513,1.7999,0.1434,0.1215,0.1215,1.0268,0.0993,5.2791,0.1741,1881,Low,37710234.8769531,38288.1554985387
504,194200,1942.00,6037194200,"Census Tract 1942, Los Angeles County, California",1.005106904,3504,753,2008,349,1529,365,1.6391,0.2531,1.5018,0.0765,0.0955,0.0955,0.7318,0.053,3.9682,0.0524,1882,Low,28019872.2148438,29548.083770113
505,194300,1943.00,6037194300,"Census Tract 1943, Los Angeles County, California",0.95409394949,3022,548,1737,217,1389,202,0.5087,0.0201,1.3844,0.058,0.0289,0.0289,0.6479,0.0429,2.5699,0.0032,1883,Low,26597779.0654297,35303.6369727197
506,194401,1944.01,6037194401,"Census Tract 1944.01, Los Angeles County, California",0.17983009532,2571,411,1538,222,1406,226,2.4278,0.479,1.44,0.0662,0.1953,0.1953,2.7155,0.695,6.7786,0.3749,1884,Low to Medium,5013242.0078125,9747.51861095723
507,194402,1944.02,6037194402,"Census Tract 1944.02, Los Angeles County, California",0.22747778483,3362,395,2322,293,2096,256,2.3252,0.4499,1.1635,0.035,0.0447,0.0447,2.0391,0.4063,5.5725,0.2098,1885,Low,6341559.93847656,14496.2936289992
508,194500,1945.00,6037194500,"Census Tract 1945, Los Angeles County, California",0.26461153078,2070,243,1162,122,995,129,1.3998,0.1887,1.8558,0.1621,0.1391,0.1391,2.4344,0.5705,5.8291,0.2453,1886,Low,7376766.36230469,14978.227816105
509,195100,1951.00,6037195100,"Census Tract 1951, Los Angeles County, California",0.6047519487,5193,598,2407,298,2208,303,1.2879,0.1621,1.5369,0.0838,0.2241,0.2241,2.889,0.7621,5.9379,0.2617,1887,Low to Medium,20400873.4345703,21728.6769876498
510,195201,1952.01,6037195201,"Census Tract 1952.01, Los Angeles County, California",0.23197934805,3013,340,1652,143,1604,145,1.5796,0.2364,1.4825,0.0731,0.19,0.19,1.5733,0.2304,4.8254,0.1257,1888,Low,6466990.20800781,13793.8573232493
511,195202,1952.02,6037195202,"Census Tract 1952.02, Los Angeles County, California",0.33899099227,3252,421,1555,123,1424,157,1.4212,0.194,1.2747,0.0458,0.2024,0.2024,1.0163,0.0977,3.9146,0.0492,1889,Low,9450220.00195313,14520.0943252432
512,195300,1953.00,6037195300,"Census Tract 1953, Los Angeles County, California",0.2240739096,2798,360,1558,158,1387,170,2.7471,0.5707,1.2595,0.0435,0.2602,0.2602,2.6891,0.6827,6.9559,0.4,1890,Low to Medium,6246653.32128906,11071.7029681309
513,195400,1954.00,6037195400,"Census Tract 1954, Los Angeles County, California",0.39781826519,4359,617,2460,249,2236,274,1.8301,0.3049,1.2096,0.0392,0.3018,0.3018,3.39,0.9061,6.7315,0.3679,1891,Low to Medium,11090253.8085938,17054.0232357063
514,195500,1955.00,6037195500,"Census Tract 1955, Los Angeles County, California",0.46919578362,5528,727,2608,306,2506,329,1.9053,0.3283,1.9621,0.2078,0.3534,0.3534,2.134,0.4464,6.3548,0.3141,1892,Low to Medium,13080072.1933594,19969.4341670291
515,195600,1956.00,6037195600,"Census Tract 1956, Los Angeles County, California",0.20370085147,2775,505,1317,156,1264,163,3.4376,0.7646,2.7788,0.6505,0.5419,0.5419,3.082,0.8232,9.8403,0.783,1893,High,5678700.8046875,11167.7870601996
516,195710,1957.10,6037195710,"Census Tract 1957.10, Los Angeles County, California",0.18664556782,4588,820,1752,594,1701,598,4.1626,0.9481,2.4669,0.4675,0.7192,0.7192,4.1974,0.9954,11.5461,0.955,1894,High,5203272.56445313,9761.8388700191
517,195720,1957.20,6037195720,"Census Tract 1957.20, Los Angeles County, California",0.11157575596,1809,270,988,81,810,86,3.1624,0.6875,2.8852,0.7094,0.633,0.633,3.1743,0.8495,9.8549,0.785,1895,High,3110500.27929688,8346.48538621346
518,195802,1958.02,6037195802,"Census Tract 1958.02, Los Angeles County, California",0.15541532145,2939,419,1115,117,1044,127,3.702,0.8407,2.7753,0.6487,0.7405,0.7405,2.5792,0.6329,9.797,0.7767,1896,High,4332629.91113281,9935.90886501007
519,195803,1958.03,6037195803,"Census Tract 1958.03, Los Angeles County, California",0.14571180598,2439,269,1190,86,1061,105,3.3551,0.7415,1.5931,0.0948,0.4219,0.4219,3.0567,0.8163,8.4268,0.5995,1897,Medium to High,4062125.00097656,9006.74440959736
520,195804,1958.04,6037195804,"Census Tract 1958.04, Los Angeles County, California",0.12967428721,2533,413,1221,173,1106,177,2.5537,0.5152,2.6468,0.5718,0.5633,0.5633,2.7164,0.6956,8.4802,0.6057,1898,Medium to High,3615043.81640625,7708.36000700584
521,195901,1959.01,6037195901,"Census Tract 1959.01, Los Angeles County, California",0.11230896366,2392,385,1270,137,1115,166,3.6503,0.8264,1.8816,0.1727,0.4219,0.4219,3.4003,0.9093,9.3541,0.7187,1899,Medium to High,3130914.42675781,8190.01586346303
522,195902,1959.02,6037195902,"Census Tract 1959.02, Los Angeles County, California",0.12802099845,2016,392,1171,134,1034,141,2.3394,0.4539,1.5819,0.0921,0.2577,0.2577,1.4214,0.1868,5.6004,0.2133,1900,Low,3742492.61132813,8216.51584901215
523,195903,1959.03,6037195903,"Census Tract 1959.03, Los Angeles County, California",0.091922005854,1868,199,933,55,861,65,2.5085,0.5031,1.5985,0.0963,0.5341,0.5341,1.8801,0.3456,6.5212,0.3363,1901,Low to Medium,2562591.99511719,6738.80617374976
524,197200,1972.00,6037197200,"Census Tract 1972, Los Angeles County, California",0.28730467583,3708,630,1247,150,1166,149,2.6481,0.5415,3.2586,0.8738,0.7759,0.7759,1.3839,0.1762,8.0665,0.5507,1902,Medium to High,8364430.11914063,14833.1417709268
525,197300,1973.00,6037197300,"Census Tract 1973, Los Angeles County, California",0.25260530299,4021,473,1901,202,1809,203,3.1276,0.6787,2.2609,0.3569,0.429,0.429,2.5457,0.6189,8.3632,0.5911,1903,Medium to High,7042090.86816406,15215.6543152209
526,197410,1974.10,6037197410,"Census Tract 1974.10, Los Angeles County, California",0.53796054982,3887,471,1866,262,1777,264,2.3003,0.444,2.0219,0.2353,0.3882,0.3882,1.9078,0.3551,6.6182,0.3509,1904,Low to Medium,14997000.8105469,18531.5884857962
527,197420,1974.20,6037197420,"Census Tract 1974.20, Los Angeles County, California",0.23767551085,3587,590,1620,202,1528,206,3.275,0.7191,1.4877,0.0741,0.4639,0.4639,2.9337,0.777,8.1603,0.5641,1905,Medium to High,6625853.29394531,11620.1402373777
528,197500,1975.00,6037197500,"Census Tract 1975, Los Angeles County, California",0.22458086152,3884,570,1770,272,1711,285,2.9147,0.6214,1.8347,0.1539,0.5108,0.5108,2.1755,0.4632,7.4357,0.4616,1906,Low to Medium,6893860.4375,10416.1302872351
529,197600,1976.00,6037197600,"Census Tract 1976, Los Angeles County, California",0.14992533711,2201,437,907,63,850,73,2.7019,0.5591,1.598,0.096,0.5762,0.5762,2.4674,0.5845,7.3435,0.4493,1907,Low to Medium,4179592.18554688,10403.4949577743
530,197700,1977.00,6037197700,"Census Tract 1977, Los Angeles County, California",0.27095480054,5341,583,2208,247,2141,257,3.5971,0.8107,2.9383,0.7338,0.652,0.652,2.4715,0.586,9.6589,0.7594,1908,High,7553643.11230469,13927.2622972709
531,199001,1990.01,6037199001,"Census Tract 1990.01, Los Angeles County, California",0.096468356904,2676,474,788,132,741,132,3.8362,0.8771,3.1818,0.8433,0.9417,0.9417,2.6208,0.6525,10.5805,0.8712,1909,High,2689325.92382813,8021.36629966805
532,199002,1990.02,6037199002,"Census Tract 1990.02, Los Angeles County, California",0.49529280391,2752,592,1060,203,1017,204,2.9782,0.6396,2.1279,0.2872,0.737,0.737,2.6608,0.6712,8.5039,0.6078,1910,Medium to High,14479074.4003906,20810.1910236607
533,199110,1991.10,6037199110,"Census Tract 1991.10, Los Angeles County, California",0.34825203484,3072,609,804,101,771,106,3.6255,0.8197,2.8596,0.6975,0.9165,0.9165,2.4422,0.5742,9.8438,0.7835,1911,High,9708508.63867188,14255.8076234246
534,199120,1991.20,6037199120,"Census Tract 1991.20, Los Angeles County, California",0.36414515146,4127,577,1159,160,1111,157,4.4178,0.9819,3.239,0.8672,0.9318,0.9318,3.6838,0.9626,12.2724,0.9878,1912,High,10353364.7763672,16463.9917915215
535,199201,1992.01,6037199201,"Census Tract 1992.01, Los Angeles County, California",0.15258442158,3727,622,1222,257,1112,256,3.8815,0.8891,2.8398,0.6867,0.9624,0.9624,2.6088,0.6465,10.2925,0.8389,1913,High,4253708.5859375,8935.66056431229
536,199202,1992.02,6037199202,"Census Tract 1992.02, Los Angeles County, California",0.36850540135,2910,517,981,155,963,156,3.7166,0.8441,3.2618,0.8749,0.6914,0.6914,2.5038,0.6002,10.1736,0.8246,1914,High,10273091.9970703,18301.5761232204
537,199300,1993.00,6037199300,"Census Tract 1993, Los Angeles County, California",0.98476936728,4368,676,1370,152,1370,152,3.4522,0.7688,2.7451,0.6304,0.676,0.676,2.4245,0.5668,9.2978,0.7126,1915,Medium to High,27892002.0722656,31628.1009101561
538,199400,1994.00,6037199400,"Census Tract 1994, Los Angeles County, California",0.25867675694,4857,858,1543,249,1515,252,4.4715,0.9869,2.8543,0.6936,0.9185,0.9185,2.9528,0.7836,11.1971,0.932,1916,High,7503405.875,16929.5365290071
539,199700,1997.00,6037199700,"Census Tract 1997, Los Angeles County, California",0.36182236183,3006,493,1255,230,1204,233,3.4791,0.7775,2.8138,0.672,0.7688,0.7688,2.7536,0.7098,9.8153,0.7795,1917,High,10447073.7705078,13865.2251111261
540,199801,1998.01,6037199801,"Census Tract 1998.01, Los Angeles County, California",0.13321908967,3618,667,957,118,903,120,3.9995,0.9165,3.3624,0.9092,0.9815,0.9815,3.3726,0.9019,11.716,0.9659,1918,High,3713869.13769531,9460.36575830011
541,199802,1998.02,6037199802,"Census Tract 1998.02, Los Angeles County, California",0.11823292664,2419,318,635,52,612,64,2.9952,0.643,3.0867,0.802,0.9528,0.9528,1.8071,0.3154,8.8418,0.657,1919,Medium to High,3296092.64453125,8868.7444157064
542,199900,1999.00,6037199900,"Census Tract 1999, Los Angeles County, California",0.17104743312,2687,391,896,116,845,125,3.9917,0.9144,3.4692,0.9372,0.9624,0.9624,2.6025,0.6431,11.0258,0.9174,1920,High,4768480.99023438,10157.8099674931
543,201110,2011.10,6037201110,"Census Tract 2011.10, Los Angeles County, California",0.39147345102,2203,295,844,105,782,101,2.3445,0.4555,2.7704,0.6452,0.8026,0.8026,3.4248,0.9142,9.3423,0.7171,1921,Medium to High,10913332.2568359,16183.430157444
544,201120,2011.20,6037201120,"Census Tract 2011.20, Los Angeles County, California",0.30589587323,4043,617,1342,151,1233,165,3.5343,0.7906,2.9322,0.7304,0.8452,0.8452,1.9442,0.3707,9.2559,0.708,1922,Medium to High,8527607.25,13880.2888964703
545,201200,2012.00,6037201200,"Census Tract 2012, Los Angeles County, California",0.17022078874,2709,398,805,115,776,121,2.9979,0.6441,2.6215,0.5553,0.8305,0.8305,1.6922,0.2732,8.1421,0.5618,1923,Medium to High,4745344.70898438,10433.2498049056
546,201301,2013.01,6037201301,"Census Tract 2013.01, Los Angeles County, California",0.33443730528,4377,850,1135,194,1117,196,3.4887,0.78,3.1089,0.8121,0.9269,0.9269,3.5991,0.9501,11.1236,0.9255,1924,High,9323319.5625,19559.4357902763
547,201302,2013.02,6037201302,"Census Tract 2013.02, Los Angeles County, California",0.38290739205,4247,536,2009,169,1899,165,1.8827,0.3213,2.3866,0.4237,0.7051,0.7051,2.0308,0.4029,7.0052,0.4069,1925,Low to Medium,10674503.1474609,14999.8815990814
548,201401,2014.01,6037201401,"Census Tract 2014.01, Los Angeles County, California",0.494017509,4568,726,1349,105,1273,115,3.3526,0.7407,3.4279,0.9267,0.8521,0.8521,2.5212,0.6077,10.1538,0.8221,1926,High,14080873.2832031,15489.9911046557
549,201402,2014.02,6037201402,"Census Tract 2014.02, Los Angeles County, California",0.74951355766,4800,776,1555,233,1519,224,3.2473,0.7108,3.3768,0.9133,0.878,0.878,2.607,0.6449,10.1091,0.8164,1927,High,20894870.6923828,19009.7794796171
550,201501,2015.01,6037201501,"Census Tract 2015.01, Los Angeles County, California",0.34314583589,5560,636,1691,156,1536,175,3.7095,0.8423,3.2387,0.8671,0.8217,0.8217,2.6877,0.6819,10.4576,0.8575,1928,High,9566161.625,14427.9738118469
551,201503,2015.03,6037201503,"Census Tract 2015.03, Los Angeles County, California",0.16963854692,3330,451,1051,117,1025,120,3.5787,0.805,3.0974,0.8067,0.897,0.897,3.0018,0.7993,10.5749,0.8705,1929,High,4729129.09570313,9203.94794121773
552,201504,2015.04,6037201504,"Census Tract 2015.04, Los Angeles County, California",0.14221758288,2151,296,645,82,640,83,3.4667,0.7739,2.811,0.67,0.8609,0.8609,1.6258,0.2507,8.7644,0.6453,1930,Medium to High,3964702.95800781,9633.74630161675
553,201601,2016.01,6037201601,"Census Tract 2016.01, Los Angeles County, California",0.20865454013,2445,375,784,135,759,133,3.7064,0.8415,2.6329,0.5616,0.9026,0.9026,2.1177,0.4398,9.3596,0.7191,1931,Medium to High,5816821.74609375,11118.8418936602
554,201602,2016.02,6037201602,"Census Tract 2016.02, Los Angeles County, California",0.41149399803,2971,610,820,56,796,62,3.4914,0.7807,3.7467,0.9801,0.9401,0.9401,2.5476,0.6199,10.7258,0.889,1932,High,11471575.9355469,18959.1186356298
555,201700,2017.00,6037201700,"Census Tract 2017, Los Angeles County, California",0.6543459784,5194,754,1599,200,1469,209,3.6087,0.814,2.1477,0.2963,0.7888,0.7888,2.4627,0.5823,9.0079,0.6789,1933,Medium to High,18241832.0185547,21283.1745896941
556,203100,2031.00,6037203100,"Census Tract 2031, Los Angeles County, California",0.25384160159,4615,700,1296,165,1248,166,4.0832,0.9325,3.3207,0.8968,0.9762,0.9762,3.3609,0.8988,11.741,0.967,1934,High,7076573.72558594,11835.7114626533
557,203200,2032.00,6037203200,"Census Tract 2032, Los Angeles County, California",0.19922168216,5631,984,1411,175,1348,175,4.1215,0.9396,3.348,0.9051,0.9269,0.9269,2.5584,0.6252,10.9548,0.9093,1935,High,5553914.73339844,10214.8902628595
558,203300,2033.00,6037203300,"Census Tract 2033, Los Angeles County, California",0.57491051122,1899,381,466,65,433,70,3.2436,0.7098,3.2217,0.8611,0.9528,0.9528,3.671,0.9612,11.0891,0.9228,1936,High,16058051.3457031,15611.025193486
559,203500,2035.00,6037203500,"Census Tract 2035, Los Angeles County, California",0.63154047767,3153,452,1081,127,981,128,3.7927,0.8662,3.611,0.9638,0.8765,0.8765,3.3937,0.9076,11.6739,0.9637,1937,High,17863727.7060547,18886.7797961219
560,203601,2036.01,6037203601,"Census Tract 2036.01, Los Angeles County, California",0.12740902678,2943,486,865,131,823,138,3.8048,0.8702,3.48,0.9397,0.9948,0.9948,2.3774,0.5473,10.657,0.8817,1938,High,3551943.63574219,13045.0272928937
561,203602,2036.02,6037203602,"Census Tract 2036.02, Los Angeles County, California",0.086260592228,1873,384,585,52,556,61,3.2046,0.6994,3.0716,0.7969,0.9417,0.9417,2.1429,0.4501,9.3608,0.7192,1939,Medium to High,2404778.25878906,7367.39715649089
562,203710,2037.10,6037203710,"Census Tract 2037.10, Los Angeles County, California",0.10890856334,3636,665,871,105,818,110,3.402,0.7544,3.1643,0.8364,0.9691,0.9691,1.8305,0.3243,9.3659,0.7197,1940,Medium to High,3036174.99023438,7623.78207956168
563,203720,2037.20,6037203720,"Census Tract 2037.20, Los Angeles County, California",0.12395495828,4014,562,1043,103,988,109,3.5725,0.8029,3.7003,0.9751,0.9691,0.9691,2.5,0.5975,10.7419,0.8904,1941,High,3455623.08300781,7965.72103815255
564,203800,2038.00,6037203800,"Census Tract 2038, Los Angeles County, California",0.18818263988,4803,847,1285,248,1266,252,3.889,0.8903,3.4722,0.9377,0.9815,0.9815,2.266,0.4997,10.6087,0.8758,1942,High,5246195.37988281,9451.84756925027
565,203900,2039.00,6037203900,"Census Tract 2039, Los Angeles County, California",0.17315748055,3206,566,733,87,705,93,3.1098,0.6739,3.4449,0.9312,0.9469,0.9469,2.9332,0.7768,10.4348,0.8548,1943,High,4827379.08984375,12242.8705842117
566,204110,2041.10,6037204110,"Census Tract 2041.10, Los Angeles County, California",0.23312298217,3493,574,911,148,849,155,3.7327,0.8476,2.8752,0.7052,0.9185,0.9185,2.2117,0.4783,9.7381,0.7695,1944,High,6499062.0546875,10204.6582866323
567,204120,2041.20,6037204120,"Census Tract 2041.20, Los Angeles County, California",0.101700039,2925,615,768,98,768,98,3.6271,0.8203,3.4014,0.9207,0.9026,0.9026,2.6748,0.6775,10.6059,0.875,1945,High,2835229.07324219,6976.74436499115
568,204200,2042.00,6037204200,"Census Tract 2042, Los Angeles County, California",0.1162946946,3621,595,1065,125,988,123,4.0796,0.9322,2.917,0.7234,0.9731,0.9731,2.7222,0.6977,10.6919,0.8853,1946,High,3242089.63183594,7623.77136019442
569,204300,2043.00,6037204300,"Census Tract 2043, Los Angeles County, California",0.24845045937,5714,990,1414,183,1357,191,4.1188,0.9388,3.7807,0.9832,0.9493,0.9493,3.4575,0.9212,12.3063,0.9887,1947,High,6926359.91308594,10888.0033598721
570,204410,2044.10,6037204410,"Census Tract 2044.10, Los Angeles County, California",0.11462480345,2791,497,690,90,668,92,3.1766,0.6923,3.9021,0.9913,0.9691,0.9691,2.5514,0.6217,10.5992,0.8738,1948,High,3195515.68847656,7602.19593878508
571,204420,2044.20,6037204420,"Census Tract 2044.20, Los Angeles County, California",0.11662519792,2951,364,994,81,871,84,4.0847,0.9328,3.6311,0.9661,0.9469,0.9469,3.733,0.9685,12.3957,0.9915,1949,High,3251272.35546875,7655.41869990659
572,204600,2046.00,6037204600,"Census Tract 2046, Los Angeles County, California",0.21782948195,4271,781,1179,121,1144,128,4.358,0.9743,3.4502,0.9321,0.9204,0.9204,3.0156,0.8041,11.7442,0.9673,1950,High,6269663.16308594,12240.5469782101
573,204700,2047.00,6037204700,"Census Tract 2047, Los Angeles County, California",0.39037228812,5660,887,1292,130,1237,128,3.9907,0.914,3.202,0.8535,0.9544,0.9544,2.5639,0.6271,10.711,0.8873,1951,High,10882902.7919922,13337.0811703743
574,204810,2048.10,6037204810,"Census Tract 2048.10, Los Angeles County, California",0.29733174477,4922,851,1358,228,1301,220,4.0184,0.92,3.4962,0.9442,0.9948,0.9948,2.4232,0.5662,10.9326,0.9076,1952,High,8289136.79492188,11974.6111782517
575,204820,2048.20,6037204820,"Census Tract 2048.20, Los Angeles County, California",0.12360823869,2141,348,573,68,517,77,2.7966,0.586,3.2104,0.8565,0.9165,0.9165,2.8884,0.7619,9.8119,0.7787,1953,High,3445972.39746094,8346.72019718145
576,204910,2049.10,6037204910,"Census Tract 2049.10, Los Angeles County, California",0.20013095237,3494,623,978,136,968,136,4.1213,0.9394,3.4869,0.9414,0.9269,0.9269,3.1998,0.8573,11.7349,0.9667,1954,High,5579346.58398438,9619.43138991474
577,204920,2049.20,6037204920,"Census Tract 2049.20, Los Angeles County, California",0.35134200914,2796,432,707,55,667,65,3.3687,0.7457,3.1247,0.82,0.9666,0.9666,2.2869,0.5089,9.7469,0.7702,1955,High,9794921.05664063,12795.9481680628
578,205110,2051.10,6037205110,"Census Tract 2051.10, Los Angeles County, California",0.11079660212,3697,529,864,90,833,93,4.3421,0.9727,3.039,0.7837,0.9796,0.9796,2.778,0.7193,11.1387,0.927,1956,High,3088819.34960938,9229.48190000546
579,205120,2051.20,6037205120,"Census Tract 2051.20, Los Angeles County, California",0.56607572526,3754,559,907,53,890,56,4.2356,0.959,3.6356,0.9669,0.9893,0.9893,2.7469,0.707,11.6074,0.9597,1957,High,15781304.2763672,20062.4973900943
580,206010,2060.10,6037206010,"Census Tract 2060.10, Los Angeles County, California",0.54754553197,3966,618,1447,227,1418,226,4.3144,0.9694,2.9656,0.7482,0.8026,0.8026,3.2925,0.8827,11.3751,0.9453,1958,High,15485647.8222656,21066.3708223486
581,206020,2060.20,6037206020,"Census Tract 2060.20, Los Angeles County, California",0.32557780879,9476,1249,296,56,281,55,2.1183,0.3883,0.3894,0.0046,0.7192,0.7192,2.8239,0.7358,6.0508,0.2777,1959,Low to Medium,9402533.02734375,12029.068454871
582,206050,2060.50,6037206050,"Census Tract 2060.50, Los Angeles County, California",0.63453006545,2192,556,859,105,821,104,3.4277,0.7622,3.7337,0.9787,0.9126,0.9126,3.4674,0.9242,11.5414,0.9546,1960,High,19210111.7744141,25518.4847338512
583,206051,2060.51,6037206051,"Census Tract 2060.51, Los Angeles County, California",1.4215515019,1405,312,1092,155,909,164,1.9464,0.338,0.1344,0.0013,0.2651,0.2651,2.6714,0.6758,5.0173,0.1455,1961,Low,40157736.4892578,30027.5297152903
584,206052,2060.52,6037206052,"Census Tract 2060.52, Los Angeles County, California",0.35048949593,2841,583,2146,243,1645,290,2.1092,0.3859,0.4612,0.0057,0.6015,0.6015,2.4345,0.5706,5.6064,0.2141,1962,Low,9950091.58398438,13475.4418762489
585,206053,2060.53,6037206053,"Census Tract 2060.53, Los Angeles County, California",0.21621712,3014,469,1216,179,1197,180,4.0374,0.9248,3.951,0.9941,0.8579,0.8579,3.7346,0.9687,12.5809,0.9941,1963,High,6331353.50878906,10825.7223130717
586,206054,2060.54,6037206054,"Census Tract 2060.54, Los Angeles County, California",0.15330797673,2589,437,621,75,621,75,3.6322,0.8214,3.3153,0.8944,0.9417,0.9417,3.191,0.8543,11.0802,0.9215,1964,High,4507280.54296875,9342.52057806042
587,206201,2062.01,6037206201,"Census Tract 2062.01, Los Angeles County, California",0.07754279517,2154,454,1403,234,1240,224,3.5681,0.8013,1.9526,0.2033,0.6307,0.6307,3.9467,0.9855,10.0981,0.8155,1965,High,2161752.48339844,6940.27548504014
588,206202,2062.02,6037206202,"Census Tract 2062.02, Los Angeles County, California",0.14590524309,1724,272,1244,218,1195,217,3.4986,0.7827,2.9829,0.7571,0.7461,0.7461,4.4093,0.9991,11.6369,0.962,1966,High,4067555.01074219,9661.22143706266
589,206301,2063.01,6037206301,"Census Tract 2063.01, Los Angeles County, California",0.05229558539,1867,449,1382,257,1138,272,3.9646,0.9074,2.0825,0.2624,0.545,0.545,2.9838,0.7934,9.5759,0.7473,1967,Medium to High,1457910.07226563,4943.52581724107
590,206302,2063.02,6037206302,"Census Tract 2063.02, Los Angeles County, California",0.017923627044,2400,1138,753,151,640,162,4.0373,0.9246,1.2744,0.0457,0.6487,0.6487,2.9904,0.795,8.9508,0.6709,1968,Medium to High,499680.051757813,3606.42780501868
591,206303,2063.03,6037206303,"Census Tract 2063.03, Los Angeles County, California",0.16787367468,1989,474,760,140,564,184,4.0868,0.9334,2.3101,0.3809,0.6914,0.6914,3.6568,0.9595,10.7451,0.8907,1969,High,4679996.81835938,10618.5076151795
592,207101,2071.01,6037207101,"Census Tract 2071.01, Los Angeles County, California",0.11590125667,3906,643,1922,232,1742,219,3.8013,0.8687,2.9192,0.7242,0.7481,0.7481,2.766,0.7151,10.2346,0.832,1970,High,3231109.03417969,7720.18222808558
593,207102,2071.02,6037207102,"Census Tract 2071.02, Los Angeles County, California",0.16024970459,3181,398,1418,188,1386,188,4.048,0.927,2.9786,0.7556,0.8521,0.8521,3.806,0.9759,11.6847,0.9643,1971,High,4467442.109375,9909.64338590435
594,207103,2071.03,6037207103,"Census Tract 2071.03, Los Angeles County, California",0.12514724126,2144,292,947,87,925,91,4.0976,0.9345,2.7629,0.6402,0.8567,0.8567,3.133,0.8386,10.8502,0.8991,1972,High,3488830.09082031,9634.34535093253
595,207303,2073.03,6037207303,"Census Tract 2073.03, Los Angeles County, California",0.068346231632,2187,499,1818,295,1610,314,3.1148,0.6754,2.3935,0.4271,0.4783,0.4783,2.4605,0.5813,8.4471,0.602,1973,Medium to High,1905373.65820313,5576.46492991732
596,207304,2073.04,6037207304,"Census Tract 2073.04, Los Angeles County, California",0.019427494334,2022,373,1930,316,1698,354,4.2301,0.9583,1.682,0.1116,0.6697,0.6697,2.626,0.6551,9.2078,0.7018,1974,Medium to High,541608.15625,3459.97983702434
597,207305,2073.05,6037207305,"Census Tract 2073.05, Los Angeles County, California",0.078290674744,961,177,758,68,640,84,2.3183,0.4486,0.6159,0.0097,0.3991,0.3991,2.8005,0.728,6.1338,0.2881,1975,Low to Medium,2182607.9609375,8262.43976296179
598,207306,2073.06,6037207306,"Census Tract 2073.06, Los Angeles County, California",0.062306438046,1863,290,1780,237,1345,258,3.2767,0.7196,1.8645,0.1651,0.4998,0.4998,3.5075,0.9334,9.1485,0.6951,1976,Medium to High,1737007.14453125,5647.40049654924
599,207307,2073.07,6037207307,"Census Tract 2073.07, Los Angeles County, California",0.018865329822,1424,309,1245,285,1142,269,3.5161,0.7867,1.5591,0.0884,0.6142,0.6142,2.2923,0.512,7.9817,0.538,1977,Medium to High,525932.646484375,2911.19179274436
600,207308,2073.08,6037207308,"Census Tract 2073.08, Los Angeles County, California",0.017727487228,1323,233,949,126,830,81,2.2238,0.4197,0.2881,0.0032,0.298,0.298,2.7416,0.7049,5.5515,0.2069,1978,Low,494215.08203125,2815.67315994443
601,207400,2074.00,6037207400,"Census Tract 2074, Los Angeles County, California",0.33318942361,1596,519,523,63,467,73,2.9594,0.6346,1,0.0256,0.723,0.723,3.7613,0.9716,8.4437,0.6018,1979,Medium to High,9358165.87109375,15170.8717902609
602,207501,2075.01,6037207501,"Census Tract 2075.01, Los Angeles County, California",0.051863923354,2133,242,1671,143,1314,123,2.7027,0.5593,0.51,0.0062,0.5772,0.5772,2.6591,0.6705,6.449,0.3256,1980,Low to Medium,1445854.24707031,4896.76557892055
603,207502,2075.02,6037207502,"Census Tract 2075.02, Los Angeles County, California",0.16153735476,3072,415,2531,294,2297,295,3.501,0.7833,2.9986,0.7649,0.6588,0.6588,2.6081,0.646,9.7665,0.7725,1981,High,4503362.95507813,9155.67719345887
604,207711,2077.11,6037207711,"Census Tract 2077.11, Los Angeles County, California",0.26793432459,1661,238,1663,186,1182,174,1.6541,0.2565,0.602,0.0091,0.3802,0.3802,3.7084,0.9652,6.3447,0.3127,1982,Low to Medium,7469514.54589844,14744.2377371644
605,207712,2077.12,6037207712,"Census Tract 2077.12, Los Angeles County, California",0.15724969205,3469,531,2991,383,2534,379,3.0937,0.6699,2.5624,0.5241,0.6039,0.6039,2.5856,0.6348,8.8456,0.658,1983,Medium to High,4383833.96679688,9437.96600355335
606,207901,2079.01,6037207901,"Census Tract 2079.01, Los Angeles County, California",0.078487972866,2582,446,1832,238,1510,224,3.0868,0.6678,1.0335,0.0273,0.6007,0.6007,2.5807,0.6332,7.3017,0.4448,1984,Low to Medium,2188102.48535156,6864.98910740689
607,207902,2079.02,6037207902,"Census Tract 2079.02, Los Angeles County, California",0.27018491315,5746,951,3865,520,3377,504,2.8105,0.5898,0.5325,0.0068,0.5895,0.5895,3.602,0.9508,7.5345,0.4745,1985,Low to Medium,7532286.54003906,11167.8181435139
608,208001,2080.01,6037208001,"Census Tract 2080.01, Los Angeles County, California",0.22238548555,2410,441,1194,138,1152,120,3.593,0.8087,1.4841,0.0736,0.6947,0.6947,2.1125,0.4371,7.8843,0.5236,1986,Medium to High,6199667.66796875,11659.7543003559
609,208002,2080.02,6037208002,"Census Tract 2080.02, Los Angeles County, California",0.15258133277,4920,1058,1321,138,1321,138,4.6371,0.9977,2.1365,0.2911,0.91,0.91,2.6868,0.6811,10.3704,0.8479,1987,High,4253642.55664063,9520.38199489806
610,208301,2083.01,6037208301,"Census Tract 2083.01, Los Angeles County, California",0.03589011141,2101,277,589,78,579,81,3.6816,0.8357,2.6973,0.6008,0.9557,0.9557,2.9316,0.7761,10.2662,0.8367,1988,High,1000535.28320313,5183.16153819549
611,208302,2083.02,6037208302,"Census Tract 2083.02, Los Angeles County, California",0.16987329694,5265,766,1915,245,1875,247,4.3437,0.9728,3.2029,0.8538,0.8624,0.8624,3.6504,0.9584,12.0594,0.9811,1989,High,4735706.83007813,9852.78100415901
612,208401,2084.01,6037208401,"Census Tract 2084.01, Los Angeles County, California",0.088678362952,4619,587,1523,170,1523,170,4.5406,0.9922,2.6884,0.5955,0.9381,0.9381,2.931,0.7756,11.0981,0.9238,1990,High,2472155.84375,6288.16537224412
613,208402,2084.02,6037208402,"Census Tract 2084.02, Los Angeles County, California",0.1315642565,2983,509,869,85,839,87,3.3439,0.7377,2.4182,0.4418,0.8154,0.8154,3.3873,0.905,9.9648,0.7967,1991,High,3667724.10058594,8621.7803014276
614,208501,2085.01,6037208501,"Census Tract 2085.01, Los Angeles County, California",0.093907342338,2462,380,979,109,884,116,3.0628,0.662,1.825,0.1512,0.7999,0.7999,3.2908,0.8823,8.9785,0.6744,1992,Medium to High,2617928.32910156,6561.56983366808
615,208502,2085.02,6037208502,"Census Tract 2085.02, Los Angeles County, California",0.10078922439,4360,527,1556,212,1492,215,4.0869,0.9335,3.3587,0.9079,0.8904,0.8904,3.5664,0.9449,11.9024,0.9747,1993,High,2809795.96191406,6779.01704749062
616,208610,2086.10,6037208610,"Census Tract 2086.10, Los Angeles County, California",0.13518627936,4388,674,1633,183,1542,200,4.0054,0.9173,2.8148,0.6724,0.8609,0.8609,3.4935,0.9306,11.1746,0.9294,1994,High,3768690.94726563,8269.48790547167
617,208620,2086.20,6037208620,"Census Tract 2086.20, Los Angeles County, California",0.12522484776,4303,558,1748,124,1632,136,3.8883,0.8901,2.5981,0.5411,0.8744,0.8744,3.5292,0.9383,10.89,0.904,1995,High,3491004.90917969,8197.49640207984
618,208710,2087.10,6037208710,"Census Tract 2087.10, Los Angeles County, California",0.06578405876,5136,768,2253,222,2112,221,3.4289,0.7625,2.4673,0.4677,0.8744,0.8744,3.1457,0.8422,9.9163,0.7921,1996,High,1833916.09082031,5648.95244867169
619,208720,2087.20,6037208720,"Census Tract 2087.20, Los Angeles County, California",0.063604899072,3746,438,1636,126,1544,125,4.5901,0.9958,2.7981,0.6622,0.723,0.723,2.9516,0.7834,11.0628,0.9206,1997,High,1773163.95703125,6918.86293020696
620,208801,2088.01,6037208801,"Census Tract 2088.01, Los Angeles County, California",0.09044246299,3284,672,1361,165,1337,169,3.6448,0.8249,3.5411,0.9534,0.7546,0.7546,3.7974,0.975,11.7379,0.9669,1998,High,2889587.41015625,7802.25243544067
621,208802,2088.02,6037208802,"Census Tract 2088.02, Los Angeles County, California",0.08165864249,3049,664,1520,184,1478,191,3.8254,0.8754,2.6386,0.5665,0.7728,0.7728,3.1768,0.8505,10.4136,0.8529,1999,High,2276467.58984375,7699.4836416055
622,208902,2089.02,6037208902,"Census Tract 2089.02, Los Angeles County, California",0.071061686998,2566,374,717,72,658,84,4.2267,0.9577,2.8689,0.7023,0.9381,0.9381,3.8708,0.9801,11.9045,0.975,2000,High,1981074.27734375,5658.69510391908
623,208903,2089.03,6037208903,"Census Tract 2089.03, Los Angeles County, California",0.061501415376,3878,885,1172,117,1083,127,4.3001,0.9672,2.5664,0.526,0.9417,0.9417,3.8293,0.9774,11.6375,0.9621,2001,High,1714528.61816406,7038.48088478602
624,208904,2089.04,6037208904,"Census Tract 2089.04, Los Angeles County, California",0.043284350812,4190,603,1461,215,1393,215,4.1853,0.9515,3.1046,0.8095,0.9337,0.9337,3.8121,0.9765,12.0357,0.98,2002,High,1206663.5,4564.63611014246
625,209103,2091.03,6037209103,"Census Tract 2091.03, Los Angeles County, California",0.04788243953,3595,486,1138,84,1105,89,4.4953,0.989,3.4627,0.9347,0.9609,0.9609,3.7034,0.9648,12.6223,0.995,2003,High,1334880.50488281,4693.84849553755
626,209104,2091.04,6037209104,"Census Tract 2091.04, Los Angeles County, California",0.027010923716,2442,282,1027,108,962,105,3.8858,0.8898,3.8211,0.9861,0.9026,0.9026,3.7871,0.9744,12.3966,0.9916,2004,High,753009.131835938,3841.17499832431
627,209105,2091.05,6037209105,"Census Tract 2091.05, Los Angeles County, California",0.032134111154,3829,661,1095,255,1095,255,4.5694,0.9946,3.4952,0.9439,0.9912,0.9912,2.9746,0.7908,12.0304,0.9798,2005,High,895832.096679688,4013.33659291446
628,209106,2091.06,6037209106,"Census Tract 2091.06, Los Angeles County, California",0.08556985575,2277,363,1238,141,1152,153,3.8721,0.8869,2.0702,0.2575,0.7702,0.7702,2.877,0.7573,9.5895,0.749,2006,Medium to High,2385508.82519531,6257.58848630202
629,209201,2092.01,6037209201,"Census Tract 2092.01, Los Angeles County, California",0.06493463436,3021,482,2164,261,1756,277,1.9143,0.3304,1.2562,0.0432,0.582,0.582,2.6522,0.6671,6.4047,0.321,2007,Low to Medium,1810247.95019531,5620.4913337869
630,209202,2092.02,6037209202,"Census Tract 2092.02, Los Angeles County, California",0.093829735836,1604,370,632,94,568,78,3.6073,0.8136,2.6225,0.5559,0.829,0.829,2.9381,0.7787,9.9969,0.801,2008,High,2615787.86425781,6577.41304647834
631,209300,2093.00,6037209300,"Census Tract 2093, Los Angeles County, California",0.11826883413,5090,669,2372,271,2166,273,4.3927,0.9791,2.8354,0.6837,0.8624,0.8624,3.8907,0.9819,11.9812,0.9779,2009,High,3297115.69921875,7931.22236885673
632,209401,2094.01,6037209401,"Census Tract 2094.01, Los Angeles County, California",0.083269846136,4018,580,1664,193,1555,192,4.4234,0.9825,3.8611,0.9888,0.8677,0.8677,3.8858,0.9816,13.038,0.9991,2010,High,2321391.97070313,6370.71272271239
633,209402,2094.02,6037209402,"Census Tract 2094.02, Los Angeles County, California",0.052599061562,4132,611,1296,139,1191,132,4.5913,0.9959,3.2961,0.8878,0.8945,0.8945,3.9255,0.9849,12.7074,0.9961,2011,High,1466351.83789063,4849.9138337043
634,209403,2094.03,6037209403,"Census Tract 2094.03, Los Angeles County, California",0.05335736589,4678,1080,1546,274,1507,277,4.7116,0.9994,3.516,0.9482,0.9026,0.9026,3.8747,0.9808,13.0049,0.999,2012,High,1487534.11132813,4882.44351040553
635,209510,2095.10,6037209510,"Census Tract 2095.10, Los Angeles County, California",0.070457437368,3054,480,1068,108,995,111,4.108,0.9371,2.9949,0.7626,0.9401,0.9401,3.7591,0.9706,11.8021,0.9699,2013,High,1964228.79589844,5807.66354350172
636,209520,2095.20,6037209520,"Census Tract 2095.20, Los Angeles County, California",0.08925712985,2874,457,1028,101,946,114,4.408,0.9812,3.2268,0.8633,0.9185,0.9185,3.3649,0.9001,11.9182,0.9757,2014,High,2488320.265625,6468.36071290973
637,209810,2098.10,6037209810,"Census Tract 2098.10, Los Angeles County, California",0.057849276558,2640,402,793,123,737,128,4.3802,0.9777,3.011,0.77,0.8217,0.8217,3.9161,0.9841,12.129,0.9833,2015,High,1612737.6640625,5415.90695810918
638,209820,2098.20,6037209820,"Census Tract 2098.20, Los Angeles County, California",0.069153570914,2833,427,827,79,780,89,4.2236,0.957,3.5284,0.951,0.9337,0.9337,4.1984,0.9955,12.8841,0.9981,2016,High,1927868.32714844,5690.53478597675
639,210010,2100.10,6037210010,"Census Tract 2100.10, Los Angeles County, California",0.15790567935,3345,667,1258,169,1224,171,4.1479,0.9451,3.4525,0.9325,0.9557,0.9557,4.1348,0.9938,12.6909,0.9958,2017,High,4402120.02636719,8907.43026384885
640,211000,2110.00,6037211000,"Census Tract 2110, Los Angeles County, California",1.0257811217,5073,718,2310,219,1950,206,1.9098,0.3293,1.8551,0.162,0.3413,0.3413,2.6003,0.6417,6.7065,0.3644,2018,Low to Medium,28596678.1542969,25170.3317584649
641,211121,2111.21,6037211121,"Census Tract 2111.21, Los Angeles County, California",0.08259687035,2243,461,1063,168,865,185,3.1999,0.6987,1.8783,0.172,0.7801,0.7801,3.3365,0.8932,9.1948,0.701,2019,Medium to High,2302635.57617188,7588.94349957691
642,211122,2111.22,6037211122,"Census Tract 2111.22, Los Angeles County, California",0.14114228881,3024,392,1354,137,1142,125,3.5057,0.7843,1.9332,0.1945,0.6601,0.6601,3.806,0.9759,9.905,0.7907,2020,High,3934733.81835938,8274.05186800836
643,211123,2111.23,6037211123,"Census Tract 2111.23, Los Angeles County, California",0.066421899264,1478,363,983,154,784,173,2.8758,0.6095,1.5201,0.0804,0.8696,0.8696,2.6324,0.6576,7.8979,0.526,2021,Medium to High,1851716.04492188,6798.25662896902
644,211124,2111.24,6037211124,"Census Tract 2111.24, Los Angeles County, California",0.15252689239,4806,1032,2278,437,2063,413,3.8035,0.8695,1.8543,0.1615,0.9511,0.9511,4.0329,0.9892,10.6418,0.8794,2022,High,4252116,8179.69083682892
645,211201,2112.01,6037211201,"Census Tract 2112.01, Los Angeles County, California",0.053810649638,2759,346,1101,173,995,168,3.7826,0.8632,2.0685,0.257,0.8521,0.8521,3.4952,0.9311,10.1984,0.8279,2023,High,1500115.66308594,4915.79781077348
646,211202,2112.02,6037211202,"Census Tract 2112.02, Los Angeles County, California",0.069177509238,2217,319,1049,143,905,156,3.3917,0.7517,2.0338,0.2417,0.8467,0.8467,3.5026,0.9323,9.7748,0.7739,2024,High,1928500.75488281,5559.51969355688
647,211310,2113.10,6037211310,"Census Tract 2113.10, Los Angeles County, California",0.055575135778,3840,598,1502,200,1362,207,4.1957,0.9527,2.0568,0.2517,0.8232,0.8232,3.5744,0.9468,10.6501,0.8808,2025,High,1549310.53320313,4998.40424687167
648,211320,2113.20,6037211320,"Census Tract 2113.20, Los Angeles County, California",0.071919991744,3288,539,1355,158,1236,160,3.8204,0.8737,3.0904,0.804,0.8204,0.8204,3.5757,0.9472,11.3069,0.9402,2026,High,2004977.21875,5674.50881755389
649,211410,2114.10,6037211410,"Census Tract 2114.10, Los Angeles County, California",0.10455371889,3103,576,1249,156,1118,170,3.5476,0.7951,2.5972,0.5406,0.8185,0.8185,3.6176,0.9539,10.5809,0.8714,2027,High,2914743.77734375,7500.75484440974
650,211420,2114.20,6037211420,"Census Tract 2114.20, Los Angeles County, California",0.14713768067,3255,441,1411,158,1264,168,3.6553,0.8271,1.9154,0.1872,0.7801,0.7801,3.5289,0.9381,9.8797,0.7878,2028,High,4101871.11816406,8393.58510413476
651,211500,2115.00,6037211500,"Census Tract 2115, Los Angeles County, California",0.35098177598,4147,625,1985,259,1742,268,3.0695,0.6631,2.0466,0.2473,0.5051,0.5051,2.0203,0.3988,7.6415,0.489,2029,Low to Medium,9784611.94726563,13106.0193002244
652,211701,2117.01,6037211701,"Census Tract 2117.01, Los Angeles County, California",0.25155163063,2566,432,1352,296,1152,307,2.4288,0.4792,2.1824,0.3165,0.57,0.57,2.8855,0.7602,8.0667,0.5509,2030,Medium to High,7012738.23242188,10536.8114377532
653,211703,2117.03,6037211703,"Census Tract 2117.03, Los Angeles County, California",0.071084853118,4560,574,2255,242,2126,269,3.5041,0.784,2.4108,0.4367,0.8336,0.8336,3.3255,0.891,10.074,0.8129,2031,High,1981686.88085938,5697.20581194224
654,211704,2117.04,6037211704,"Census Tract 2117.04, Los Angeles County, California",0.07140763439,2832,402,1870,194,1653,201,3.5062,0.7848,2.2401,0.348,0.7472,0.7472,3.0882,0.8245,9.5817,0.748,2032,Medium to High,1990706.12011719,5747.49838334667
655,211802,2118.02,6037211802,"Census Tract 2118.02, Los Angeles County, California",0.12564376843,4320,702,2393,203,2103,245,3.7921,0.8659,1.973,0.2131,0.7432,0.7432,3.4308,0.9159,9.9391,0.7949,2033,High,3502699.25292969,7938.57208641899
656,211803,2118.03,6037211803,"Census Tract 2118.03, Los Angeles County, California",0.053872039856,3874,580,1738,183,1520,178,3.2932,0.7238,1.9441,0.1989,0.9165,0.9165,3.0907,0.8256,9.2445,0.7063,2034,Medium to High,1501836.625,4915.85668411055
657,211804,2118.04,6037211804,"Census Tract 2118.04, Los Angeles County, California",0.071798755716,3110,606,1504,150,1315,190,4.2136,0.9552,2.3714,0.4135,0.8662,0.8662,3.5383,0.9397,10.9895,0.9124,2035,High,2001609.59667969,5672.18328518178
658,211910,2119.10,6037211910,"Census Tract 2119.10, Los Angeles County, California",0.053268948532,4287,618,2154,279,1937,303,3.8362,0.8771,1.7361,0.1258,0.8095,0.8095,3.346,0.8953,9.7278,0.7679,2036,High,1485020.08789063,4890.39936299985
659,211921,2119.21,6037211921,"Census Tract 2119.21, Los Angeles County, California",0.03577814183,2353,375,1030,92,925,111,3.398,0.7534,1.9903,0.2212,0.8815,0.8815,2.8661,0.7543,9.1359,0.6936,2037,Medium to High,997421.588867188,4152.1325735024
660,211922,2119.22,6037211922,"Census Tract 2119.22, Los Angeles County, California",0.035866173086,3464,971,1446,138,1256,160,4.1606,0.9472,1.7562,0.1309,0.8796,0.8796,2.917,0.7707,9.7134,0.7666,2038,High,999882.185546875,4155.33850207398
661,212101,2121.01,6037212101,"Census Tract 2121.01, Los Angeles County, California",0.071728485152,2717,430,1567,187,1455,185,3.2045,0.6993,1.7083,0.118,0.7051,0.7051,2.7186,0.6961,8.3365,0.5875,2039,Medium to High,1999632.81933594,5670.10010431702
662,212102,2121.02,6037212102,"Census Tract 2121.02, Los Angeles County, California",0.053536517218,2691,491,1427,116,1248,130,3.5369,0.792,3.3915,0.9183,0.8324,0.8324,3.6222,0.9548,11.383,0.946,2040,High,1492493.55957031,4902.63444471732
663,212202,2122.02,6037212202,"Census Tract 2122.02, Los Angeles County, California",0.079718866042,3404,497,1391,207,1281,211,4.3398,0.9724,2.1799,0.315,0.9229,0.9229,3.526,0.9371,10.9686,0.9104,2041,High,2222402.72753906,6482.09064729765
664,212203,2122.03,6037212203,"Census Tract 2122.03, Los Angeles County, California",0.041047275824,2889,431,1788,208,1626,202,4.1918,0.9523,2.9544,0.7422,0.8588,0.8588,4.2232,0.9959,12.2282,0.9862,2042,High,1144315.93164063,4500.81292595414
665,212204,2122.04,6037212204,"Census Tract 2122.04, Los Angeles County, California",0.08231115487,3194,356,1354,149,1294,156,4.005,0.9172,2.9688,0.7501,0.8904,0.8904,2.9514,0.7833,10.8156,0.8964,2043,High,2294672.75292969,6149.26156825918
666,212303,2123.03,6037212303,"Census Tract 2123.03, Los Angeles County, California",0.060096390198,4174,974,1812,237,1643,247,4.3585,0.9744,2.2159,0.3333,0.8872,0.8872,3.5392,0.94,11.0008,0.9135,2044,High,1675360.54785156,5219.25392716923
667,212304,2123.04,6037212304,"Census Tract 2123.04, Los Angeles County, California",0.079411914952,1689,233,883,73,737,80,4.1079,0.9369,3.1198,0.8171,0.75,0.75,2.9767,0.7916,10.9544,0.909,2045,High,2213842.59472656,6305.42567397869
668,212305,2123.05,6037212305,"Census Tract 2123.05, Los Angeles County, California",0.041721409916,3079,484,1096,101,1007,103,4.0331,0.9232,3.1103,0.8126,0.8936,0.8936,2.8929,0.7629,10.9299,0.9071,2046,High,1163116.72558594,4358.27139192061
669,212306,2123.06,6037212306,"Census Tract 2123.06, Los Angeles County, California",0.062519952452,3310,559,1217,95,1138,92,4.2102,0.9545,2.5001,0.4882,0.9337,0.9337,3.6216,0.9546,11.2656,0.9366,2047,High,1742931.95898438,5316.96144459841
670,212410,2124.10,6037212410,"Census Tract 2124.10, Los Angeles County, California",0.060691759482,4345,1200,1914,205,1609,222,3.8383,0.8777,1.8743,0.1704,0.8765,0.8765,3.4674,0.9242,10.0565,0.8109,2048,High,1691952.96289063,5550.69662373208
671,212420,2124.20,6037212420,"Census Tract 2124.20, Los Angeles County, California",0.055387876308,3163,356,1266,104,1168,118,3.6001,0.8117,2.7285,0.6188,0.8872,0.8872,3.7154,0.9663,10.9312,0.9073,2049,High,1544109.36914063,4956.62921967546
672,212501,2125.01,6037212501,"Census Tract 2125.01, Los Angeles County, California",0.030732174792,1996,286,1016,84,960,94,3.3218,0.7314,1.9985,0.225,0.7087,0.7087,2.8654,0.7542,8.8944,0.6639,2050,Medium to High,856756.822265625,3804.12990576073
673,212502,2125.02,6037212502,"Census Tract 2125.02, Los Angeles County, California",0.11007188867,2657,490,1482,154,1270,202,3.3486,0.7389,2.5608,0.5231,0.8272,0.8272,3.704,0.9651,10.4406,0.8559,2051,High,3068569.80175781,8256.68330655475
674,212610,2126.10,6037212610,"Census Tract 2126.10, Los Angeles County, California",0.13789903201,4740,688,1984,161,1811,173,3.5083,0.785,2.5325,0.5084,0.8521,0.8521,2.745,0.7064,9.6379,0.7567,2052,High,3844339.71191406,8377.37083188147
675,212620,2126.20,6037212620,"Census Tract 2126.20, Los Angeles County, California",0.11143637314,4120,570,1860,158,1781,177,3.9742,0.9102,1.9107,0.1858,0.8272,0.8272,4.238,0.9961,10.9501,0.9089,2053,High,3106627.79785156,7948.07984315721
676,212701,2127.01,6037212701,"Census Tract 2127.01, Los Angeles County, California",0.18132006293,2281,296,838,70,793,87,2.8493,0.6014,3.174,0.8403,0.8765,0.8765,3.1224,0.8355,10.0222,0.805,2054,High,5054873.23242188,10686.7572868584
677,212702,2127.02,6037212702,"Census Tract 2127.02, Los Angeles County, California",0.34000759883,3630,470,1540,141,1457,145,2.4274,0.4788,1.7143,0.1203,0.5772,0.5772,2.6552,0.6689,7.3741,0.4532,2055,Low to Medium,9478753.94238281,13476.0379930387
678,212800,2128.00,6037212800,"Census Tract 2128, Los Angeles County, California",0.30165184005,3370,528,1574,213,1465,203,3.0051,0.646,2.5215,0.5023,0.686,0.686,1.6039,0.2418,7.8165,0.5149,2056,Medium to High,8409458.77734375,11737.6307769175
679,212900,2129.00,6037212900,"Census Tract 2129, Los Angeles County, California",0.14425542924,4102,646,1585,147,1471,154,3.8025,0.8691,2.6763,0.5891,0.8336,0.8336,3.4966,0.9313,10.809,0.8958,2057,High,4021574.84960938,8954.95684093913
680,213100,2131.00,6037213100,"Census Tract 2131, Los Angeles County, California",0.20735376249,3089,488,1092,150,1043,146,3.3868,0.7498,2.526,0.5043,0.9142,0.9142,3.5318,0.9389,10.3588,0.8467,2058,High,5780618.33105469,10508.2814093518
681,213201,2132.01,6037213201,"Census Tract 2132.01, Los Angeles County, California",0.12932177608,4277,597,1856,193,1631,211,4.4796,0.9874,2.944,0.7365,0.897,0.897,3.4922,0.9301,11.8128,0.9705,2059,High,3605253.45605469,8208.73857762052
682,213202,2132.02,6037213202,"Census Tract 2132.02, Los Angeles County, California",0.13047313225,3863,488,1450,135,1323,143,4.0471,0.9266,2.909,0.7202,0.9337,0.9337,3.3986,0.909,11.2884,0.9384,2060,High,3637318.75683594,8141.43572855069
683,213310,2133.10,6037213310,"Census Tract 2133.10, Los Angeles County, California",0.12049818708,2731,499,1146,90,1029,110,3.4629,0.7734,2.0084,0.2295,0.9511,0.9511,3.256,0.8733,9.6784,0.762,2061,High,3359268.734375,7825.23735562967
684,213320,2133.20,6037213320,"Census Tract 2133.20, Los Angeles County, California",0.12024683468,2638,627,1080,124,1031,129,3.4842,0.7785,2.5559,0.5203,0.9691,0.9691,2.7851,0.7214,9.7943,0.7763,2062,High,3352280.59375,7850.5878825061
685,213401,2134.01,6037213401,"Census Tract 2134.01, Los Angeles County, California",0.0757146022,4820,664,1798,185,1662,184,4.1263,0.9409,2.7224,0.6157,0.8958,0.8958,3.2631,0.8752,11.0076,0.9144,2063,High,2110768.91894531,6327.27422495143
686,213402,2134.02,6037213402,"Census Tract 2134.02, Los Angeles County, California",0.15129252429,5002,748,1902,275,1740,263,4.3192,0.9703,2.3762,0.4168,0.8796,0.8796,3.9756,0.9867,11.5506,0.9553,2064,High,4217750.29394531,8305.57938929935
687,214000,2140.00,6037214000,"Census Tract 2140, Los Angeles County, California",0.39055684488,3882,546,1374,110,1320,131,1.9753,0.3452,2.0251,0.2369,0.0206,0.0206,1.9658,0.3781,5.9868,0.2695,2065,Low to Medium,10887840.7822266,13352.8975494142
688,214100,2141.00,6037214100,"Census Tract 2141, Los Angeles County, California",0.42790912456,3532,431,1847,185,1679,215,1.3814,0.1836,2.039,0.2436,0.0417,0.0417,0.7472,0.0557,4.2093,0.069,2066,Low,11929138.3632813,14127.6878458442
689,214400,2144.00,6037214400,"Census Tract 2144, Los Angeles County, California",0.1329156135,3126,331,1981,200,1804,197,2.5063,0.5019,0.4295,0.0054,0.0795,0.0795,2.2084,0.4771,5.2237,0.1678,2067,Low,3705377.33691406,7957.45733088493
690,214501,2145.01,6037214501,"Census Tract 2145.01, Los Angeles County, California",0.29048152309,3444,907,1820,211,1520,226,1.4705,0.2061,2.2873,0.3685,0.5058,0.5058,3.0392,0.8114,7.3028,0.445,2068,Low to Medium,8098023.90136719,14036.4753085648
691,214503,2145.03,6037214503,"Census Tract 2145.03, Los Angeles County, California",0.089696900028,3334,396,1595,136,1416,137,2.1315,0.3913,1.9823,0.2175,0.3858,0.3858,2.1311,0.4458,6.6307,0.3523,2069,Low to Medium,2500554.18847656,6988.64948341831
692,214504,2145.04,6037214504,"Census Tract 2145.04, Los Angeles County, California",0.051664694722,3898,635,1814,179,1595,178,3.1775,0.6927,2.0411,0.2448,0.5419,0.5419,2.4276,0.5677,8.1881,0.5689,2070,Medium to High,1440309.99414063,6176.15275518603
693,214505,2145.05,6037214505,"Census Tract 2145.05, Los Angeles County, California",0.048022594556,1307,254,925,117,786,121,1.7819,0.291,0.6533,0.011,0.1751,0.1751,1.3638,0.1711,3.9741,0.0531,2071,Low,1338755.16992188,7174.96563302904
694,214600,2146.00,6037214600,"Census Tract 2146, Los Angeles County, California",0.22439746307,2358,377,1436,161,1263,177,1.1631,0.1322,1.9528,0.2034,0.0865,0.0865,3.3197,0.8893,6.5221,0.3366,2072,Low to Medium,6255700.50976563,10110.4671758728
695,214700,2147.00,6037214700,"Census Tract 2147, Los Angeles County, California",0.22909014678,2376,429,1320,103,1100,140,1.9995,0.3528,1.9439,0.1988,0.1203,0.1203,2.476,0.5882,6.5397,0.3387,2073,Low to Medium,6386540.36132813,10225.8323646984
696,214800,2148.00,6037214800,"Census Tract 2148, Los Angeles County, California",0.22280749504,2839,338,1686,190,1494,195,2.1087,0.3856,1.3781,0.057,0.0941,0.0941,2.3724,0.5451,5.9533,0.2645,2074,Low to Medium,6211394.7578125,11237.4131867306
697,214902,2149.02,6037214902,"Census Tract 2149.02, Los Angeles County, California",0.19582745948,2578,407,1961,343,1583,302,2.0716,0.3752,2.3898,0.4258,0.1242,0.1242,2.3992,0.5564,6.9848,0.4047,2075,Low to Medium,5459260.38867188,9792.04910965492
698,214903,2149.03,6037214903,"Census Tract 2149.03, Los Angeles County, California",0.052694042654,1657,363,1319,317,1223,312,2.2399,0.4254,1.7624,0.1324,0.1139,0.1139,1.9745,0.3811,6.0907,0.2824,2076,Low to Medium,1468982.69628906,5606.66918203706
699,214904,2149.04,6037214904,"Census Tract 2149.04, Los Angeles County, California",0.0680311724,1452,200,1071,107,833,97,0.9154,0.0781,1.0652,0.0294,0.1646,0.1646,2.2821,0.5057,4.4273,0.087,2077,Low,1896561.59472656,5577.55144259426
700,215101,2151.01,6037215101,"Census Tract 2151.01, Los Angeles County, California",0.13577508491,2985,441,1926,214,1766,209,2.7491,0.5716,0.3517,0.0035,0.363,0.363,2.1151,0.4388,5.5789,0.2105,2078,Low,3820631.89453125,10271.5819823155
701,215102,2151.02,6037215102,"Census Tract 2151.02, Los Angeles County, California",0.099514701684,3040,477,2195,245,1929,269,2.7555,0.5738,0.6013,0.0089,0.2181,0.2181,2.0358,0.405,5.6107,0.2148,2079,Low,2774274.3125,8182.35891906119
702,216100,2161.00,6037216100,"Census Tract 2161, Los Angeles County, California",0.26063043306,2086,361,1094,116,964,130,2.1643,0.4011,1.8988,0.1809,0.3666,0.3666,1.5686,0.2289,5.9983,0.2715,2080,Low to Medium,7265854.49414063,11195.4029077897
703,216201,2162.01,6037216201,"Census Tract 2162.01, Los Angeles County, California",0.17833240566,2578,447,1556,188,1393,206,1.9245,0.333,0.3648,0.0038,0.2972,0.2972,2.7154,0.6949,5.3019,0.1764,2081,Low,4971501.9921875,10417.1894693444
704,216202,2162.02,6037216202,"Census Tract 2162.02, Los Angeles County, California",0.19403285739,2757,482,1574,133,1421,161,2.5385,0.5109,2.0915,0.2662,0.4334,0.4334,1.9377,0.3675,7.0011,0.4068,2082,Low to Medium,5409279.50976563,10216.2603677406
705,216301,2163.01,6037216301,"Census Tract 2163.01, Los Angeles County, California",0.21771442356,1575,522,669,184,614,188,1.3734,0.1814,1.9324,0.1942,0.0928,0.0928,0.3359,0.0185,3.7345,0.039,2083,Low,6069451.37890625,11388.5098457024
706,216302,2163.02,6037216302,"Census Tract 2163.02, Los Angeles County, California",0.27374014037,2989,381,1954,198,1601,186,1.2511,0.1529,1.5833,0.0928,0.3336,0.3336,1.8757,0.3436,5.0437,0.1481,2084,Low,7631337.9375,11342.4649360128
707,216401,2164.01,6037216401,"Census Tract 2164.01, Los Angeles County, California",0.15888676453,3786,640,2216,266,1839,262,2.8089,0.5894,1.775,0.1353,0.0974,0.0974,3.6892,0.9634,8.3705,0.5922,2085,Medium to High,4429446.70996094,8621.8164178332
708,216402,2164.02,6037216402,"Census Tract 2164.02, Los Angeles County, California",0.088588401186,2443,571,1433,135,1141,150,2.0659,0.3731,2.4066,0.4348,0.1107,0.1107,2.7677,0.716,7.3509,0.4502,2086,Low to Medium,2469654.55664063,6401.20201262417
709,216700,2167.00,6037216700,"Census Tract 2167, Los Angeles County, California",0.3003672787,3493,495,1808,181,1552,158,1.77,0.2877,1.3888,0.0586,0.4683,0.4683,3.2514,0.872,6.8785,0.3899,2087,Low to Medium,8373696.29296875,11709.653539341
710,216800,2168.00,6037216800,"Census Tract 2168, Los Angeles County, California",0.28565061486,3110,363,1702,128,1388,142,2.1719,0.4031,1.7596,0.1319,0.2477,0.2477,2.1782,0.4643,6.3574,0.3148,2088,Low to Medium,7963392.14257813,11547.7857711329
711,216901,2169.01,6037216901,"Census Tract 2169.01, Los Angeles County, California",0.27149650165,2586,383,1390,226,1276,222,1.8182,0.302,1.7947,0.1418,0.5654,0.5654,1.9901,0.3872,6.1684,0.2919,2089,Low to Medium,7568795.03515625,12077.3718743144
712,216902,2169.02,6037216902,"Census Tract 2169.02, Los Angeles County, California",0.15111491737,2275,625,1228,223,1190,229,2.9459,0.6304,1.7786,0.1362,0.3426,0.3426,2.0916,0.427,7.1587,0.4274,2090,Low to Medium,4212778.10644531,9165.24463364156
713,217001,2170.01,6037217001,"Census Tract 2170.01, Los Angeles County, California",0.21179046057,3032,468,1137,126,1020,141,1.7957,0.2956,2.6841,0.5928,0.0338,0.0338,1.905,0.3542,6.4186,0.3225,2091,Low to Medium,5904316.16503906,10940.7936166339
714,217002,2170.02,6037217002,"Census Tract 2170.02, Los Angeles County, California",0.29781553058,4611,722,2360,218,1938,259,2.4333,0.4803,2.4837,0.4782,0.0779,0.0779,2.7032,0.6889,7.6981,0.4977,2092,Low to Medium,8302513.96191406,11538.6567852492
715,217101,2171.01,6037217101,"Census Tract 2171.01, Los Angeles County, California",0.15286473164,2964,1377,1025,275,908,276,2.7824,0.582,2.4683,0.4691,0.7419,0.7419,2.1231,0.442,8.1157,0.5581,2093,Medium to High,4261607.46875,9362.60589844538
716,217102,2171.02,6037217102,"Census Tract 2171.02, Los Angeles County, California",0.19379038533,2658,571,1392,93,1273,107,1.8416,0.3077,1.1864,0.0367,0.3511,0.3511,2.4749,0.5876,5.854,0.2496,2094,Low,5402500.47265625,9507.48868709435
717,217200,2172.00,6037217200,"Census Tract 2172, Los Angeles County, California",0.35485283463,4105,649,1872,285,1736,290,3.4836,0.7782,2.9739,0.7533,0.6121,0.6121,2.5426,0.617,9.6122,0.7525,2095,High,9892604.83691406,15006.4887045559
718,218110,2181.10,6037218110,"Census Tract 2181.10, Los Angeles County, California",0.23112297381,3532,718,1350,181,1249,195,4.3005,0.9673,3.1955,0.8506,0.8272,0.8272,3.6784,0.9621,12.0016,0.9783,2096,High,6443295.40234375,12758.8566727415
719,218120,2181.20,6037218120,"Census Tract 2181.20, Los Angeles County, California",0.17189762973,4244,612,1565,200,1360,213,3.5277,0.7894,3.2791,0.8825,0.9438,0.9438,3.2634,0.8756,11.014,0.9155,2097,High,4792188.03417969,8884.87361016887
720,218210,2182.10,6037218210,"Census Tract 2182.10, Los Angeles County, California",0.14999329106,3621,690,1297,177,1190,188,4.1285,0.9413,2.5211,0.5021,0.7943,0.7943,3.4665,0.924,10.9104,0.9051,2098,High,4181546.29980469,8771.28053868177
721,218220,2182.20,6037218220,"Census Tract 2182.20, Los Angeles County, California",0.25976015915,3877,593,1589,175,1442,178,3.3554,0.7417,1.7845,0.1393,0.6871,0.6871,3.2685,0.8768,9.0955,0.6885,2099,Medium to High,7241641.64746094,11685.4751953659
722,218300,2183.00,6037218300,"Census Tract 2183, Los Angeles County, California",0.34416784788,5281,987,2411,406,2302,414,4.0747,0.9315,1.4845,0.0737,0.712,0.712,2.3795,0.5478,8.6507,0.6301,2100,Medium to High,9696120.90917969,17311.9468665218
723,218400,2184.00,6037218400,"Census Tract 2184, Los Angeles County, California",0.25354005593,4699,780,1547,143,1413,177,3.4982,0.7825,2.5315,0.5076,0.7546,0.7546,2.741,0.7046,9.5253,0.7395,2101,Medium to High,7068249.54882813,12186.9978966189
724,218500,2185.00,6037218500,"Census Tract 2185, Los Angeles County, California",0.20202980201,2655,398,1054,116,959,115,3.3102,0.7283,2.8323,0.6824,0.8501,0.8501,2.5049,0.601,9.4975,0.7357,2102,Medium to High,5632253.48730469,11047.4082436599
725,218600,2186.00,6037218600,"Census Tract 2186, Los Angeles County, California",0.16626594595,3081,555,1182,150,1134,152,3.2255,0.7044,1.9246,0.1905,0.7242,0.7242,2.5245,0.609,8.3988,0.5956,2103,Medium to High,4635201.61328125,8987.92736110265
726,218701,2187.01,6037218701,"Census Tract 2187.01, Los Angeles County, California",0.21231864811,2157,288,931,114,858,121,3.4452,0.7671,2.805,0.667,0.8483,0.8483,2.902,0.7661,10.0005,0.8017,2104,High,5919075.32324219,10687.1152596559
727,218702,2187.02,6037218702,"Census Tract 2187.02, Los Angeles County, California",0.13886969244,2232,451,933,116,868,133,3.6099,0.8144,2.9574,0.7444,0.8796,0.8796,3.2805,0.8794,10.7274,0.8892,2105,High,3871444.640625,10285.1016688855
728,218800,2188.00,6037218800,"Census Tract 2188, Los Angeles County, California",0.15893618559,2619,308,1020,125,972,132,3.2951,0.7242,2.5648,0.5254,0.8555,0.8555,3.3157,0.8882,10.0311,0.8064,2106,High,4430870.26757813,9005.06542504084
729,218900,2189.00,6037218900,"Census Tract 2189, Los Angeles County, California",0.27158530511,5757,839,2360,284,2226,289,3.8975,0.8925,2.8376,0.6848,0.8744,0.8744,3.2667,0.8764,10.8762,0.902,2107,High,7571353.92675781,11505.7198201805
730,219010,2190.10,6037219010,"Census Tract 2190.10, Los Angeles County, California",0.17021576941,3318,638,1070,180,1044,182,3.5027,0.7836,2.4681,0.4687,0.8765,0.8765,1.8533,0.3344,8.7006,0.6367,2108,Medium to High,4745319.71679688,9379.45374785567
731,219020,2190.20,6037219020,"Census Tract 2190.20, Los Angeles County, California",0.28050117249,5298,707,1478,148,1366,145,3.8617,0.8845,3.0954,0.8058,0.892,0.892,2.721,0.6974,10.5701,0.8701,2109,High,7819937.95605469,11239.4545102539
732,219300,2193.00,6037219300,"Census Tract 2193, Los Angeles County, California",0.25166553072,3906,771,1524,203,1461,193,3.6763,0.8341,2.6992,0.6021,0.8588,0.8588,3.019,0.8055,10.2533,0.835,2110,High,7016026.57714844,11233.6223018098
733,219500,2195.00,6037219500,"Census Tract 2195, Los Angeles County, California",0.21528545587,2098,294,888,101,833,95,2.233,0.4227,2.802,0.6656,0.766,0.766,0.9553,0.0855,6.7563,0.3712,2111,Low to Medium,6001852.04882813,10424.7034061146
734,219700,2197.00,6037219700,"Census Tract 2197, Los Angeles County, California",0.42181180178,4724,858,1453,152,1328,164,3.54,0.7929,2.7536,0.6347,0.9574,0.9574,2.8036,0.7289,10.0546,0.8105,2112,High,11759434.4335938,16598.0931601433
735,219800,2198.00,6037219800,"Census Tract 2198, Los Angeles County, California",0.17225322967,2915,437,1084,92,978,99,3.3296,0.7336,2.6877,0.595,0.8796,0.8796,3.1517,0.8443,10.0486,0.8096,2113,High,4802120.48339844,9746.01750660658
736,219901,2199.01,6037219901,"Census Tract 2199.01, Los Angeles County, California",0.20266146488,4724,1072,1616,240,1515,248,3.9683,0.9082,2.7658,0.6426,0.8541,0.8541,2.6074,0.6453,10.1956,0.8273,2114,High,5649851.875,10076.126203629
737,219902,2199.02,6037219902,"Census Tract 2199.02, Los Angeles County, California",0.3081673113,3177,355,1151,79,1075,86,3.4411,0.7659,2.2265,0.3393,0.8252,0.8252,2.1413,0.4493,8.6341,0.6281,2115,Medium to High,8619894.37207031,13295.7665299572
738,220000,2200.00,6037220000,"Census Tract 2200, Los Angeles County, California",0.37520929038,4784,1029,2356,472,2114,495,4.2835,0.9653,3.0583,0.7909,0.8467,0.8467,2.4316,0.5693,10.6201,0.8768,2116,High,10460254.6796875,12777.7107924435
739,220100,2201.00,6037220100,"Census Tract 2201, Los Angeles County, California",0.37829231485,2487,393,1176,157,1102,164,3.046,0.6577,2.8207,0.6755,0.9007,0.9007,2.862,0.752,9.6294,0.7559,2117,High,10563286.0566406,16986.1500238768
740,221110,2211.10,6037221110,"Census Tract 2211.10, Los Angeles County, California",0.09043667146,3668,682,1226,203,1071,207,4.5565,0.9931,3.7599,0.981,0.9438,0.9438,4.4955,0.9996,13.7557,1,2118,High,2521209.39550781,6926.35380373945
741,221120,2211.20,6037221120,"Census Tract 2211.20, Los Angeles County, California",0.12258854331,3129,336,867,93,798,77,3.8083,0.871,2.9342,0.7312,0.9643,0.9643,3.2997,0.8844,11.0065,0.9143,2119,High,3417542.64550781,7524.85175928441
742,221210,2212.10,6037221210,"Census Tract 2212.10, Los Angeles County, California",0.13852992268,3331,545,943,123,877,116,3.4689,0.7745,2.5295,0.507,0.8744,0.8744,3.064,0.8186,9.9368,0.7946,2120,High,3861959.83105469,8419.21242163146
743,221220,2212.20,6037221220,"Census Tract 2212.20, Los Angeles County, California",0.2545952727,3227,368,1026,93,972,96,3.8812,0.889,2.7245,0.617,0.9304,0.9304,3.27,0.8772,10.8061,0.8956,2121,High,7097658.14550781,10529.4777746938
744,221302,2213.02,6037221302,"Census Tract 2213.02, Los Angeles County, California",0.17843510879,4204,699,1376,214,1266,221,3.747,0.8524,3.2249,0.8625,0.9229,0.9229,3.5345,0.9391,11.4293,0.9482,2122,High,4974449.32519531,10183.1034037377
745,221303,2213.03,6037221303,"Census Tract 2213.03, Los Angeles County, California",0.090335512736,2697,467,802,85,728,98,4.0802,0.9323,2.9599,0.7457,0.8936,0.8936,3.8134,0.9767,11.7471,0.9675,2123,High,2518370.87988281,6486.09399021374
746,221304,2213.04,6037221304,"Census Tract 2213.04, Los Angeles County, California",0.087742065602,3912,841,1241,145,1167,153,3.7922,0.866,3.6636,0.9705,0.9381,0.9381,3.5432,0.941,11.9371,0.9764,2124,High,2446087.83984375,6306.61158930469
747,221401,2214.01,6037221401,"Census Tract 2214.01, Los Angeles County, California",0.20938736172,3422,483,1294,142,1159,147,3.55,0.7958,3.4073,0.9216,0.8744,0.8744,3.6223,0.9549,11.454,0.9496,2125,High,5837353.24804688,9623.44372464543
748,221402,2214.02,6037221402,"Census Tract 2214.02, Los Angeles County, California",0.20552711393,3188,538,1029,125,945,134,4.1976,0.9528,3.268,0.8775,0.8095,0.8095,3.4043,0.91,11.6794,0.964,2126,High,5729749.37695313,12853.6922662291
749,221500,2215.00,6037221500,"Census Tract 2215, Los Angeles County, California",0.14699752564,3688,564,1229,130,1095,136,4.0264,0.9215,3.9447,0.9937,0.8112,0.8112,4.1346,0.9937,12.9169,0.9986,2127,High,4098035.11816406,8382.81942982525
750,221601,2216.01,6037221601,"Census Tract 2216.01, Los Angeles County, California",0.1428183576,3226,411,996,106,969,107,4.1417,0.9441,2.9891,0.7602,0.8609,0.8609,3.9653,0.9861,11.957,0.9773,2128,High,3981517.75097656,8298.43006947373
751,221602,2216.02,6037221602,"Census Tract 2216.02, Los Angeles County, California",0.20185180899,2711,355,938,81,923,82,3.5524,0.797,2.799,0.6629,0.9253,0.9253,2.6875,0.6816,9.9642,0.7966,2129,High,5627264.42285156,12004.5075179414
752,221710,2217.10,6037221710,"Census Tract 2217.10, Los Angeles County, California",0.12663489227,2890,339,1087,100,965,89,4.1871,0.9516,2.501,0.4887,0.8677,0.8677,3.1935,0.8553,10.7493,0.8913,2130,High,3530350.1328125,8106.015673154
753,221810,2218.10,6037221810,"Census Tract 2218.10, Los Angeles County, California",0.11750473827,2782,331,992,90,904,100,3.9993,0.9164,1.671,0.1091,0.7107,0.7107,3.5275,0.9374,9.9085,0.7911,2131,High,3275832.7421875,7474.75466563932
754,221820,2218.20,6037221820,"Census Tract 2218.20, Los Angeles County, California",0.078866352826,2424,447,1135,154,957,161,3.1445,0.6831,0.4138,0.0051,0.5372,0.5372,3.5071,0.9333,7.6026,0.4847,2132,Low to Medium,2198662.4765625,5840.35233760184
755,221900,2219.00,6037221900,"Census Tract 2219, Los Angeles County, California",0.15831224475,4200,630,1016,100,902,114,3.8261,0.8755,1.4377,0.0657,0.5917,0.5917,3.6848,0.9627,9.5403,0.7417,2133,Medium to High,4413475.86132813,10667.1351248483
756,222001,2220.01,6037222001,"Census Tract 2220.01, Los Angeles County, California",0.1831274064,2942,411,1003,114,946,120,3.2796,0.7203,2.0337,0.2416,0.8402,0.8402,2.6275,0.6556,8.781,0.6486,2134,Medium to High,5105293.14746094,9152.50954022052
757,222002,2220.02,6037222002,"Census Tract 2220.02, Los Angeles County, California",0.25316901191,5072,827,1417,150,1406,153,4.3378,0.9723,3.6046,0.9624,0.9457,0.9457,3.3742,0.9026,12.2623,0.9874,2135,High,7057954.58203125,10841.9186877584
758,222100,2221.00,6037222100,"Census Tract 2221, Los Angeles County, California",0.18491776137,4614,644,1249,137,1205,140,3.8475,0.8799,3.2131,0.8583,0.9007,0.9007,2.6416,0.6632,10.6029,0.8744,2136,High,5155222.42773438,10486.7720711254
759,222200,2222.00,6037222200,"Census Tract 2222, Los Angeles County, California",0.18605058464,4127,637,1327,163,1264,164,3.9188,0.8964,2.9133,0.722,0.8796,0.8796,2.7771,0.7191,10.4888,0.8599,2137,High,5186787.015625,10532.8445799192
760,222500,2225.00,6037222500,"Census Tract 2225, Los Angeles County, California",0.25191804143,5195,840,1348,149,1229,147,3.6176,0.8164,2.9424,0.7355,0.9213,0.9213,2.5106,0.6031,9.9919,0.8004,2138,High,7023063.34375,10606.6076163718
761,222600,2226.00,6037222600,"Census Tract 2226, Los Angeles County, California",0.25171456568,5638,720,1878,168,1669,173,4.538,0.9919,2.3222,0.3869,0.8252,0.8252,3.2013,0.8578,10.8867,0.9031,2139,High,7017410.72070313,10585.6178187577
762,222700,2227.00,6037222700,"Census Tract 2227, Los Angeles County, California",0.31732796735,3959,467,143,47,108,40,2.1989,0.4118,0.064,0.0007,0.4454,0.4454,3.8554,0.9788,6.5637,0.3423,2140,Low to Medium,8846637.47753906,13629.6091256229
763,224010,2240.10,6037224010,"Census Tract 2240.10, Los Angeles County, California",0.3206187147,2906,463,1787,177,1558,182,3.5636,0.8001,2.415,0.4398,0.7813,0.7813,4.2805,0.9973,11.0404,0.9187,2141,High,8938274.89550781,13900.8250436696
764,224020,2240.20,6037224020,"Census Tract 2240.20, Los Angeles County, California",0.47580546376,2746,512,1020,108,895,119,4.2153,0.9556,3.137,0.8252,0.9007,0.9007,3.5805,0.9476,11.8335,0.9718,2142,High,13264716.3652344,15226.2332277267
765,224200,2242.00,6037224200,"Census Tract 2242, Los Angeles County, California",0.14216121199,2632,462,826,140,796,143,3.6867,0.8368,2.985,0.7582,0.9286,0.9286,3.3931,0.9072,10.9934,0.913,2143,High,3963203.18066406,8643.30018235992
766,224310,2243.10,6037224310,"Census Tract 2243.10, Los Angeles County, California",0.069804152784,2169,378,637,43,611,53,3.5532,0.7973,2.9136,0.7222,0.897,0.897,3.6079,0.9516,10.9717,0.9109,2144,High,1946036.70117188,6759.46035333643
767,224320,2243.20,6037224320,"Census Tract 2243.20, Los Angeles County, California",0.11226649244,2947,714,1172,207,1155,208,4.2728,0.9642,4.1204,0.9982,0.9844,0.9844,3.5713,0.9462,12.9489,0.9989,2145,High,3129822.62207031,8444.16960529182
768,224410,2244.10,6037224410,"Census Tract 2244.10, Los Angeles County, California",0.17500883964,3083,521,1229,206,1140,201,3.7863,0.8643,2.0533,0.2503,0.6511,0.6511,3.4941,0.9308,9.9848,0.799,2146,High,4878956.81445313,10535.0547115828
769,224420,2244.20,6037224420,"Census Tract 2244.20, Los Angeles County, California",0.13847818501,2651,442,943,151,883,157,4.6696,0.9988,2.9569,0.7438,0.9026,0.9026,3.8678,0.9799,12.3969,0.9917,2147,High,3860569.88671875,8969.15287181532
770,224600,2246.00,6037224600,"Census Tract 2246, Los Angeles County, California",0.27757876645,3280,388,838,72,790,78,4.227,0.9579,3.3028,0.8905,0.9557,0.9557,3.7597,0.971,12.2452,0.9866,2148,High,7738462.97851563,11201.3241714409
771,224701,2247.01,6037224701,"Census Tract 2247.01, Los Angeles County, California",0.090922773878,2880,271,320,55,264,47,2.3764,0.4652,0.3944,0.0049,0.5298,0.5298,4.6838,1,7.9844,0.5385,2149,Medium to High,2534774.99121094,7580.36282960406
772,224702,2247.02,6037224702,"Census Tract 2247.02, Los Angeles County, California",0.15272882373,3145,377,858,106,714,104,3.9345,0.9004,0.2476,0.0025,0.4783,0.4783,3.619,0.9541,8.2794,0.58,2150,Medium to High,4257851.05566406,9804.97567762008
773,226001,2260.01,6037226001,"Census Tract 2260.01, Los Angeles County, California",0.39952444993,2268,407,592,99,580,99,4.2079,0.9539,2.9329,0.7309,0.9844,0.9844,2.7632,0.7141,10.8884,0.9035,2151,High,11138123.3925781,19074.2695759404
774,226002,2260.02,6037226002,"Census Tract 2260.02, Los Angeles County, California",0.99164314119,2053,494,1313,137,1157,150,4.1107,0.9376,1.8266,0.152,0.5787,0.5787,3.3004,0.8848,9.8164,0.7798,2152,High,27645340.9199219,21400.4110883514
775,226410,2264.10,6037226410,"Census Tract 2264.10, Los Angeles County, California",0.10906725127,3627,492,906,83,872,86,4.3191,0.9702,3.5686,0.9578,0.9948,0.9948,2.7134,0.6936,11.5959,0.9594,2153,High,3040629.92675781,7123.36499352983
776,226420,2264.20,6037226420,"Census Tract 2264.20, Los Angeles County, California",0.16484238788,5382,770,1358,130,1330,133,4.5811,0.9952,3.0112,0.7704,0.9865,0.9865,2.693,0.6844,11.2718,0.9374,2154,High,4595545.90136719,8778.89296499147
777,226701,2267.01,6037226701,"Census Tract 2267.01, Los Angeles County, California",0.14521605102,3135,463,646,43,646,43,3.0023,0.6455,2.4395,0.4537,0.9948,0.9948,2.1034,0.4331,8.54,0.6144,2155,Medium to High,4048388.26074219,9183.65227453458
778,226702,2267.02,6037226702,"Census Tract 2267.02, Los Angeles County, California",0.15699640914,4954,1234,892,179,892,179,4.2412,0.96,3.5211,0.9494,0.9948,0.9948,2.4323,0.5696,11.1894,0.9307,2156,High,4376816.15722656,12056.3770528975
779,227010,2270.10,6037227010,"Census Tract 2270.10, Los Angeles County, California",0.2236295062,5163,933,1142,217,1106,219,4.4881,0.9883,3.404,0.921,0.9691,0.9691,2.8681,0.7547,11.7293,0.9664,2157,High,6234440.73535156,11858.4771762696
780,227020,2270.20,6037227020,"Census Tract 2270.20, Los Angeles County, California",0.16993082614,3726,757,853,123,828,127,4.0663,0.9301,3.0314,0.7805,0.9936,0.9936,2.4754,0.5881,10.5667,0.8692,2158,High,4737436.15429688,9166.08039068176
781,228100,2281.00,6037228100,"Census Tract 2281, Los Angeles County, California",0.38738694746,5377,1094,1274,266,1159,282,3.9313,0.8993,3.2429,0.8681,0.8936,0.8936,2.0772,0.4208,10.145,0.8211,2159,High,10799828.7304688,15274.7696639512
782,228210,2282.10,6037228210,"Census Tract 2282.10, Los Angeles County, California",0.15870027726,4338,572,1065,114,1038,117,4.6069,0.9966,3.946,0.9939,0.9893,0.9893,2.576,0.632,12.1182,0.9832,2160,High,4424348.07714844,9184.58651910324
783,228220,2282.20,6037228220,"Census Tract 2282.20, Los Angeles County, California",0.14139595783,4490,571,1006,105,955,104,4.4151,0.9815,3.6296,0.9659,0.9762,0.9762,3.2757,0.8784,12.2966,0.9884,2161,High,3941934.15039063,9102.4923805429
784,228310,2283.10,6037228310,"Census Tract 2283.10, Los Angeles County, California",0.21093485854,4562,540,1043,106,1034,108,3.9366,0.9009,3.1619,0.8353,0.9762,0.9762,2.78,0.7201,10.8547,0.8997,2162,High,5880551.42578125,11254.2576702564
785,228320,2283.20,6037228320,"Census Tract 2283.20, Los Angeles County, California",0.13013220418,3271,587,745,117,718,118,3.6954,0.8391,3.0579,0.7908,0.9948,0.9948,3.1076,0.8313,10.8557,0.8998,2163,High,3627882.02148438,10223.8135548083
786,228410,2284.10,6037228410,"Census Tract 2284.10, Los Angeles County, California",0.10722631693,3489,533,746,103,731,110,4.2487,0.9611,3.1465,0.8294,0.978,0.978,1.9404,0.3685,10.3136,0.8419,2164,High,2989299.76464844,7107.13379027805
787,228420,2284.20,6037228420,"Census Tract 2284.20, Los Angeles County, California",0.10710199209,3337,600,719,79,691,84,3.9129,0.8949,3.2363,0.8666,0.9948,0.9948,2.1939,0.4715,10.3379,0.8442,2165,High,2985840.07519531,7921.09657881054
788,228500,2285.00,6037228500,"Census Tract 2285, Los Angeles County, California",0.17331964339,5196,1194,1226,164,1166,161,4.5172,0.9907,2.8306,0.6809,0.9948,0.9948,2.1994,0.4735,10.542,0.8656,2166,High,4831907.05664063,9216.98060665838
789,228600,2286.00,6037228600,"Census Tract 2286, Los Angeles County, California",0.20346146823,5041,929,1165,156,1120,164,4.1791,0.9505,3.3139,0.8941,0.9893,0.9893,3.5439,0.9411,12.0262,0.9792,2167,High,5672241.82128906,9590.92679289131
790,228710,2287.10,6037228710,"Census Tract 2287.10, Los Angeles County, California",0.15628984248,4024,602,1058,145,1028,146,4.072,0.931,2.7023,0.6039,0.9591,0.9591,2.4644,0.5833,10.1978,0.8275,2168,High,4357156.30078125,9256.84888135475
791,228720,2287.20,6037228720,"Census Tract 2287.20, Los Angeles County, California",0.1560438955,5053,551,1126,134,1105,135,4.2552,0.9619,3.3112,0.8931,0.9762,0.9762,2.1212,0.4412,10.6638,0.8826,2169,High,4350304.99316406,9244.66586025837
792,228800,2288.00,6037228800,"Census Tract 2288, Los Angeles County, California",0.32605696137,5421,813,1302,174,1236,187,4.5584,0.9934,3.2355,0.8662,0.9948,0.9948,2.969,0.7893,11.7577,0.968,2170,High,9090038.06640625,12361.1824283789
793,228900,2289.00,6037228900,"Census Tract 2289, Los Angeles County, California",0.19904214473,2947,517,799,134,754,143,4.0804,0.9324,4.0783,0.9975,0.9912,0.9912,2.4061,0.5604,11.556,0.9561,2171,High,5549020.78027344,9659.07222731673
794,229100,2291.00,6037229100,"Census Tract 2291, Los Angeles County, California",0.183417369,5157,550,1140,162,1101,161,3.9436,0.9021,3.4247,0.9258,0.9691,0.9691,1.8698,0.3412,10.2072,0.8284,2172,High,5113467.67089844,9150.08471405735
795,229200,2292.00,6037229200,"Census Tract 2292, Los Angeles County, California",0.17207562275,5012,964,1262,140,1168,143,3.9856,0.9127,2.371,0.4132,0.9912,0.9912,2.8336,0.7399,10.1814,0.8257,2173,High,4797268.25488281,8927.11460836094
796,229300,2293.00,6037229300,"Census Tract 2293, Los Angeles County, California",0.19398382243,5846,965,1478,234,1440,237,4.6892,0.999,3.3212,0.8971,0.9204,0.9204,3.6702,0.9609,12.601,0.9946,2174,High,5413564.17382813,9545.1720431817
797,229410,2294.10,6037229410,"Census Tract 2294.10, Los Angeles County, California",0.20943176345,3948,1064,910,140,866,135,3.6602,0.8293,2.8877,0.7105,0.9643,0.9643,2.0832,0.4237,9.5954,0.7496,2175,Medium to High,5838700.42675781,9706.99013629617
798,229420,2294.20,6037229420,"Census Tract 2294.20, Los Angeles County, California",0.22554418601,4421,517,1068,86,1043,84,4.4491,0.9846,2.8689,0.7023,0.9815,0.9815,2.4527,0.5787,10.7522,0.8916,2176,High,6287881.44042969,10052.1105426281
799,231100,2311.00,6037231100,"Census Tract 2311, Los Angeles County, California",0.34519796802,3374,842,745,82,672,97,4.3713,0.976,3.1835,0.8444,0.8649,0.8649,3.6105,0.9523,12.0302,0.9797,2177,High,9623608.30078125,12919.9545913165
800,231210,2312.10,6037231210,"Census Tract 2312.10, Los Angeles County, California",0.12381634767,3975,705,1283,171,1195,176,4.4627,0.9862,2.7944,0.661,0.9557,0.9557,2.5913,0.6371,10.8041,0.8955,2178,High,3451814.0390625,7922.64482479059
801,231220,2312.20,6037231220,"Census Tract 2312.20, Los Angeles County, California",0.37265715616,4482,773,1438,211,1430,210,4.6216,0.9973,3.6402,0.9674,0.9666,0.9666,3.4247,0.9141,12.6531,0.9954,2179,High,10389133.6279297,13177.4647886222
802,231301,2313.01,6037231301,"Census Tract 2313.01, Los Angeles County, California",0.090320068656,2349,563,862,158,827,163,3.3959,0.7528,3.1587,0.8339,0.8796,0.8796,2.9661,0.7879,10.4003,0.8516,2180,High,2517991.86425781,7081.84364682824
803,231302,2313.02,6037231302,"Census Tract 2313.02, Los Angeles County, California",0.16352346345,3258,686,934,145,889,153,3.0445,0.6575,2.248,0.3516,0.9438,0.9438,2.2225,0.482,8.4588,0.6031,2181,Medium to High,4558808.49121094,10645.9613594815
804,231400,2314.00,6037231400,"Census Tract 2314, Los Angeles County, California",0.23978285557,4869,725,1639,197,1552,196,3.3546,0.7414,3.034,0.782,0.9269,0.9269,2.5663,0.6279,9.8818,0.7885,2182,High,6684775.59277344,10350.6337994934
805,231500,2315.00,6037231500,"Census Tract 2315, Los Angeles County, California",0.35490766111,5257,726,1493,155,1441,156,3.5258,0.7887,2.9529,0.7413,0.9815,0.9815,2.283,0.5064,9.7432,0.7699,2183,High,9894305.6875,12798.5165336442
806,231601,2316.01,6037231601,"Census Tract 2316.01, Los Angeles County, California",0.12331634558,2652,590,806,187,764,186,3.4988,0.7828,2.8171,0.6734,0.9609,0.9609,1.8416,0.3296,9.1184,0.6916,2184,Medium to High,3437892.95996094,7854.05497462648
807,231602,2316.02,6037231602,"Census Tract 2316.02, Los Angeles County, California",0.12162714933,2088,370,664,109,598,119,3.2348,0.7076,2.4187,0.4423,0.892,0.892,2.4044,0.559,8.9499,0.6708,2185,Medium to High,3390802.81347656,7818.1225249349
808,231603,2316.03,6037231603,"Census Tract 2316.03, Los Angeles County, California",0.12365418483,2782,661,843,183,828,181,3.5124,0.7861,3.7782,0.9829,0.9337,0.9337,3.2316,0.8658,11.4559,0.9497,2186,High,3447314.2109375,7867.58707397306
809,231710,2317.10,6037231710,"Census Tract 2317.10, Los Angeles County, California",0.12501403607,4135,829,1291,161,1239,169,4.3597,0.9746,2.7767,0.6495,0.9796,0.9796,3.2969,0.8837,11.4129,0.9475,2187,High,3485223.42675781,7941.54871724913
810,231720,2317.20,6037231720,"Census Tract 2317.20, Los Angeles County, California",0.18233242238,5016,867,1599,187,1454,198,4.1016,0.9358,3.5118,0.9474,0.9624,0.9624,3.4512,0.9198,12.027,0.9793,2188,High,5083179.13085938,9121.12455477846
811,231800,2318.00,6037231800,"Census Tract 2318, Los Angeles County, California",0.20087265432,5720,749,1478,148,1447,149,4.6547,0.9982,2.9266,0.728,0.9948,0.9948,3.1898,0.8538,11.7659,0.9683,2189,High,5600044.98144531,9533.13487131229
812,231901,2319.01,6037231901,"Census Tract 2319.01, Los Angeles County, California",0.094503483826,3137,1092,813,170,789,174,4.0093,0.9186,2.116,0.2801,0.9865,0.9865,3.1079,0.8315,10.2197,0.8301,2190,High,2634646.87597656,6630.60277637427
813,231902,2319.02,6037231902,"Census Tract 2319.02, Los Angeles County, California",0.12512716396,3261,480,780,75,761,87,3.6893,0.8373,3.3517,0.9058,0.9912,0.9912,3.0135,0.8032,11.0457,0.9193,2191,High,3488404.81835938,9940.72399028751
814,232110,2321.10,6037232110,"Census Tract 2321.10, Los Angeles County, California",0.14673150137,2920,499,859,85,816,95,4.254,0.9618,3.5936,0.9606,0.9893,0.9893,3.1702,0.8486,12.0071,0.9787,2192,High,4090675.07714844,8787.834136781
815,232120,2321.20,6037232120,"Census Tract 2321.20, Los Angeles County, California",0.20149736735,5457,798,1576,198,1473,206,4.3405,0.9725,3.1329,0.8239,0.9844,0.9844,2.9146,0.7701,11.3724,0.9452,2193,High,5617477.71386719,9730.33918734041
816,232200,2322.00,6037232200,"Census Tract 2322, Los Angeles County, California",0.201912427,3619,617,926,117,869,125,3.6436,0.8246,3.057,0.7904,0.9544,0.9544,4.0203,0.9886,11.6753,0.9638,2194,High,5629053.38574219,10868.6422711677
817,232300,2323.00,6037232300,"Census Tract 2323, Los Angeles County, California",0.24276587962,5492,812,1198,196,1198,196,3.3273,0.7326,2.972,0.7522,0.9544,0.9544,3.4737,0.926,10.7274,0.8892,2195,High,6768013.82226563,11548.1232607057
818,232401,2324.01,6037232401,"Census Tract 2324.01, Los Angeles County, California",0.21995806228,3912,785,1168,202,1108,195,3.6713,0.8325,3.4282,0.9269,0.9304,0.9304,2.6906,0.6831,10.7205,0.8881,2196,High,6132156.90429688,11911.3029769266
819,232402,2324.02,6037232402,"Census Tract 2324.02, Los Angeles County, California",0.20975377252,3089,489,1038,108,904,125,2.9744,0.6385,2.693,0.5982,0.8884,0.8884,2.5509,0.6213,9.1067,0.6904,2197,Medium to High,5847679.49316406,11262.2426815821
820,232500,2325.00,6037232500,"Census Tract 2325, Los Angeles County, California",0.29640703048,5039,886,1535,155,1465,162,3.7833,0.8636,3.3113,0.8932,0.9844,0.9844,2.5271,0.6107,10.6061,0.8752,2198,High,8263480.37792969,11962.4356315049
821,232601,2326.01,6037232601,"Census Tract 2326.01, Los Angeles County, California",0.10187880423,1905,338,586,73,551,87,3.0371,0.6558,3.1903,0.8479,0.9893,0.9893,1.7775,0.3057,8.9942,0.677,2199,Medium to High,2840257.27539063,7004.33367054671
822,232602,2326.02,6037232602,"Census Tract 2326.02, Los Angeles County, California",0.20518232484,4840,840,1352,120,1321,135,3.9637,0.9073,3.4295,0.9273,0.9796,0.9796,2.5667,0.6283,10.9395,0.9082,2200,High,5720224.44726563,9605.28951100321
823,232701,2327.01,6037232701,"Census Tract 2327.01, Los Angeles County, California",0.10713403855,2464,366,591,102,577,103,2.9683,0.6371,3.3286,0.8986,0.9361,0.9361,3.5862,0.9485,10.8192,0.8967,2201,High,2986772.95703125,7152.59067883982
824,232702,2327.02,6037232702,"Census Tract 2327.02, Los Angeles County, California",0.17518490215,4290,913,1107,97,1011,106,3.7884,0.8648,2.8246,0.6778,0.971,0.971,3.0643,0.8188,10.6483,0.8805,2202,High,4883945.1796875,8854.78008103226
825,232800,2328.00,6037232800,"Census Tract 2328, Los Angeles County, California",0.16472810169,4568,654,966,66,933,66,4.0417,0.9256,3.188,0.8468,0.9865,0.9865,2.3742,0.5463,10.5904,0.8726,2203,High,4592442.83984375,8716.84535818007
826,234001,2340.01,6037234001,"Census Tract 2340.01, Los Angeles County, California",0.26148449068,2595,386,1085,130,1033,137,1.735,0.2785,2.343,0.3981,0.835,0.835,2.19,0.4693,7.103,0.4197,2204,Low to Medium,7289805.94824219,15674.6574757849
827,234002,2340.02,6037234002,"Census Tract 2340.02, Los Angeles County, California",0.21800863328,2711,623,1069,146,982,158,2.5475,0.5137,3.2983,0.8888,0.9381,0.9381,2.8332,0.7395,9.6171,0.7535,2205,High,6077750.20507813,13242.674443885
828,234200,2342.00,6037234200,"Census Tract 2342, Los Angeles County, California",0.34089177241,2520,358,1177,122,1162,123,1.3325,0.1718,1.807,0.147,0.7943,0.7943,1.6467,0.2565,5.5805,0.2109,2206,Low,9503536.84667969,13022.7170080507
829,234301,2343.01,6037234301,"Census Tract 2343.01, Los Angeles County, California",0.19458923037,1869,582,976,146,918,165,1.5463,0.2256,1.271,0.0453,0.8095,0.8095,1.3397,0.1652,4.9665,0.1397,2207,Low,5424886.04589844,9432.67571247681
830,234302,2343.02,6037234302,"Census Tract 2343.02, Los Angeles County, California",0.14143109311,2144,555,1495,230,1340,225,3.2699,0.7171,1.2782,0.0463,0.9948,0.9948,1.4393,0.1927,6.9822,0.4041,2208,Low to Medium,3942923.41796875,9264.00463444525
831,234501,2345.01,6037234501,"Census Tract 2345.01, Los Angeles County, California",0.2902714836,2974,626,971,97,872,118,3.3344,0.7351,3.5454,0.9538,0.905,0.905,2.7351,0.7026,10.5199,0.864,2209,High,8092378.41210938,12751.3460182685
832,234502,2345.02,6037234502,"Census Tract 2345.02, Los Angeles County, California",0.21036960521,3195,655,1278,157,1188,164,3.3864,0.7497,2.7386,0.6252,0.9185,0.9185,2.476,0.5882,9.5195,0.7389,2210,Medium to High,5864850.86523438,11665.446044092
833,234600,2346.00,6037234600,"Census Tract 2346, Los Angeles County, California",0.50319167862,5011,710,1828,196,1676,205,3.676,0.834,3.0682,0.7952,0.8945,0.8945,2.8422,0.7433,10.4809,0.859,2211,High,14034822.8710938,17840.2050305786
834,234700,2347.00,6037234700,"Census Tract 2347, Los Angeles County, California",0.28651007792,3692,648,1473,145,1357,165,3.7287,0.8467,2.4101,0.4364,0.9844,0.9844,2.711,0.6924,9.8342,0.7824,2212,High,7987585.6640625,14837.8394229108
835,234800,2348.00,6037234800,"Census Tract 2348, Los Angeles County, California",0.25258406738,3371,600,1173,139,1142,143,2.8589,0.6046,2.439,0.4533,0.9493,0.9493,2.6214,0.653,8.8686,0.661,2213,Medium to High,7041768.82324219,10614.4641677181
836,234901,2349.01,6037234901,"Census Tract 2349.01, Los Angeles County, California",0.12564222402,3315,589,1388,240,1268,242,4.0982,0.935,3.4369,0.9289,0.9762,0.9762,3.562,0.9443,12.0733,0.9818,2214,High,3502786.04296875,7934.90032859102
837,234902,2349.02,6037234902,"Census Tract 2349.02, Los Angeles County, California",0.17286481524,4222,816,2013,449,1843,459,4.5035,0.9897,3.4667,0.9363,0.9026,0.9026,3.3889,0.9056,12.2617,0.9873,2215,High,4819302.62109375,9961.99756161397
838,235100,2351.00,6037235100,"Census Tract 2351, Los Angeles County, California",0.45616947435,4229,583,1981,178,1747,196,3.036,0.6555,2.1528,0.2998,0.8131,0.8131,2.5728,0.6307,8.5747,0.6183,2216,Medium to High,12717505.8144531,18160.6306620231
839,235201,2352.01,6037235201,"Census Tract 2352.01, Los Angeles County, California",0.25197248181,2835,622,996,107,943,113,2.4875,0.496,3.0506,0.7875,0.9185,0.9185,3.3928,0.9071,9.8494,0.7846,2217,High,7024758.05078125,10666.3390582408
840,235202,2352.02,6037235202,"Census Tract 2352.02, Los Angeles County, California",0.32878631641,4068,526,1989,121,1804,138,4.1524,0.9457,2.8586,0.6968,0.9666,0.9666,2.6906,0.6831,10.6682,0.8833,2218,High,9166266.04101563,13212.6170633108
841,236001,2360.01,6037236001,"Census Tract 2360.01, Los Angeles County, California",0.82409958372,4082,578,2255,229,2054,233,1.8662,0.3156,2.1033,0.2723,0.6121,0.6121,1.3929,0.1783,5.9745,0.2679,2219,Low to Medium,23712466.625,28147.4113028653
842,236101,2361.01,6037236101,"Census Tract 2361.01, Los Angeles County, California",0.24425777775,2628,488,1394,221,1320,237,4.0976,0.9345,3.1067,0.8108,0.9609,0.9609,2.6707,0.6755,10.8359,0.8979,2220,High,6809528.82910156,11729.68165824
843,236102,2361.02,6037236102,"Census Tract 2361.02, Los Angeles County, California",0.1922984872,3405,668,2110,460,1934,472,3.2266,0.7052,1.9766,0.215,0.9253,0.9253,2.6344,0.6595,8.7629,0.6448,2221,Medium to High,5360995.73828125,11929.9282621115
844,236203,2362.03,6037236203,"Census Tract 2362.03, Los Angeles County, California",0.13101985268,3599,918,1626,169,1443,187,3.9371,0.9011,3.2401,0.8676,0.9401,0.9401,3.3567,0.8975,11.474,0.9503,2222,High,3652629.54785156,10831.8545216158
845,236204,2362.04,6037236204,"Census Tract 2362.04, Los Angeles County, California",0.08875326674,3137,654,1458,122,1239,134,4.3609,0.975,3.2257,0.8629,0.9438,0.9438,2.7708,0.717,11.3012,0.94,2223,High,2474305.859375,6697.41820601035
846,236205,2362.05,6037236205,"Census Tract 2362.05, Los Angeles County, California",0.064476331286,3347,672,1439,180,1281,133,4.2508,0.9614,3.1068,0.8109,0.8483,0.8483,2.7583,0.7122,10.9642,0.9101,2224,High,1797512.57910156,6066.19739897522
847,236206,2362.06,6037236206,"Census Tract 2362.06, Los Angeles County, California",0.10615681439,2568,574,1438,289,1304,290,4.1434,0.9443,3.2679,0.8774,0.9731,0.9731,2.4252,0.5669,10.8096,0.8962,2225,High,2959494.97167969,9723.37433111435
848,236400,2364.00,6037236400,"Census Tract 2364, Los Angeles County, California",0.517569731,4368,576,2255,221,2140,230,2.46,0.4886,2.1306,0.2886,0.8324,0.8324,1.199,0.134,6.622,0.3513,2226,Low to Medium,14429101.3203125,19388.9599555708
849,237101,2371.01,6037237101,"Census Tract 2371.01, Los Angeles County, California",0.24283460578,4099,634,1021,67,992,61,3.6233,0.8186,3.2301,0.8648,0.9844,0.9844,2.2109,0.4776,10.0487,0.8097,2227,High,6769968.67480469,10352.1863624444
850,237102,2371.02,6037237102,"Census Tract 2371.02, Los Angeles County, California",0.17759302033,4054,718,1035,132,1008,135,3.8479,0.88,3.6043,0.9623,0.9731,0.9731,3.0787,0.8223,11.504,0.9524,2228,High,4951073.34863281,9013.08052987855
851,237201,2372.01,6037237201,"Census Tract 2372.01, Los Angeles County, California",0.17506096341,4049,617,1098,131,1046,139,3.8898,0.8906,2.771,0.6456,0.9731,0.9731,1.7033,0.2765,9.3372,0.7166,2229,Medium to High,4880490.05859375,8888.39175731614
852,237202,2372.02,6037237202,"Census Tract 2372.02, Los Angeles County, California",0.42781723228,4611,888,1295,140,1237,136,4.2637,0.963,3.3388,0.9014,0.9511,0.9511,3.2555,0.8731,11.8091,0.9704,2230,High,11932147.546875,14393.4155287362
853,237300,2373.00,6037237300,"Census Tract 2373, Los Angeles County, California",0.38521049048,5407,1089,1923,193,1817,199,3.4636,0.7735,2.4361,0.4516,0.9469,0.9469,2.2913,0.5114,9.1379,0.6938,2231,Medium to High,10739283.6943359,13459.4831275748
854,237401,2374.01,6037237401,"Census Tract 2374.01, Los Angeles County, California",0.19927148932,4490,568,1110,99,1095,103,3.7555,0.855,2.6202,0.5543,0.9493,0.9493,2.1069,0.4343,9.4319,0.7281,2232,Medium to High,5555453.76757813,9560.84363432679
855,237402,2374.02,6037237402,"Census Tract 2374.02, Los Angeles County, California",0.20124794546,3605,645,1022,120,1015,121,3.3718,0.7462,2.3271,0.3901,0.9318,0.9318,2.9968,0.7968,9.6275,0.7553,2233,High,5610580.94042969,9623.63874555292
856,237500,2375.00,6037237500,"Census Tract 2375, Los Angeles County, California",0.13024340156,2728,529,829,70,789,76,3.7797,0.862,3.7847,0.9834,0.9643,0.9643,3.3995,0.9091,11.9282,0.976,2234,High,3631027.8125,8245.23339820355
857,237600,2376.00,6037237600,"Census Tract 2376, Los Angeles County, California",0.19449463538,3914,701,1213,122,1165,123,4.5722,0.9949,3.8013,0.9849,0.9844,0.9844,2.4356,0.5716,11.7935,0.9694,2235,High,5422351.28613281,9469.49549827177
858,237710,2377.10,6037237710,"Census Tract 2377.10, Los Angeles County, California",0.16690455866,4728,1217,1129,139,1093,138,4.304,0.9682,2.6296,0.5598,0.9865,0.9865,2.2778,0.5039,10.1979,0.8276,2236,High,4653115.33300781,9397.90901525515
859,237720,2377.20,6037237720,"Census Tract 2377.20, Los Angeles County, California",0.12557002295,3855,772,935,117,883,126,3.6216,0.8179,2.9999,0.7655,0.9574,0.9574,3.0686,0.8196,10.6475,0.8802,2237,High,3500760.40234375,8731.09125764457
860,237800,2378.00,6037237800,"Census Tract 2378, Los Angeles County, California",0.37559423407,4015,629,1402,163,1338,169,3.7522,0.854,3.1477,0.8299,0.9731,0.9731,2.239,0.489,10.112,0.8172,2238,High,10471227.2998047,13143.564045055
861,237900,2379.00,6037237900,"Census Tract 2379, Los Angeles County, California",0.37829424536,4651,831,1409,140,1389,145,3.7932,0.8665,3.4263,0.9266,0.9337,0.9337,2.316,0.5214,10.4692,0.8582,2239,High,10546505.3662109,13264.74528853
862,238000,2380.00,6037238000,"Census Tract 2380, Los Angeles County, California",0.64230847634,6232,1016,2467,342,2408,353,3.4547,0.7702,2.9279,0.7285,0.9574,0.9574,2.456,0.58,9.796,0.7765,2240,High,17907171.8144531,21142.2198554434
863,238100,2381.00,6037238100,"Census Tract 2381, Los Angeles County, California",0.3798274564,5314,1101,2200,468,2112,478,2.9195,0.6228,2.9106,0.7208,0.9609,0.9609,2.8515,0.7476,9.6425,0.7573,2241,High,10589252.3486328,13269.9511649831
864,238200,2382.00,6037238200,"Census Tract 2382, Los Angeles County, California",0.39638428236,5448,875,2411,291,2111,287,3.3208,0.7312,3.1994,0.8526,0.9936,0.9936,2.7787,0.7196,10.2925,0.8389,2242,High,11050838.1708984,13886.1109182379
865,238310,2383.10,6037238310,"Census Tract 2383.10, Los Angeles County, California",0.15330874894,5222,918,1430,123,1407,125,3.9525,0.904,3.1945,0.8497,0.9844,0.9844,3.3691,0.9015,11.5005,0.9521,2243,High,4274128.46191406,9306.82543358869
866,238320,2383.20,6037238320,"Census Tract 2383.20, Los Angeles County, California",0.18080345846,3542,657,1127,112,1073,124,4.1586,0.9466,3.1137,0.8144,0.9643,0.9643,3.4848,0.9286,11.7214,0.9662,2244,High,5040668.48828125,9679.32498213222
867,238400,2384.00,6037238400,"Census Tract 2384, Los Angeles County, California",0.50252796928,4618,751,1859,212,1829,216,2.8599,0.6052,2.7873,0.6554,0.9591,0.9591,3.0572,0.8166,9.6635,0.7603,2245,High,14010150.6503906,15895.8089137054
868,239201,2392.01,6037239201,"Census Tract 2392.01, Los Angeles County, California",0.17369532064,3353,379,874,59,846,57,4.128,0.9412,2.8999,0.7161,0.9815,0.9815,2.573,0.631,10.5824,0.8715,2246,High,4842417.28417969,8889.20071749171
869,239202,2392.02,6037239202,"Census Tract 2392.02, Los Angeles County, California",0.49252020544,6442,1362,1279,174,1215,180,4.3947,0.9794,3.3932,0.9187,0.9936,0.9936,2.4875,0.5928,11.269,0.9371,2247,High,13730941.2783203,15869.3904720441
870,239310,2393.10,6037239310,"Census Tract 2393.10, Los Angeles County, California",0.20650858521,4596,788,1075,135,1012,131,4.3606,0.9747,3.048,0.7865,0.9762,0.9762,2.7086,0.6915,11.0934,0.9233,2248,High,5757262.38183594,9679.36833769121
871,239320,2393.20,6037239320,"Census Tract 2393.20, Los Angeles County, California",0.13400557945,3535,415,833,101,802,102,3.9562,0.9051,2.9464,0.7381,0.9948,0.9948,2.5428,0.6175,10.4402,0.8558,2249,High,3735937.26757813,8282.41243407884
872,239330,2393.30,6037239330,"Census Tract 2393.30, Los Angeles County, California",0.37819578935,2795,903,723,104,705,105,3.7626,0.8569,2.7524,0.6343,0.9865,0.9865,1.8232,0.3222,9.3247,0.7152,2250,Medium to High,10543713.9462891,13439.6673056477
873,239501,2395.01,6037239501,"Census Tract 2395.01, Los Angeles County, California",0.18309535993,3533,370,1006,108,970,109,4.1263,0.9409,3.4615,0.9346,0.9815,0.9815,2.4219,0.5653,10.9912,0.9125,2251,High,5104517.58203125,10575.5848757915
874,239502,2395.02,6037239502,"Census Tract 2395.02, Los Angeles County, California",0.19726530333,3990,570,956,103,911,104,3.8523,0.8813,3.1085,0.812,0.9865,0.9865,2.6981,0.6871,10.6454,0.88,2252,High,5499601.82617188,10820.8885661117
875,239601,2396.01,6037239601,"Census Tract 2396.01, Los Angeles County, California",0.16304662748,3675,575,990,102,890,113,3.8929,0.8914,3.4367,0.9285,0.9865,0.9865,3.4629,0.9234,11.779,0.9686,2253,High,4545566.81640625,9594.70018366332
876,239602,2396.02,6037239602,"Census Tract 2396.02, Los Angeles County, California",0.13825772077,3960,602,984,117,910,121,4.2831,0.9652,3.2686,0.8778,0.9912,0.9912,2.9694,0.7896,11.5123,0.9531,2254,High,3854522.01660156,9274.98296675598
877,239701,2397.01,6037239701,"Census Tract 2397.01, Los Angeles County, California",0.15818135618,4738,951,1143,166,1131,167,4.4988,0.9895,3.3648,0.9101,0.9948,0.9948,2.2089,0.4772,11.0673,0.9209,2255,High,4409986.96972656,9489.69473721034
878,239702,2397.02,6037239702,"Census Tract 2397.02, Los Angeles County, California",0.18775097785,4352,704,1200,129,1164,133,4.4609,0.9857,3.6344,0.9665,0.9893,0.9893,2.9972,0.7972,12.0818,0.9822,2256,High,5234332.89648438,10063.5995137244
879,239801,2398.01,6037239801,"Census Tract 2398.01, Los Angeles County, California",0.14315272193,3761,621,986,116,940,130,4.0734,0.9313,3.4955,0.944,0.9844,0.9844,2.3881,0.5514,10.9414,0.9084,2257,High,3990945.97949219,9960.99727697038
880,239802,2398.02,6037239802,"Census Tract 2398.02, Los Angeles County, California",0.23530870559,5857,1026,1354,115,1313,122,4.21,0.9544,3.2188,0.8602,0.9762,0.9762,2.162,0.458,10.567,0.8693,2258,High,6560226.19921875,11250.5756259178
881,240010,2400.10,6037240010,"Census Tract 2400.10, Los Angeles County, California",0.22719554427,3809,487,1070,85,987,92,4.4256,0.9827,3.4852,0.941,0.9865,0.9865,2.3098,0.5192,11.2071,0.9329,2259,High,6334051.63085938,12212.8374020254
882,240020,2400.20,6037240020,"Census Tract 2400.20, Los Angeles County, California",0.27776679813,5321,947,1325,165,1248,168,4.5183,0.9908,3.3964,0.9196,0.9893,0.9893,2.6558,0.6693,11.5598,0.9564,2260,High,7748277.60253906,12850.8843763373
883,240200,2402.00,6037240200,"Census Tract 2402, Los Angeles County, California",0.28834637903,5523,903,1502,150,1453,151,4.3669,0.9754,3.339,0.9016,0.9796,0.9796,3.0095,0.8019,11.695,0.9648,2261,High,8038890.13769531,11289.1186549115
884,240301,2403.01,6037240301,"Census Tract 2403.01, Los Angeles County, California",0.18104786102,2881,628,947,172,899,178,4.1928,0.9524,3.9565,0.9946,0.9469,0.9469,3.3104,0.8869,12.4066,0.992,2262,High,5047472.78027344,9223.46086357756
885,240302,2403.02,6037240302,"Census Tract 2403.02, Los Angeles County, California",0.13305692683,2811,638,788,121,765,131,4.1636,0.9486,3.1201,0.8174,0.9936,0.9936,2.3436,0.5337,10.6209,0.877,2263,High,3709528.5703125,8053.69209731189
886,240401,2404.01,6037240401,"Census Tract 2404.01, Los Angeles County, California",0.26758413008,6141,872,1662,244,1591,247,4.1221,0.9398,3.4384,0.9293,0.9865,0.9865,2.5095,0.6025,11.0565,0.9202,2264,High,7460071.13671875,11317.3017187645
887,240402,2404.02,6037240402,"Census Tract 2404.02, Los Angeles County, California",0.2321627465,3626,594,1203,118,1171,119,3.8479,0.88,3.3362,0.9009,0.9438,0.9438,2.4702,0.5854,10.5981,0.8737,2265,High,6472578.21777344,11129.3056181491
888,240500,2405.00,6037240500,"Census Tract 2405, Los Angeles County, California",0.31372061637,7035,1284,1775,198,1726,202,4.588,0.9956,3.307,0.8917,0.9948,0.9948,2.3191,0.5229,11.2089,0.9331,2266,High,8746291.42675781,12263.8117917457
889,240600,2406.00,6037240600,"Census Tract 2406, Los Angeles County, California",0.26095205603,5911,961,1317,119,1230,127,4.4307,0.9833,4.1411,0.9987,0.9691,0.9691,2.2778,0.5039,11.8187,0.9708,2267,High,7275157.38671875,11292.4420796351
890,240700,2407.00,6037240700,"Census Tract 2407, Los Angeles County, California",0.46119768069,6462,752,1764,140,1673,138,4.0426,0.9259,3.1099,0.8125,0.9912,0.9912,3.1508,0.8439,11.2945,0.9388,2268,High,12857922.6875,15031.6461320566
891,240800,2408.00,6037240800,"Census Tract 2408, Los Angeles County, California",0.24349831512,4494,711,1143,101,1132,101,4.4823,0.9876,3.3414,0.9024,0.9865,0.9865,3.5357,0.9393,12.3459,0.99,2269,High,6872458.83203125,13530.5830300822
892,240901,2409.01,6037240901,"Census Tract 2409.01, Los Angeles County, California",0.13317507404,2735,457,597,51,597,51,3.4732,0.7757,2.7519,0.6338,0.9948,0.9948,2.7682,0.7163,9.9881,0.7997,2270,High,3780219.97363281,11130.6497548552
893,240902,2409.02,6037240902,"Census Tract 2409.02, Los Angeles County, California",0.27518068693,3774,1090,856,123,814,122,3.6515,0.8265,3.487,0.9415,0.9948,0.9948,2.0421,0.4077,10.1754,0.8248,2271,High,7741983.11035156,12813.4264672341
894,241001,2410.01,6037241001,"Census Tract 2410.01, Los Angeles County, California",0.34907713481,4445,1198,1127,131,1070,133,3.5931,0.8088,3.7119,0.9772,0.9912,0.9912,2.6921,0.6838,10.9883,0.9122,2272,High,9757944.75292969,18148.0821654072
895,241002,2410.02,6037241002,"Census Tract 2410.02, Los Angeles County, California",0.27310616088,3950,408,965,72,954,72,3.4553,0.7704,3.2624,0.8757,0.9815,0.9815,2.3183,0.5226,10.0175,0.8045,2273,High,7614158.37597656,13017.1702752315
896,241110,2411.10,6037241110,"Census Tract 2411.10, Los Angeles County, California",0.18789151897,3648,861,865,105,802,120,3.5147,0.7863,2.859,0.6973,0.9865,0.9865,2.6887,0.6823,10.0489,0.8098,2274,High,5238307.22265625,10529.9830786973
897,241120,2411.20,6037241120,"Census Tract 2411.20, Los Angeles County, California",0.25625473909,4389,565,1302,194,1302,194,4.4674,0.9867,3.8701,0.9893,0.9731,0.9731,3.5685,0.9456,12.8791,0.998,2275,High,7144247.90136719,11601.9598916146
898,241201,2412.01,6037241201,"Census Tract 2412.01, Los Angeles County, California",0.1876061896,3245,544,918,116,905,117,3.737,0.8493,3.4123,0.923,0.971,0.971,3.2321,0.8662,11.3524,0.9434,2276,High,5230365.49609375,10180.3755200176
899,241202,2412.02,6037241202,"Census Tract 2412.02, Los Angeles County, California",0.44912620166,5922,1010,1590,217,1556,219,4.2381,0.9597,3.7097,0.9768,0.9815,0.9815,3.6128,0.953,12.5421,0.9936,2277,High,12521469.7402344,14033.8089999139
900,241300,2413.00,6037241300,"Census Tract 2413, Los Angeles County, California",0.20159389285,2511,314,761,71,736,75,3.5232,0.7883,3.0026,0.7668,0.9229,0.9229,2.6306,0.6565,10.0793,0.8134,2278,High,5620399.79101563,9957.44682877074
901,241400,2414.00,6037241400,"Census Tract 2414, Los Angeles County, California",0.22222332271,3672,498,983,64,933,68,3.6242,0.8192,2.8645,0.7005,0.971,0.971,3.3148,0.8877,10.7745,0.894,2279,High,6195531.51171875,11029.8514452944
902,242000,2420.00,6037242000,"Census Tract 2420, Los Angeles County, California",0.24970529087,4074,642,1161,150,1124,149,4.4909,0.9885,3.426,0.9264,0.9438,0.9438,2.8053,0.7297,11.666,0.963,2280,High,6961643.93359375,10528.1785329662
903,242100,2421.00,6037242100,"Census Tract 2421, Los Angeles County, California",0.17745827073,2743,464,811,114,755,114,4.0616,0.9292,3.1857,0.8459,0.9936,0.9936,3.0601,0.8176,11.301,0.9398,2281,High,4947449.74316406,9051.88850933651
904,242201,2422.01,6037242201,"Census Tract 2422.01, Los Angeles County, California",0.15815587344,4012,809,1042,175,1006,184,4.3715,0.9762,3.5517,0.9547,0.9936,0.9936,2.4951,0.5958,11.4119,0.9474,2282,High,4409281.00195313,8470.72410271468
905,242202,2422.02,6037242202,"Census Tract 2422.02, Los Angeles County, California",0.15583540042,2816,472,723,74,723,74,4.2553,0.962,3.2713,0.8795,0.9912,0.9912,3.3041,0.886,11.8219,0.9709,2283,High,4344591.40625,11300.9691900041
906,242300,2423.00,6037242300,"Census Tract 2423, Los Angeles County, California",0.24325893188,5073,685,1343,179,1318,184,4.3239,0.971,3.1863,0.8463,0.9865,0.9865,3.418,0.913,11.9147,0.9755,2284,High,6781926.14160156,11506.7628011599
907,242600,2426.00,6037242600,"Census Tract 2426, Los Angeles County, California",0.1837841659,4584,811,1421,180,1381,198,4.2278,0.958,3.5493,0.9544,0.9936,0.9936,2.9408,0.7794,11.7115,0.9656,2285,High,5123820.07226563,9153.0796943631
908,242700,2427.00,6037242700,"Census Tract 2427, Los Angeles County, California",0.39197461142,5756,972,1474,286,1426,288,3.9154,0.8957,3.2354,0.8661,0.9666,0.9666,2.6127,0.6484,10.7301,0.8894,2286,High,10928074.2509766,14365.6773543994
909,243001,2430.01,6037243001,"Census Tract 2430.01, Los Angeles County, California",0.13381445896,3704,968,768,144,751,146,3.9694,0.9086,2.7224,0.6157,0.9912,0.9912,2.8617,0.7518,10.5447,0.8664,2287,High,3730697.03808594,8231.79234278282
910,243002,2430.02,6037243002,"Census Tract 2430.02, Los Angeles County, California",0.15126781376,2668,459,713,58,571,95,4.0005,0.9167,2.984,0.7579,0.9865,0.9865,1.2426,0.1432,9.2136,0.7029,2288,Medium to High,4217277.00976563,8726.13067872333
911,243100,2431.00,6037243100,"Census Tract 2431, Los Angeles County, California",0.22626851337,6090,801,1507,157,1457,156,4.4632,0.9865,3.1973,0.8517,0.9557,0.9557,3.4602,0.9223,12.0764,0.982,2289,High,6308270.58984375,10561.4628785117
912,261102,2611.02,6037261102,"Census Tract 2611.02, Los Angeles County, California",3.0703583939,3630,618,1828,155,1487,191,0.7312,0.0474,2.3183,0.3849,0.0152,0.0152,0.3078,0.0172,3.3725,0.0221,2290,Low,85593604.8886719,56704.2918421043
913,261103,2611.03,6037261103,"Census Tract 2611.03, Los Angeles County, California",0.80312343426,1815,438,786,106,709,102,1.1906,0.1393,1.3708,0.0563,0.0365,0.0365,0.4166,0.0247,3.0145,0.0107,2291,Low,22388941.0517578,27838.4998903286
914,261104,2611.04,6037261104,"Census Tract 2611.04, Los Angeles County, California",1.7169724279,1606,377,806,123,633,134,0.7642,0.0525,2.2477,0.3514,0.0974,0.0974,0.6891,0.0474,3.7984,0.043,2292,Low,49492157.6845703,45653.6172906773
915,261200,2612.00,6037261200,"Census Tract 2612, Los Angeles County, California",2.8060013043,4185,629,1854,177,1580,207,0.9919,0.0936,1.9032,0.1829,0.0642,0.0642,0.497,0.031,3.4563,0.0259,2293,Low,81700628.9482422,59606.1094844524
916,262100,2621.00,6037262100,"Census Tract 2621, Los Angeles County, California",3.3763507926,2566,364,1396,161,1071,113,0.8124,0.0598,2.2665,0.3593,0.0488,0.0488,0.6954,0.0485,3.8231,0.0443,2294,Low,94415428.2900391,70340.3805224848
917,262200,2622.00,6037262200,"Census Tract 2622, Los Angeles County, California",3.3083169175,4471,697,1957,175,1672,180,0.5207,0.0211,2.1709,0.3091,0.0825,0.0825,2.0879,0.426,4.862,0.1286,2295,Low,92227670.6826172,52227.5225738699
918,262301,2623.01,6037262301,"Census Tract 2623.01, Los Angeles County, California",5.0408473255,2596,286,1004,78,809,76,0.9188,0.0789,1.685,0.1122,0.1646,0.1646,2.027,0.4015,4.7954,0.1225,2296,Low,140540825.003906,74504.4384388123
919,262302,2623.02,6037262302,"Census Tract 2623.02, Los Angeles County, California",1.1828369906,2959,491,1467,211,1324,190,0.6054,0.0303,1.8206,0.1501,0.0365,0.0365,1.1683,0.1279,3.6308,0.0339,2297,Low,32974910.2539063,32417.7476017016
920,262303,2623.03,6037262303,"Census Tract 2623.03, Los Angeles County, California",1.009388003,2759,314,1214,116,1063,130,0.2525,0.0027,2.1129,0.2779,0.0398,0.0398,0.4201,0.0249,2.8253,0.0065,2298,Low,28139675.0458984,29228.9626830496
921,262400,2624.00,6037262400,"Census Tract 2624, Los Angeles County, California",4.3508803488,3059,403,1349,164,1101,149,0.3289,0.0064,2.2726,0.3628,0.0261,0.0261,1.0558,0.1058,3.6834,0.0369,2299,Low,121292178.058594,75093.0314991844
922,262501,2625.01,6037262501,"Census Tract 2625.01, Los Angeles County, California",0.63132233004,3794,651,1450,151,1335,149,0.7893,0.0568,2.3649,0.4108,0.025,0.025,1.0354,0.1009,4.2146,0.0697,2300,Low,17635347.4394531,19927.6728218464
923,262601,2626.01,6037262601,"Census Tract 2626.01, Los Angeles County, California",1.3978247618,3478,447,1363,89,1290,118,0.5734,0.0264,1.6517,0.1055,0.116,0.116,1.1891,0.1324,3.5302,0.0288,2301,Low,38968307.015625,35450.3548126308
924,262604,2626.04,6037262604,"Census Tract 2626.04, Los Angeles County, California",2.1892794214,5532,1172,2454,222,2276,267,0.8764,0.0713,2.062,0.2539,0.0105,0.0105,1.5966,0.2386,4.5455,0.1002,2302,Low,64647106.3447266,54533.465011122
925,262704,2627.04,6037262704,"Census Tract 2627.04, Los Angeles County, California",0.75165526546,3489,448,1783,166,1535,166,0.8589,0.0687,1.8666,0.1666,0.0555,0.0555,2.7988,0.7271,5.5798,0.2108,2303,Low,26641624.0458984,27170.1303167316
926,262706,2627.06,6037262706,"Census Tract 2627.06, Los Angeles County, California",0.88953846729,3692,441,1534,153,1343,146,0.4817,0.0178,2.8402,0.687,0.02,0.02,1.4744,0.2028,4.8163,0.1243,2304,Low,30454573.3837891,23707.3042134753
927,262802,2628.02,6037262802,"Census Tract 2628.02, Los Angeles County, California",1.2845737093,3231,454,1565,198,1307,158,0.8165,0.061,1.9889,0.2208,0.0508,0.0508,0.8336,0.0668,3.6898,0.0372,2305,Low,36638250.1513672,40121.0781619187
928,264000,2640.00,6037264000,"Census Tract 2640, Los Angeles County, California",0.72125050516,3150,468,1347,151,1257,162,0.8774,0.0716,2.3615,0.4087,0.0067,0.0067,0.7556,0.057,4.0012,0.0551,2306,Low,20107064.2675781,22982.7420802761
929,264102,2641.02,6037264102,"Census Tract 2641.02, Los Angeles County, California",0.15308172096,3048,346,1852,170,1699,158,0.9896,0.093,1.9826,0.2178,0.1313,0.1313,1.9289,0.3633,5.0324,0.1472,2307,Low,4267625.33203125,10245.740071267
930,264103,2641.03,6037264103,"Census Tract 2641.03, Los Angeles County, California",0.089005391346,2751,429,1660,202,1562,225,1.8579,0.3129,1.1963,0.038,0.1215,0.1215,1.8977,0.3517,5.0734,0.1514,2308,Low,2481293.70605469,7370.47087714551
931,264303,2643.03,6037264303,"Census Tract 2643.03, Los Angeles County, California",0.08357370841,2836,465,1704,233,1543,191,1.6959,0.2674,0.6198,0.0099,0.1567,0.1567,1.2292,0.1403,3.7016,0.0377,2309,Low,2329882.13671875,6726.72519057916
932,264304,2643.04,6037264304,"Census Tract 2643.04, Los Angeles County, California",0.078653224522,2606,257,1570,151,1446,65,1.7498,0.2822,1.4954,0.0758,0.0683,0.0683,1.6585,0.2605,4.972,0.1407,2310,Low,2192684.75976563,7254.29631047697
933,264305,2643.05,6037264305,"Census Tract 2643.05, Los Angeles County, California",0.51959174717,4688,1665,1938,208,1725,213,1.5549,0.2282,1.9606,0.2073,0.116,0.116,1.7442,0.2928,5.3757,0.185,2311,Low,14485244.1552734,19577.4078199173
934,264306,2643.06,6037264306,"Census Tract 2643.06, Los Angeles County, California",0.13770057559,2000,306,1095,100,989,100,0.9404,0.0833,1.3127,0.0498,0.1072,0.1072,1.7837,0.3082,4.144,0.0657,2312,Low,3838849.83203125,9091.53351120493
935,265100,2651.00,6037265100,"Census Tract 2651, Los Angeles County, California",0.91198605147,2531,409,1558,174,1303,211,0.9608,0.0876,2.2803,0.3656,0.0406,0.0406,1.9895,0.3868,5.2712,0.1728,2313,Low,25424207.1035156,24407.4357917787
936,265201,2652.01,6037265201,"Census Tract 2652.01, Los Angeles County, California",0.16942927964,2845,684,1168,191,863,148,2.6338,0.5376,1.9472,0.2004,0.2123,0.2123,2.8306,0.7389,7.6239,0.4877,2314,Low to Medium,4723324.72070313,11887.3929784185
937,265203,2652.03,6037265203,"Census Tract 2652.03, Los Angeles County, California",0.11970706408,2146,342,1482,213,1059,115,2.5225,0.507,1.8558,0.1621,0.2275,0.2275,2.0693,0.418,6.6751,0.3591,2315,Low to Medium,3337199.97753906,8484.00096066547
938,265204,2652.04,6037265204,"Census Tract 2652.04, Los Angeles County, California",0.10242359415,1358,419,946,147,639,181,1.594,0.2403,1.3948,0.0595,0.3271,0.3271,2.8922,0.7626,6.2081,0.296,2316,Low to Medium,2855371.11914063,7517.68358579725
939,265301,2653.01,6037265301,"Census Tract 2653.01, Los Angeles County, California",0.61614388821,12957,526,0,21,0,21,1.0316,0.1017,0.0729,0.0008,0.5994,0.5994,-999,-999,-999,-999,2317,,17176772.4375,20495.4871199243
940,265303,2653.03,6037265303,"Census Tract 2653.03, Los Angeles County, California",0.057142323796,5089,835,1788,193,1563,190,3.2129,0.7011,0.2097,0.0019,0.5744,0.5744,2.8609,0.7514,6.8579,0.387,2318,Low to Medium,1592999.72265625,5749.44274516
941,265304,2653.04,6037265304,"Census Tract 2653.04, Los Angeles County, California",0.050572798266,2625,418,1158,133,857,137,3.1645,0.6884,0.6476,0.0108,0.4562,0.4562,3.7352,0.9688,8.0035,0.542,2319,Medium to High,1409868.22753906,5886.18108760813
942,265306,2653.06,6037265306,"Census Tract 2653.06, Los Angeles County, California",0.036002467092,1929,350,541,82,496,89,1.9935,0.3508,0.4964,0.006,0.4988,0.4988,4.5542,0.9999,7.5429,0.4756,2320,Low to Medium,1003677.98828125,4613.73914973627
943,265307,2653.07,6037265307,"Census Tract 2653.07, Los Angeles County, California",0.08400421214,1927,451,1373,240,1145,247,2.0674,0.3737,0.3678,0.0042,0.6205,0.6205,2.1277,0.4439,5.1834,0.1636,2321,Low,2341857.61816406,7842.1382303389
944,265410,2654.10,6037265410,"Census Tract 2654.10, Los Angeles County, California",0.27434130118,1775,363,741,95,697,98,0.7738,0.0546,2.0134,0.2314,0.0236,0.0236,1.3299,0.1629,4.1407,0.0651,2322,Low,7648041.14941406,16061.5196076776
945,265420,2654.20,6037265420,"Census Tract 2654.20, Los Angeles County, California",0.28215330295,1591,199,732,62,656,56,0.7811,0.0551,1.8711,0.1689,0.0717,0.0717,1.124,0.1201,3.8479,0.0453,2323,Low,7865803.83300781,12339.1317512658
946,265521,2655.21,6037265521,"Census Tract 2655.21, Los Angeles County, California",0.05057550098,1849,286,1230,118,1098,144,2.6638,0.5471,1.1542,0.0347,0.3926,0.3926,2.3707,0.5442,6.5813,0.3449,2324,Low to Medium,1409936.51757813,5592.73568026501
947,265522,2655.22,6037265522,"Census Tract 2655.22, Los Angeles County, California",0.097480716348,2431,500,1211,141,1030,191,1.5074,0.2151,0.7991,0.0161,0.3391,0.3391,3.4723,0.9255,6.1179,0.2854,2325,Low to Medium,2717596.13769531,7881.53285461611
948,265523,2655.23,6037265523,"Census Tract 2655.23, Los Angeles County, California",0.13068548835,2704,1018,1598,583,1509,575,2.0172,0.358,1.1644,0.0352,0.2477,0.2477,1.5043,0.2098,4.9336,0.1365,2326,Low,3643261.92871094,7647.86210338034
949,265524,2655.24,6037265524,"Census Tract 2655.24, Los Angeles County, California",0.16553544097,2710,459,1384,167,1304,189,1.0553,0.1082,2.1562,0.3008,0.377,0.377,1.9505,0.3724,5.539,0.2058,2327,Low,4614795.32324219,8932.59017869659
950,265601,2656.01,6037265601,"Census Tract 2656.01, Los Angeles County, California",0.2405797701,3480,594,1587,286,1443,279,1.7968,0.2959,2.4432,0.4555,0.0912,0.0912,2.6066,0.6447,6.9378,0.3984,2328,Low to Medium,6706904.14160156,11465.5635587522
951,265602,2656.02,6037265602,"Census Tract 2656.02, Los Angeles County, California",0.12969282011,3101,607,1961,364,1541,373,1.9626,0.3419,1.7792,0.1364,0.1203,0.1203,1.8654,0.339,5.7275,0.2312,2329,Low,3615573.0390625,9281.12915178311
952,265701,2657.01,6037265701,"Census Tract 2657.01, Los Angeles County, California",0.33116431862,1507,170,846,61,718,101,1.2721,0.1586,2.1732,0.3109,0.2309,0.2309,1.8402,0.3287,5.5164,0.2035,2330,Low,9232160.8203125,15574.8327008941
953,265702,2657.02,6037265702,"Census Tract 2657.02, Los Angeles County, California",0.14493728537,2985,759,1821,261,1472,218,2.4223,0.4776,2.863,0.6996,0.0039,0.0039,1.8402,0.3287,7.1294,0.4231,2331,Low to Medium,4040547.89453125,8775.75793430716
954,267101,2671.01,6037267101,"Census Tract 2671.01, Los Angeles County, California",0.18702549219,3646,740,1541,224,1472,246,2.0647,0.3728,2.042,0.2452,0.2504,0.2504,1.7219,0.2837,6.079,0.2811,2332,Low to Medium,5213923.328125,9374.02710089761
955,267102,2671.02,6037267102,"Census Tract 2671.02, Los Angeles County, California",0.23921489953,3081,560,1640,254,1470,269,1.5747,0.2344,1.9349,0.1949,0.1889,0.1889,2.9454,0.7807,6.6439,0.3536,2333,Low to Medium,6668828.61425781,10704.7535408468
956,267201,2672.01,6037267201,"Census Tract 2672.01, Los Angeles County, California",0.23160637352,3043,564,1431,235,1228,239,1.6932,0.267,1.178,0.0359,0.2952,0.2952,1.633,0.2528,4.7994,0.1231,2334,Low,6456728.5625,10589.0938014294
957,267202,2672.02,6037267202,"Census Tract 2672.02, Los Angeles County, California",0.22235884451,3756,674,1830,235,1695,257,1.6906,0.2664,1.8366,0.1547,0.3691,0.3691,1.539,0.2207,5.4353,0.1932,2335,Low,6198954.55957031,10208.5538605703
958,267300,2673.00,6037267300,"Census Tract 2673, Los Angeles County, California",0.1661389184,4340,635,2313,282,2106,296,2.5463,0.513,1.4653,0.0702,0.365,0.365,3.2344,0.8673,7.611,0.4853,2336,Low to Medium,4631659.71875,8676.53927401277
959,267403,2674.03,6037267403,"Census Tract 2674.03, Los Angeles County, California",0.090434354848,3929,1149,2076,344,1932,328,2.8088,0.5892,0.7799,0.0155,0.2086,0.2086,2.1742,0.4626,5.9715,0.2675,2337,Low to Medium,2521120.30761719,7862.06040875677
960,267404,2674.04,6037267404,"Census Tract 2674.04, Los Angeles County, California",0.10982478339,3227,405,1607,131,1518,119,2.2947,0.4421,0.5584,0.0074,0.3296,0.3296,2.0239,0.3999,5.2066,0.1658,2338,Low,3061703.58496094,7371.04429914504
961,267405,2674.05,6037267405,"Census Tract 2674.05, Los Angeles County, California",0.082504978074,2803,400,1556,158,1434,144,1.6715,0.2618,0.9007,0.0207,0.1982,0.1982,2.6663,0.6737,5.4367,0.1935,2339,Low,2300084.84960938,6131.84099555532
962,267406,2674.06,6037267406,"Census Tract 2674.06, Los Angeles County, California",0.081574858356,1918,372,1059,121,1024,129,1.7406,0.2794,1.1369,0.0329,0.2552,0.2552,2.7306,0.7009,5.8633,0.2506,2340,Low to Medium,2315885.55175781,6320.04114103568
963,267502,2675.02,6037267502,"Census Tract 2675.02, Los Angeles County, California",0.16784394483,3357,266,1769,159,1597,129,2.9361,0.6276,1.6321,0.1023,0.3926,0.3926,2.206,0.4764,7.1668,0.4283,2341,Low to Medium,4679180.69726563,8926.77577495238
964,267503,2675.03,6037267503,"Census Tract 2675.03, Los Angeles County, California",0.076274063998,2296,873,1226,435,1226,435,1.61,0.2445,0.8656,0.0191,0.2024,0.2024,1.193,0.1329,3.871,0.0472,2342,Low,2126385.77832031,6123.39583977743
965,267504,2675.04,6037267504,"Census Tract 2675.04, Los Angeles County, California",0.098958714804,4094,620,1778,184,1764,185,2.0909,0.3803,1.0537,0.0287,0.4025,0.4025,2.3455,0.5347,5.8926,0.2554,2343,Low to Medium,2758789.48828125,6938.24504976818
966,267600,2676.00,6037267600,"Census Tract 2676, Los Angeles County, California",0.49154220908,2591,473,1378,154,1281,176,1.684,0.265,2.6111,0.5484,0.5171,0.5171,1.6837,0.27,6.4959,0.3323,2344,Low to Medium,13703332.5166016,15220.7021547377
967,267700,2677.00,6037267700,"Census Tract 2677, Los Angeles County, California",0.31454108312,3475,482,1864,203,1740,198,1.9252,0.3335,1.8853,0.1747,0.4807,0.4807,2.302,0.5162,6.5932,0.3476,2345,Low to Medium,8768832.34765625,12188.5080226476
968,267800,2678.00,6037267800,"Census Tract 2678, Los Angeles County, California",0.44447444477,2894,419,1448,170,1381,189,1.0614,0.1093,2.6764,0.5892,0.24,0.24,2.5247,0.6093,6.5025,0.3335,2346,Low to Medium,12391142.7695313,14894.9121330231
969,267901,2679.01,6037267901,"Census Tract 2679.01, Los Angeles County, California",0.43229408497,2560,415,2113,222,1501,219,1.9165,0.3306,2.8002,0.6641,0.1376,0.1376,2.123,0.4419,6.9773,0.4035,2347,Low to Medium,12051496.0644531,15177.3977011714
970,267902,2679.02,6037267902,"Census Tract 2679.02, Los Angeles County, California",0.30041515534,3565,466,1844,250,1676,269,0.8348,0.0646,1.6812,0.1113,0.1032,0.1032,2.258,0.4968,4.8772,0.1302,2348,Low,8374980.45019531,12865.324511812
971,269000,2690.00,6037269000,"Census Tract 2690, Los Angeles County, California",0.8860071784,4744,770,2455,399,2145,379,0.7367,0.0486,2.1021,0.2717,0.2731,0.2731,2.2526,0.4942,5.3645,0.184,2349,Low,24700267.8896484,30135.8238428404
972,269100,2691.00,6037269100,"Census Tract 2691, Los Angeles County, California",0.32404266723,4612,941,2076,232,1875,220,2.6549,0.544,2.6451,0.5708,0.0194,0.0194,2.268,0.5004,7.5874,0.4831,2350,Low to Medium,9033708.26660156,12462.6829689055
973,269300,2693.00,6037269300,"Census Tract 2693, Los Angeles County, California",0.85155066371,3948,485,1625,181,1490,176,0.8235,0.0629,2.1982,0.3245,0.0753,0.0753,0.6638,0.0446,3.7608,0.0407,2351,Low,23772380.6552734,20336.6176609943
974,269500,2695.00,6037269500,"Census Tract 2695, Los Angeles County, California",0.53444509111,3741,437,1443,150,1335,152,0.4127,0.0117,2.1931,0.322,0.0206,0.0206,0.3394,0.0189,2.9658,0.0093,2352,Low,14899364.4121094,18057.6999410146
975,269601,2696.01,6037269601,"Census Tract 2696.01, Los Angeles County, California",0.12882524891,3440,598,1195,160,1053,173,3.1053,0.673,1.7284,0.1237,0.7546,0.7546,2.1238,0.4423,7.7121,0.5008,2353,Medium to High,3591419.08007813,7574.31564053085
976,269602,2696.02,6037269602,"Census Tract 2696.02, Los Angeles County, California",0.11219776628,2784,448,1141,94,1052,79,3.827,0.8756,1.4199,0.0636,0.5994,0.5994,4.0055,0.9882,9.8518,0.7847,2354,High,3127881.91210938,7326.2644319278
977,269700,2697.00,6037269700,"Census Tract 2697, Los Angeles County, California",0.34656708571,3715,609,1673,155,1528,184,2.2042,0.4129,1.8022,0.1441,0.4106,0.4106,2.9968,0.7968,7.4138,0.4586,2355,Low to Medium,9661690.41210938,14772.7968504255
978,269800,2698.00,6037269800,"Census Tract 2698, Los Angeles County, California",0.18034361098,3218,452,1748,166,1608,186,1.5399,0.2242,1.1639,0.0351,0.4006,0.4006,2.6475,0.6657,5.7519,0.236,2356,Low,5027651.89453125,12035.2715368967
979,269903,2699.03,6037269903,"Census Tract 2699.03, Los Angeles County, California",0.10958540015,3365,502,1884,206,1744,230,2.8074,0.5888,0.7452,0.0138,0.5036,0.5036,3.151,0.844,7.2072,0.4329,2357,Low to Medium,3055079.35351563,7708.020284075
980,269905,2699.05,6037269905,"Census Tract 2699.05, Los Angeles County, California",0.091902700754,2305,191,1545,131,1388,115,2.153,0.3971,0.6969,0.012,0.4573,0.4573,2.1344,0.4465,5.4416,0.1945,2358,Low,2562120.99804688,8317.56997258175
981,269906,2699.06,6037269906,"Census Tract 2699.06, Los Angeles County, California",0.080306899388,3192,479,1766,201,1624,198,1.3489,0.1754,0.8342,0.0178,0.4649,0.4649,2.8235,0.7354,5.4715,0.1981,2359,Low,2238833.95117188,7462.52317272444
982,269907,2699.07,6037269907,"Census Tract 2699.07, Los Angeles County, California",0.10687071699,2653,346,1494,151,1353,157,1.8574,0.3125,0.3204,0.0034,0.4699,0.4699,1.8391,0.328,4.4868,0.0934,2360,Low,2979392.00488281,7628.81905650722
983,269908,2699.08,6037269908,"Census Tract 2699.08, Los Angeles County, California",0.064653552104,1885,369,1489,312,1346,320,1.2729,0.1588,1.5322,0.0828,0.3968,0.3968,2.2819,0.5056,5.4838,0.1995,2361,Low,1802430.24804688,6602.92040481757
984,269909,2699.09,6037269909,"Census Tract 2699.09, Los Angeles County, California",0.065597957596,2282,666,1347,349,1221,357,2.2126,0.4162,2.3191,0.3854,0.4037,0.4037,2.321,0.5238,7.2564,0.4384,2362,Low to Medium,1828771.99609375,5970.59776117088
985,270101,2701.01,6037270101,"Census Tract 2701.01, Los Angeles County, California",0.14459983222,2102,378,1284,284,1236,289,0.7302,0.0472,0.7041,0.0124,0.4396,0.4396,1.6911,0.2727,3.565,0.0313,2363,Low,4031192.8359375,12050.0794134687
986,270102,2701.02,6037270102,"Census Tract 2701.02, Los Angeles County, California",0.075800316844,3017,963,1334,153,1187,162,2.6037,0.5299,1.0306,0.0271,0.5719,0.5719,2.3418,0.533,6.548,0.3404,2364,Low to Medium,2113198.02734375,7624.06485195637
987,270200,2702.00,6037270200,"Census Tract 2702, Los Angeles County, California",0.29270006518,3590,602,1371,201,1309,204,2.9342,0.6271,1.4993,0.0761,0.5917,0.5917,2.9096,0.7684,7.9348,0.5318,2365,Medium to High,8225812.21875,14331.1939936548
988,270300,2703.00,6037270300,"Census Tract 2703, Los Angeles County, California",0.37202433498,2521,451,1290,396,1180,400,1.8512,0.3106,1.4949,0.0755,0.7192,0.7192,2.6121,0.6479,6.6774,0.3596,2366,Low to Medium,10511306.6777344,13672.0513788107
989,271100,2711.00,6037271100,"Census Tract 2711, Los Angeles County, California",0.31056925184,2493,322,1017,65,905,81,2.306,0.4456,2.2117,0.3307,0.4017,0.4017,2.6352,0.66,7.5546,0.4776,2367,Low to Medium,8658188.23339844,14154.497356486
990,271200,2712.00,6037271200,"Census Tract 2712, Los Angeles County, California",0.20249814374,2627,641,1265,131,1128,165,1.5721,0.2334,0.9843,0.0242,0.5267,0.5267,2.8107,0.732,5.8938,0.2559,2368,Low to Medium,5645328.39453125,13688.4966818095
991,271300,2713.00,6037271300,"Census Tract 2713, Los Angeles County, California",0.56771511435,4613,610,2112,209,2005,202,1.8528,0.3109,2.1662,0.3062,0.2504,0.2504,2.2954,0.5134,6.5648,0.3427,2369,Low to Medium,15826987.7255859,19352.6384692636
992,271400,2714.00,6037271400,"Census Tract 2714, Los Angeles County, California",0.44364818649,3750,370,1487,224,1429,225,0.7092,0.0436,2.2644,0.3585,0.1674,0.1674,0.6478,0.0428,3.7888,0.0426,2370,Low,12368280.7041016,14507.9322470482
993,271500,2715.00,6037271500,"Census Tract 2715, Los Angeles County, California",0.35138023324,3165,429,1400,157,1344,152,1.0801,0.1138,2.8018,0.6652,0.1711,0.1711,1.922,0.3606,5.975,0.2681,2371,Low to Medium,9795954.18457031,13061.3570780765
994,271600,2716.00,6037271600,"Census Tract 2716, Los Angeles County, California",0.34792230373,4975,518,2177,197,2030,214,1.6799,0.2643,1.0123,0.0262,0.4317,0.4317,1.7635,0.2997,4.8874,0.1316,2372,Low,9746277.95117188,12575.7925728332
995,271702,2717.02,6037271702,"Census Tract 2717.02, Los Angeles County, California",0.26939379015,4204,416,2151,181,2011,180,2.9311,0.6262,1.3603,0.055,0.5352,0.5352,2.2387,0.4886,7.0653,0.4135,2373,Low to Medium,7604859.16992188,13325.6822502505
996,271703,2717.03,6037271703,"Census Tract 2717.03, Los Angeles County, California",0.17502814474,2677,397,1418,148,1295,164,1.4655,0.205,1.1485,0.0341,0.4741,0.4741,1.585,0.235,4.6731,0.1108,2374,Low,4879506.95117188,12236.9277431957
997,271704,2717.04,6037271704,"Census Tract 2717.04, Los Angeles County, California",0.20994025979,3569,905,1478,238,1387,241,1.484,0.2087,1.6842,0.1121,0.4896,0.4896,2.7157,0.6953,6.3735,0.3173,2375,Low to Medium,5852767.9765625,11870.4968393071
998,271801,2718.01,6037271801,"Census Tract 2718.01, Los Angeles County, California",0.18530116066,3099,419,2014,231,1718,223,2.6782,0.5523,1.2678,0.0444,0.4941,0.4941,2.8482,0.7458,7.2883,0.4423,2376,Low to Medium,5165916.65722656,9610.55195120519
999,271803,2718.03,6037271803,"Census Tract 2718.03, Los Angeles County, California",0.08826098669,3009,516,1766,211,1558,233,2.4193,0.4765,1.5485,0.0866,0.5213,0.5213,2.0682,0.4172,6.5573,0.3417,2377,Low to Medium,2460589.40625,6334.91277662979
1000,271804,2718.04,6037271804,"Census Tract 2718.04, Los Angeles County, California",0.13467623862,2494,328,1187,148,1133,156,2.3716,0.4635,1.28,0.0465,0.2714,0.2714,1.7699,0.3022,5.6929,0.2258,2378,Low,3754565.30175781,10109.4471682223
1001,271901,2719.01,6037271901,"Census Tract 2719.01, Los Angeles County, California",0.24600913642,3257,593,1493,200,1469,197,1.4533,0.2019,1.3585,0.0546,0.4598,0.4598,3.0157,0.8042,6.2873,0.3045,2379,Low to Medium,7084576.93066406,10708.1856570728
1002,271902,2719.02,6037271902,"Census Tract 2719.02, Los Angeles County, California",0.3568358545,3865,467,1938,189,1854,194,2.1767,0.4045,1.508,0.0779,0.4219,0.4219,2.8334,0.7397,6.94,0.3985,2380,Low to Medium,9948084.65527344,12748.8599726212
1003,272100,2721.00,6037272100,"Census Tract 2721, Los Angeles County, California",0.46304942589,4780,714,1961,230,1889,239,2.0681,0.3739,2.526,0.5043,0.2602,0.2602,1.8482,0.3323,6.7025,0.3637,2381,Low to Medium,12909213.5820313,14819.1999868043
1004,272201,2722.01,6037272201,"Census Tract 2722.01, Los Angeles County, California",0.10038767831,2209,336,1134,104,1056,111,2.9343,0.6272,1.3124,0.0497,0.3691,0.3691,2.5211,0.6076,7.1369,0.4241,2382,Low to Medium,2798671.17480469,6700.25079792754
1005,272202,2722.02,6037272202,"Census Tract 2722.02, Los Angeles County, California",0.11952945716,3423,471,1813,233,1684,229,3.437,0.7644,1.3311,0.0518,0.4533,0.4533,2.4676,0.5847,7.689,0.4965,2383,Low to Medium,3332333.62988281,8785.83181978402
1006,272301,2723.01,6037272301,"Census Tract 2723.01, Los Angeles County, California",0.23321487445,3395,459,1437,170,1393,163,2.3,0.4438,2.8742,0.705,0.2836,0.2836,2.9059,0.7673,8.3637,0.5913,2384,Medium to High,6501743.76171875,12731.194382007
1007,272302,2723.02,6037272302,"Census Tract 2723.02, Los Angeles County, California",0.19503324767,3989,524,1916,136,1765,142,3.5569,0.7983,2.1528,0.2998,0.4796,0.4796,2.4976,0.5968,8.6869,0.635,2385,Medium to High,5437258.84375,10565.2365835399
1008,273100,2731.00,6037273100,"Census Tract 2731, Los Angeles County, California",0.45444668722,2761,354,1347,140,1245,125,1.1489,0.1299,1.6408,0.1034,0.1953,0.1953,1.1888,0.1323,4.1738,0.067,2386,Low,12669382.0888672,15531.2628872016
1009,273200,2732.00,6037273200,"Census Tract 2732, Los Angeles County, California",0.24784505143,3163,483,1792,147,1540,160,3.3085,0.7281,1.7472,0.129,0.27,0.27,1.8301,0.3239,7.1558,0.4272,2387,Low to Medium,6909620.78710938,11507.9501700551
1010,273300,2733.00,6037273300,"Census Tract 2733, Los Angeles County, California",0.2209669468,2963,591,1806,215,1456,226,3.128,0.6792,1.4929,0.0749,0.253,0.253,2.7075,0.6908,7.5814,0.4819,2388,Low to Medium,6160288.25976563,11227.0701765673
1011,273403,2734.03,6037273403,"Census Tract 2734.03, Los Angeles County, California",0.15692343586,1429,363,1199,340,1020,294,2.9491,0.6314,1.353,0.0538,0.0481,0.0481,3.1469,0.8429,7.4971,0.4684,2389,Low to Medium,8575826.81738281,13616.3753909512
1012,273404,2734.04,6037273404,"Census Tract 2734.04, Los Angeles County, California",0.083498804622,1437,332,1364,284,1073,291,1.8095,0.2997,1.0527,0.0285,0.0128,0.0128,1.8082,0.3161,4.6832,0.1118,2390,Low,2327819.83789063,7349.1818125254
1013,273502,2735.02,6037273502,"Census Tract 2735.02, Los Angeles County, California",0.22899593789,2792,353,2067,267,1712,253,1.884,0.3215,0.7742,0.0152,0.0803,0.0803,2.8431,0.7437,5.5816,0.2111,2391,Low,8467459.02636719,13268.0522948615
1014,273600,2736.00,6037273600,"Census Tract 2736, Los Angeles County, California",0.22727585348,2413,363,1172,167,1108,166,1.4075,0.1907,1.7161,0.1207,0.1313,0.1313,0.9095,0.0778,4.1644,0.0668,2392,Low,6336240.50683594,10768.1854563878
1015,273700,2737.00,6037273700,"Census Tract 2737, Los Angeles County, California",0.2665462879,2992,369,1362,143,1279,131,1.9683,0.343,1.6056,0.0977,0.1923,0.1923,1.4927,0.2065,5.2589,0.1715,2393,Low,7430946.83203125,11006.39433726
1016,273800,2738.00,6037273800,"Census Tract 2738, Los Angeles County, California",0.28634328185,2922,334,1679,169,1516,160,1.9694,0.3438,0.8547,0.0187,0.253,0.253,2.6331,0.658,5.7102,0.2285,2394,Low,7982920.51660156,16482.3004334289
1017,273902,2739.02,6037273902,"Census Tract 2739.02, Los Angeles County, California",0.34920686508,4416,532,2617,317,2358,335,2.3036,0.4451,1.7133,0.1198,0.1365,0.1365,2.2106,0.4775,6.364,0.3159,2395,Low to Medium,12815434.1181641,16397.5670935791
1018,274100,2741.00,6037274100,"Census Tract 2741, Los Angeles County, California",0.242490975,4757,887,2618,289,2208,298,2.2806,0.4382,1.7026,0.1167,0.259,0.259,2.4145,0.5634,6.6567,0.3562,2396,Low to Medium,6760379.62402344,14311.7179840242
1019,274202,2742.02,6037274202,"Census Tract 2742.02, Los Angeles County, California",0.36782586183,4151,617,2921,339,2324,300,2.1064,0.3854,1.198,0.0383,0.1225,0.1225,1.414,0.1847,4.8409,0.1269,2397,Low,23950813.8320313,21972.5716389727
1020,275101,2751.01,6037275101,"Census Tract 2751.01, Los Angeles County, California",0.12908509556,1060,119,483,73,444,71,0.9754,0.0905,2.2002,0.326,0.429,0.429,2.3089,0.5184,5.9135,0.2578,2398,Low to Medium,3705137.43554688,10261.606717159
1021,275102,2751.02,6037275102,"Census Tract 2751.02, Los Angeles County, California",0.23557279936,4282,948,1349,150,1342,150,3.4237,0.7614,1.8542,0.1614,0.758,0.758,3.1526,0.8444,9.1885,0.7004,2399,Medium to High,6715142.63085938,12213.6060506513
1022,275200,2752.00,6037275200,"Census Tract 2752, Los Angeles County, California",0.1787080829,3814,549,1771,162,1677,148,3.152,0.6849,2.1514,0.2987,0.5613,0.5613,2.9018,0.7659,8.7665,0.6458,2400,Medium to High,4995609.95117188,10528.6316003931
1023,275311,2753.11,6037275311,"Census Tract 2753.11, Los Angeles County, California",0.48467577111,5275,663,2600,369,2536,382,2.6507,0.5425,2.0555,0.2512,0.4361,0.4361,1.6978,0.2748,6.8401,0.3843,2401,Low to Medium,13911137.7314453,17145.1246843946
1024,275312,2753.12,6037275312,"Census Tract 2753.12, Los Angeles County, California",0.30250705598,2061,273,1096,100,1048,127,1.5208,0.2191,1.5565,0.0878,0.0577,0.0577,1.7811,0.3072,4.9161,0.1347,2402,Low,8845821.91699219,14309.6949038324
1025,275313,2753.13,6037275313,"Census Tract 2753.13, Los Angeles County, California",0.37451623729,3196,815,1808,316,1676,318,2.3601,0.4606,1.1925,0.0374,0.2825,0.2825,1.7291,0.2867,5.5642,0.2082,2403,Low,10521744.6787109,16011.0172328373
1026,275400,2754.00,6037275400,"Census Tract 2754, Los Angeles County, California",0.28995874098,4185,571,2434,382,2319,387,1.3113,0.1678,1.1891,0.037,0.246,0.246,2.2292,0.485,4.9756,0.1409,2404,Low,8083680.88183594,13077.5037506959
1027,275500,2755.00,6037275500,"Census Tract 2755, Los Angeles County, California",0.29422285147,5337,937,1840,143,1812,148,3.2968,0.7251,2.9284,0.7292,0.7133,0.7133,2.8743,0.7564,9.8128,0.7788,2405,High,8479393.61328125,11765.8867419449
1028,275603,2756.03,6037275603,"Census Tract 2756.03, Los Angeles County, California",0.38447033295,2864,489,1278,158,1240,165,1.2108,0.1434,1.6013,0.0968,0.3941,0.3941,1.7256,0.2852,4.9318,0.1362,2406,Low,11021305.9404297,16863.9352151401
1029,275604,2756.04,6037275604,"Census Tract 2756.04, Los Angeles County, California",0.59862566827,9559,935,4733,356,4329,337,0.9624,0.0881,0.9772,0.0239,0.2435,0.2435,1.55,0.2252,3.7331,0.0389,2407,Low,16689091.1386719,25536.5398301568
1030,275605,2756.05,6037275605,"Census Tract 2756.05, Los Angeles County, California",0.37461314889,2685,439,1828,357,1492,315,2.2767,0.437,0.6789,0.0115,0.2422,0.2422,1.7288,0.2863,4.9266,0.1357,2408,Low,11199011.5263672,17382.0088774377
1031,276000,2760.00,6037276000,"Census Tract 2760, Los Angeles County, California",0.90287558868,5960,677,2875,276,2657,290,1.1294,0.1234,1.3905,0.0588,0.2844,0.2844,1.1097,0.117,3.914,0.0491,2409,Low,25171416.3984375,22610.5825986804
1032,276101,2761.01,6037276101,"Census Tract 2761.01, Los Angeles County, California",0.12599473515,3034,557,1744,276,1603,285,1.9429,0.3373,0.5915,0.0085,0.5222,0.5222,2.0298,0.4025,5.0864,0.1536,2410,Low,3512604.81152344,10402.9652089394
1033,276102,2761.02,6037276102,"Census Tract 2761.02, Los Angeles County, California",0.25430029077,3010,460,1679,266,1493,278,2.7384,0.5686,2.6616,0.5803,0.6998,0.6998,1.5139,0.213,7.6137,0.4861,2411,Low to Medium,7089689.87109375,20588.7313968354
1034,276400,2764.00,6037276400,"Census Tract 2764, Los Angeles County, California",0.49265263843,4104,645,1601,134,1432,123,1.0196,0.0994,1.9077,0.1846,0.1646,0.1646,0.4683,0.028,3.5602,0.0305,2412,Low,13734682.7841797,16202.1109375823
1035,276500,2765.00,6037276500,"Census Tract 2765, Los Angeles County, California",0.46021736772,5710,405,733,72,714,74,1.8417,0.308,0.7361,0.0134,0.3163,0.3163,1.5112,0.2122,4.4053,0.0843,2413,Low,12830486.0166016,15367.4227698324
1036,276601,2766.01,6037276601,"Census Tract 2766.01, Los Angeles County, California",0.86193680751,4030,354,1860,155,1646,166,1.5793,0.236,1.8763,0.171,0.2229,0.2229,0.8271,0.0663,4.5056,0.095,2414,Low,24108939.8232422,23283.3399964032
1037,276605,2766.05,6037276605,"Census Tract 2766.05, Los Angeles County, California",0.091813511192,2640,1145,1428,331,1386,338,1.8785,0.3198,1.7119,0.1188,0.0542,0.0542,1.3435,0.1657,4.9881,0.1428,2415,Low,2559688.20410156,8205.75114128111
1038,276606,2766.06,6037276606,"Census Tract 2766.06, Los Angeles County, California",0.083740890576,3084,378,1900,136,1782,158,1.7972,0.2961,1.2365,0.0419,0.2602,0.2602,1.0968,0.1148,4.3907,0.0826,2416,Low,2334635.86621094,7340.20544421519
1039,276607,2766.07,6037276607,"Census Tract 2766.07, Los Angeles County, California",0.18458764416,2587,390,1571,193,1376,172,1.6201,0.247,0.6304,0.0104,0.3067,0.3067,2.2669,0.4998,4.8241,0.1252,2417,Low,5146159.70019531,11378.3948676457
1040,276608,2766.08,6037276608,"Census Tract 2766.08, Los Angeles County, California",0.13910444246,2147,357,1171,220,1154,220,1.6083,0.2442,1.5022,0.0769,0.3547,0.3547,2.6647,0.673,6.1299,0.2874,2418,Low to Medium,3878120.74414063,8653.14615587318
1041,277000,2770.00,6037277000,"Census Tract 2770, Los Angeles County, California",0.88761529323,5581,1137,2294,273,2144,276,1.0093,0.097,1.3006,0.0482,0.246,0.246,0.9367,0.0821,3.4926,0.0271,2419,Low,24745922.4794922,21847.7459940653
1042,277100,2771.00,6037277100,"Census Tract 2771, Los Angeles County, California",0.47649581414,3176,707,1140,159,1078,168,0.8384,0.0655,2.4338,0.4501,0.3359,0.3359,0.7977,0.0619,4.4058,0.0845,2420,Low,13284299.7568359,15316.174991291
1043,277200,2772.00,6037277200,"Census Tract 2772, Los Angeles County, California",0.40225573548,1943,383,1168,186,966,193,2.3978,0.4704,2.9926,0.7621,0.5994,0.5994,2.1092,0.4355,8.099,0.5553,2421,Medium to High,11214606.8974609,15139.0302663948
1044,277400,2774.00,6037277400,"Census Tract 2774, Los Angeles County, California",0.24669601188,576,166,289,61,206,64,3.0418,0.657,2.6474,0.5721,0.9126,0.9126,2.5244,0.6088,9.1262,0.6926,2422,Medium to High,6877748.65136719,10438.697565235
1045,278001,2780.01,6037278001,"Census Tract 2780.01, Los Angeles County, California",0.62317171682,2338,351,1202,170,1039,154,0.9442,0.0841,1.9843,0.2187,0.3226,0.3226,2.355,0.5386,5.6061,0.214,2423,Low,17381916.0703125,25351.6308700459
1046,278102,2781.02,6037278102,"Census Tract 2781.02, Los Angeles County, California",0.6482644858,3008,327,1687,141,1502,147,1.0047,0.0964,1.1923,0.0373,0.1072,0.1072,1.3369,0.1644,3.6411,0.0347,2424,Low,35403569.5458984,34681.3136344175
1047,291110,2911.10,6037291110,"Census Tract 2911.10, Los Angeles County, California",0.2746532716,4370,760,1395,181,1316,185,3.8471,0.8794,3.108,0.8115,0.978,0.978,2.6329,0.6577,10.566,0.869,2425,High,7657279.71289063,11598.8261967871
1048,291120,2911.20,6037291120,"Census Tract 2911.20, Los Angeles County, California",0.27083781163,2548,485,679,83,660,90,3.6559,0.8273,2.8259,0.6786,0.9643,0.9643,2.5882,0.6357,10.0343,0.8066,2426,High,7550919.828125,10995.4305075285
1049,291130,2911.30,6037291130,"Census Tract 2911.30, Los Angeles County, California",0.49863644723,3458,462,1048,109,981,125,2.7639,0.5761,2.7637,0.6409,0.9229,0.9229,2.2502,0.4928,8.7007,0.6368,2427,Medium to High,13902008.9355469,15841.29938063
1050,291210,2912.10,6037291210,"Census Tract 2912.10, Los Angeles County, California",0.47979466963,5429,718,1745,250,1686,246,4.0338,0.9236,3.1545,0.8322,0.8624,0.8624,3.545,0.9413,11.5957,0.9593,2428,High,13376733.65625,15695.0775195312
1051,291220,2912.20,6037291220,"Census Tract 2912.20, Los Angeles County, California",0.31610016299,3451,418,1124,144,1108,146,3.565,0.8008,3.0569,0.7901,0.8936,0.8936,3.569,0.9457,11.0845,0.922,2429,High,8812973.17382813,12324.8177220711
1052,291300,2913.00,6037291300,"Census Tract 2913, Los Angeles County, California",0.91065438567,3237,388,1177,129,1152,133,1.5762,0.2347,2.8522,0.6928,0.7959,0.7959,2.1488,0.4527,7.3731,0.4531,2430,Low to Medium,25882983.4296875,31774.853654019
1053,292001,2920.01,6037292001,"Census Tract 2920.01, Los Angeles County, California",1.3629485542,4451,617,1479,144,1379,152,4.5036,0.9898,3.3192,0.8962,0.8872,0.8872,2.1346,0.447,10.8446,0.8986,2431,High,38000055.4082031,29400.3064216891
1054,292002,2920.02,6037292002,"Census Tract 2920.02, Los Angeles County, California",0.17999341646,1944,445,547,84,530,87,1.4676,0.2052,1.7824,0.1381,0.6235,0.6235,1.3722,0.1734,5.2457,0.17,2432,Low,5042123.28515625,9285.74469434799
1055,293203,2932.03,6037293203,"Census Tract 2932.03, Los Angeles County, California",0.17887526507,3013,560,1227,118,1011,142,3.4283,0.7623,2.6324,0.5613,0.7272,0.7272,2.8176,0.734,9.6055,0.7516,2433,High,5012929.39355469,9650.83046420393
1056,293204,2932.04,6037293204,"Census Tract 2932.04, Los Angeles County, California",0.23282915855,4260,1616,1098,252,1071,253,2.6385,0.5394,2.6601,0.5794,0.8385,0.8385,2.9967,0.7967,9.1338,0.6932,2434,Medium to High,6510043.08398438,13445.2244691335
1057,293205,2932.05,6037293205,"Census Tract 2932.05, Los Angeles County, California",0.24538403728,3402,521,997,75,905,101,3.7151,0.8436,2.8115,0.6706,0.9007,0.9007,2.6023,0.643,10.0296,0.8059,2435,High,6841626.32421875,11447.7915044242
1058,293206,2932.06,6037293206,"Census Tract 2932.06, Los Angeles County, California",0.16095241023,2862,405,847,64,759,80,3.6972,0.8397,3.1845,0.8447,0.9511,0.9511,2.7968,0.726,10.6296,0.878,2436,High,4487548.20019531,9175.34236982076
1059,293301,2933.01,6037293301,"Census Tract 2933.01, Los Angeles County, California",0.32624808186,2834,333,997,77,943,63,1.1393,0.1267,2.434,0.4502,0.6686,0.6686,2.1971,0.4725,6.439,0.3248,2437,Low to Medium,9096252.06054688,14291.0501805695
1060,293302,2933.02,6037293302,"Census Tract 2933.02, Los Angeles County, California",0.43217825437,5084,834,1763,176,1682,191,2.5785,0.5224,2.4051,0.4342,0.6914,0.6914,2.6372,0.6609,8.3122,0.5845,2438,Medium to High,12049791.7685547,15348.4886129655
1061,293304,2933.04,6037293304,"Census Tract 2933.04, Los Angeles County, California",0.21988354459,5149,734,1682,196,1588,204,3.6764,0.8343,2.8321,0.6821,0.6914,0.6914,2.5015,0.5981,9.7014,0.7653,2439,High,6130718.87011719,9931.99166224336
1062,293306,2933.06,6037293306,"Census Tract 2933.06, Los Angeles County, California",0.2368936543,2485,324,847,108,810,113,2.3932,0.4694,2.5677,0.5268,0.5468,0.5468,2.4369,0.5721,7.9446,0.5328,2440,Medium to High,6625296.96777344,11528.8117903679
1063,293307,2933.07,6037293307,"Census Tract 2933.07, Los Angeles County, California",0.13084687898,2491,770,947,156,901,156,3.1373,0.6814,2.7453,0.6307,0.8131,0.8131,3.1065,0.831,9.8022,0.7772,2441,High,3648247.74511719,9160.78481672846
1064,294110,2941.10,6037294110,"Census Tract 2941.10, Los Angeles County, California",0.38192707907,3701,582,1084,126,1070,127,3.8551,0.8828,2.7372,0.6241,0.7728,0.7728,1.3594,0.1698,8.7245,0.6397,2442,Medium to High,10648763.5625,16670.8170424125
1065,294120,2941.20,6037294120,"Census Tract 2941.20, Los Angeles County, California",0.60270367759,2969,767,638,134,629,135,3.8631,0.8848,2.6583,0.5779,0.9865,0.9865,1.7724,0.3034,9.2803,0.7113,2443,Medium to High,16804337.5058594,17112.9925016515
1066,294200,2942.00,6037294200,"Census Tract 2942, Los Angeles County, California",0.36825211844,4831,689,1444,173,1355,174,3.6693,0.8316,2.476,0.4732,0.9142,0.9142,2.1122,0.4368,9.1717,0.6982,2444,Medium to High,10267494.6171875,12897.3197154246
1067,294301,2943.01,6037294301,"Census Tract 2943.01, Los Angeles County, California",0.27530655618,2709,411,683,64,683,64,1.7557,0.2835,2.6593,0.5789,0.897,0.897,1.3396,0.1651,6.6516,0.355,2445,Low to Medium,7676011.80078125,11675.1941905741
1068,294302,2943.02,6037294302,"Census Tract 2943.02, Los Angeles County, California",0.32444537162,4317,706,1278,145,1214,153,4.0075,0.9178,2.8368,0.6844,0.9007,0.9007,3.8624,0.9795,11.6074,0.9597,2446,High,9046111.65820313,14638.1780249714
1069,294410,2944.10,6037294410,"Census Tract 2944.10, Los Angeles County, California",0.32192682827,4996,717,1668,154,1620,158,3.8559,0.8829,2.6362,0.5644,0.8368,0.8368,3.7205,0.9666,11.0494,0.9195,2447,High,8975866.65234375,12597.1891250197
1070,294421,2944.21,6037294421,"Census Tract 2944.21, Los Angeles County, California",0.25994587421,2866,571,1065,174,1022,181,4.039,0.9251,3.3496,0.9053,0.8521,0.8521,3.4295,0.9155,11.6702,0.9632,2448,High,7247758.88378906,16413.8251891773
1071,294510,2945.10,6037294510,"Census Tract 2945.10, Los Angeles County, California",0.20008963946,4843,747,1224,169,1146,174,4.1231,0.9402,3.0629,0.7929,0.9469,0.9469,2.3578,0.539,10.4907,0.8603,2449,High,5578850.2265625,9841.6809854027
1072,294520,2945.20,6037294520,"Census Tract 2945.20, Los Angeles County, California",0.18690348396,3846,389,934,81,910,78,3.8735,0.8873,2.6164,0.5512,0.9417,0.9417,2.8832,0.7592,10.3148,0.8422,2450,High,5211211.27441406,9527.66446368581
1073,294610,2946.10,6037294610,"Census Tract 2946.10, Los Angeles County, California",0.31807391642,4263,848,1215,151,1169,151,4.1804,0.9509,3.5678,0.9576,0.9304,0.9304,2.9927,0.7959,11.6713,0.9634,2451,High,8868460.14941406,11953.8109595802
1074,294620,2946.20,6037294620,"Census Tract 2946.20, Los Angeles County, California",0.324942671,4546,649,1063,126,1035,123,3.4047,0.7551,2.4812,0.476,0.9511,0.9511,2.6073,0.6451,9.4443,0.7294,2452,Medium to High,9059969.42871094,12685.3685020032
1075,294701,2947.01,6037294701,"Census Tract 2947.01, Los Angeles County, California",0.67719974188,3080,362,1027,127,980,134,3.939,0.9014,3.6195,0.9645,0.91,0.91,3.5059,0.9329,11.9744,0.9778,2453,High,18881648.4335938,19842.785052273
1076,294810,2948.10,6037294810,"Census Tract 2948.10, Los Angeles County, California",0.12373179133,3923,339,1058,98,1003,102,3.9788,0.9112,3.2189,0.8603,0.9401,0.9401,2.6273,0.6555,10.7651,0.893,2454,High,3449897.04492188,7567.76843534217
1077,294820,2948.20,6037294820,"Census Tract 2948.20, Los Angeles County, California",0.14806471157,3482,542,974,125,928,137,4.3361,0.9722,3.1115,0.8136,0.9796,0.9796,2.6004,0.6418,11.0276,0.9175,2455,High,4128349.66015625,8204.36946747632
1078,294830,2948.30,6037294830,"Census Tract 2948.30, Los Angeles County, California",0.34204042586,4399,691,1092,108,1072,108,3.7292,0.847,3.0674,0.7947,0.9269,0.9269,2.4634,0.5832,10.1869,0.8266,2456,High,9536769.85351563,13691.4610301178
1079,294900,2949.00,6037294900,"Census Tract 2949, Los Angeles County, California",0.24886011359,3831,528,971,107,943,113,3.7482,0.8528,3.4381,0.9291,0.9337,0.9337,2.4439,0.5747,10.5639,0.8686,2457,High,6938717.4921875,13623.827882893
1080,295103,2951.03,6037295103,"Census Tract 2951.03, Los Angeles County, California",0.79413922682,5319,602,2195,264,2050,288,1.4464,0.2002,2.311,0.3812,0.3868,0.3868,1.7239,0.2845,5.8681,0.2508,2458,Low to Medium,22155300.8183594,25554.1075475698
1081,296210,2962.10,6037296210,"Census Tract 2962.10, Los Angeles County, California",0.21603024663,3652,746,1132,155,1113,160,4.1463,0.9448,2.9286,0.7294,0.9142,0.9142,3.2291,0.8647,11.2182,0.934,2459,High,6023449.38378906,9602.75695921822
1082,296220,2962.20,6037296220,"Census Tract 2962.20, Los Angeles County, California",0.20709198533,3968,540,1899,178,1826,189,3.6653,0.8304,3.8228,0.9863,0.8232,0.8232,3.2435,0.87,11.5548,0.9559,2460,High,5774259.2265625,9598.06029390253
1083,296300,2963.00,6037296300,"Census Tract 2963, Los Angeles County, California",0.41029013199,4784,587,1962,160,1934,152,2.7942,0.5854,2.3228,0.3876,0.4699,0.4699,1.5807,0.2332,7.1676,0.4284,2461,Low to Medium,11439881.7783203,17040.1158252385
1084,296401,2964.01,6037296401,"Census Tract 2964.01, Los Angeles County, California",0.38104560821,3228,590,1385,144,1295,171,1.5494,0.2271,2.6724,0.5869,0.3699,0.3699,2.6126,0.6482,7.2043,0.4324,2462,Low to Medium,10636314.9609375,14229.7553134629
1085,296402,2964.02,6037296402,"Census Tract 2964.02, Los Angeles County, California",0.40384879233,3142,383,1221,134,1130,148,1.8032,0.2976,1.2222,0.0404,0.5014,0.5014,1.5319,0.218,5.0587,0.1498,2463,Low,11260294.8232422,17051.4295594858
1086,296500,2965.00,6037296500,"Census Tract 2965, Los Angeles County, California",0.34842616684,3284,500,1285,127,1204,130,3.7336,0.8483,2.8407,0.6874,0.7133,0.7133,2.284,0.5071,9.5716,0.7465,2464,Medium to High,9782261.296875,13880.3146881339
1087,296600,2966.00,6037296600,"Census Tract 2966, Los Angeles County, California",0.32507742059,5214,774,2185,418,2010,420,4.4157,0.9817,3.1371,0.8253,0.6871,0.6871,2.5778,0.6325,10.8177,0.8966,2465,High,9063985.265625,12269.8715611035
1088,296901,2969.01,6037296901,"Census Tract 2969.01, Los Angeles County, California",0.23835157546,4440,990,1720,209,1568,224,3.858,0.8836,3.3663,0.9104,0.7242,0.7242,2.0376,0.4055,9.9861,0.7992,2466,High,6645893.78125,11354.5896772486
1089,296902,2969.02,6037296902,"Census Tract 2969.02, Los Angeles County, California",0.19039114332,4174,633,1674,121,1571,143,3.9012,0.8934,2.3845,0.4221,0.6025,0.6025,3.0074,0.8009,9.8956,0.7897,2467,High,5308616.4375,12001.5156132242
1090,297001,2970.01,6037297001,"Census Tract 2970.01, Los Angeles County, California",0.2642296759,1404,190,625,37,588,64,1.2755,0.1596,1.0598,0.029,0.2889,0.2889,0.4305,0.0256,3.0547,0.0124,2468,Low,7367416.65722656,14881.6143459759
1091,297002,2970.02,6037297002,"Census Tract 2970.02, Los Angeles County, California",0.29601282034,4287,936,1795,232,1735,249,1.5692,0.2317,2.4314,0.4486,0.3511,0.3511,1.0845,0.1119,5.4362,0.1933,2469,Low,8253632.92480469,12470.8235255493
1092,297110,2971.10,6037297110,"Census Tract 2971.10, Los Angeles County, California",0.18821661686,4693,743,1676,163,1560,177,4.4412,0.9841,2.8255,0.6782,0.723,0.723,3.7256,0.9676,11.7153,0.9658,2470,High,5248010.81152344,9163.59606945181
1093,297120,2971.20,6037297120,"Census Tract 2971.20, Los Angeles County, California",0.16448176861,3062,542,1118,107,1046,120,3.1322,0.68,3.2543,0.8724,0.7107,0.7107,2.9447,0.7804,10.0419,0.8085,2471,High,4586182.88964844,10097.8889745157
1094,297201,2972.01,6037297201,"Census Tract 2972.01, Los Angeles County, California",0.15597053612,4421,610,1504,164,1465,169,3.1379,0.6817,2.3795,0.4186,0.6826,0.6826,2.689,0.6825,8.889,0.6633,2472,Medium to High,4348887.16796875,8280.5321659166
1095,297202,2972.02,6037297202,"Census Tract 2972.02, Los Angeles County, California",0.22231251227,4049,632,1723,256,1545,254,2.4084,0.4734,2.5267,0.5049,0.3913,0.3913,1.9507,0.3726,7.2771,0.4411,2473,Low to Medium,6198688.53613281,9987.20395438703
1096,297300,2973.00,6037297300,"Census Tract 2973, Los Angeles County, California",0.47566337823,2113,291,886,97,784,109,0.8453,0.0662,2.6159,0.5509,0.3067,0.3067,3.0014,0.7991,6.7693,0.3728,2474,Low to Medium,25804581.3867188,26336.9406456569
1097,297400,2974.00,6037297400,"Census Tract 2974, Los Angeles County, California",0.80785936139,3183,488,1783,220,1669,240,2.0232,0.3608,2.0645,0.2548,0.1225,0.1225,2.4775,0.5892,6.6877,0.3613,2475,Low to Medium,32817141.4794922,26028.7929490013
1098,297501,2975.01,6037297501,"Census Tract 2975.01, Los Angeles County, California",0.4371257654,2845,587,1114,156,1110,161,0.9048,0.0757,1.7898,0.1407,0.3348,0.3348,1.0952,0.1142,4.1246,0.0636,2476,Low,35433440.2294922,28121.3686302312
1099,297502,2975.02,6037297502,"Census Tract 2975.02, Los Angeles County, California",0.37117568278,2006,299,1066,74,996,120,1.6694,0.2612,2.2207,0.3357,0.2323,0.2323,1.4471,0.195,5.5695,0.2092,2477,Low,10354627.6650391,17579.8015245072
1100,297601,2976.01,6037297601,"Census Tract 2976.01, Los Angeles County, California",0.29773097424,3017,546,1383,150,1271,159,2.5858,0.5248,2.8234,0.6769,0.4478,0.4478,2.1901,0.4694,8.0471,0.5479,2478,Medium to High,27477979.046875,33407.5382561422
1101,297602,2976.02,6037297602,"Census Tract 2976.02, Los Angeles County, California",0.24018247114,3515,478,1817,145,1650,152,2.7268,0.5655,2.22,0.3353,0.4383,0.4383,2.6095,0.6471,7.9946,0.5402,2479,Medium to High,6697030.703125,12308.3153847831
1102,300100,3001.00,6037300100,"Census Tract 3001, Los Angeles County, California",1.7727263289,6279,836,2196,255,2079,277,1.0544,0.108,2.8053,0.6673,0.2889,0.2889,0.7503,0.0564,4.8989,0.1331,2480,Low,49617592.3427734,31214.2776040989
1103,300200,3002.00,6037300200,"Census Tract 3002, Los Angeles County, California",0.75057688257,5378,564,1979,123,1853,144,1.8913,0.3239,2.1835,0.3172,0.3713,0.3713,1.4519,0.1955,5.898,0.2563,2481,Low to Medium,21032321.3730469,22239.275327534
1104,300301,3003.01,6037300301,"Census Tract 3003.01, Los Angeles County, California",2.3860756108,6194,901,2161,254,2026,253,1.1327,0.1249,2.2797,0.3655,0.1581,0.1581,1.6311,0.2523,5.2016,0.1649,2482,Low,66719773.3837891,42030.0878545983
1105,300400,3004.00,6037300400,"Census Tract 3004, Los Angeles County, California",0.77375265512,6200,901,2133,192,2034,200,2.5692,0.5206,2.5951,0.5394,0.3738,0.3738,1.9085,0.3552,7.4466,0.462,2483,Low to Medium,21619992.0664063,23832.1063694193
1106,300501,3005.01,6037300501,"Census Tract 3005.01, Los Angeles County, California",0.48658697601,3039,392,1079,152,1047,140,1.5985,0.2418,2.8882,0.7107,0.4118,0.4118,1.9433,0.3703,6.8418,0.3847,2484,Low to Medium,13564261.4580078,20460.8616914399
1107,300503,3005.03,6037300503,"Census Tract 3005.03, Los Angeles County, California",0.41830097629,5475,1087,2295,259,2253,271,3.5489,0.7956,2.7651,0.6419,0.4445,0.4445,2.0867,0.4254,8.8452,0.6579,2485,Medium to High,11660723.6835938,18182.5297868343
1108,300601,3006.01,6037300601,"Census Tract 3006.01, Los Angeles County, California",0.2828189428,6334,1053,2314,365,2157,313,2.3507,0.4571,2.7604,0.6393,0.3947,0.3947,2.9867,0.7943,8.4925,0.6065,2486,Medium to High,7932533.97460938,17361.5591985608
1109,300602,3006.02,6037300602,"Census Tract 3006.02, Los Angeles County, California",0.57693098299,3455,334,1409,86,1409,86,2.2316,0.4222,2.571,0.5282,0.0773,0.0773,2.7073,0.6904,7.5872,0.4828,2487,Low to Medium,16428832.1494141,25321.4679357394
1110,300701,3007.01,6037300701,"Census Tract 3007.01, Los Angeles County, California",5.1541516601,5280,566,2213,196,2051,205,1.0132,0.0981,2.165,0.3054,0.0974,0.0974,1.2282,0.1397,4.5038,0.0947,2488,Low,144319238.138672,64594.012760422
1111,300702,3007.02,6037300702,"Census Tract 3007.02, Los Angeles County, California",4.4144721204,6170,1035,2649,843,2436,845,1.283,0.161,2.2465,0.3505,0.0873,0.0873,0.9605,0.0859,4.5773,0.1028,2489,Low,123689655.414063,67272.7901477635
1112,300800,3008.00,6037300800,"Census Tract 3008, Los Angeles County, California",2.353624896,7165,1238,3068,413,2804,393,2.6357,0.5385,2.9823,0.7569,0.2374,0.2374,2.2952,0.5132,8.1506,0.5626,2490,Medium to High,66052510.0107422,46618.3960668113
1113,300901,3009.01,6037300901,"Census Tract 3009.01, Los Angeles County, California",2.6825810973,5757,662,2272,157,2058,234,1.9359,0.3359,2.7434,0.6289,0.2241,0.2241,0.7573,0.0574,5.6607,0.2222,2491,Low,74823499.9726563,43253.8068972255
1114,300902,3009.02,6037300902,"Census Tract 3009.02, Los Angeles County, California",1.695699366,2257,427,826,130,811,128,0.7224,0.0457,2.3043,0.3773,0.1557,0.1557,0.0909,0.0052,3.2733,0.0186,2492,Low,47352163.71875,36957.5291168117
1115,301000,3010.00,6013301000,"Census Tract 3010, Contra Costa County, California",35.191191114,5265,792,2407,245,1834,283,2.6885,0.5556,2.2574,0.3555,0.2689,0.2689,1.4741,0.2025,6.6889,0.3615,464,Low to Medium,22281599.2294922,21107.76026002
1116,301100,3011.00,6037301100,"Census Tract 3011, Los Angeles County, California",0.51356623936,7313,966,2925,234,2869,247,2.5223,0.5069,3.0483,0.7867,0.1055,0.1055,2.2898,0.5108,7.9659,0.5353,2494,Medium to High,14474919.8007813,18435.3453275094
1117,301203,3012.03,6037301203,"Census Tract 3012.03, Los Angeles County, California",0.21136536227,4576,412,1983,174,1907,179,3.4083,0.7557,2.8773,0.7058,0.1982,0.1982,2.4791,0.5899,8.9629,0.6722,2495,Medium to High,5892198.6328125,10515.7224837084
1118,301204,3012.04,6037301204,"Census Tract 3012.04, Los Angeles County, California",0.15788174102,4750,832,2323,299,2156,312,3.1017,0.6724,2.7974,0.6617,0.2374,0.2374,3.2073,0.8595,9.3438,0.7175,2496,Medium to High,4401250.36328125,8682.85878733063
1119,301205,3012.05,6037301205,"Census Tract 3012.05, Los Angeles County, California",0.29857113219,2114,327,722,74,722,74,1.4133,0.1919,2.2139,0.3321,0.0997,0.0997,1.2422,0.1431,4.9691,0.1406,2497,Low,8323225.52050781,12800.2397883737
1120,301206,3012.06,6037301206,"Census Tract 3012.06, Los Angeles County, California",0.31985654935,5330,1040,1996,227,1829,233,3.5354,0.7914,2.7523,0.634,0.1172,0.1172,2.9432,0.78,9.3481,0.718,2498,Medium to High,8916575.23730469,13372.313270821
1121,301300,3013.00,6037301300,"Census Tract 3013, Los Angeles County, California",0.44976326996,1954,298,724,80,700,81,1.181,0.1367,2.1784,0.3141,0.0214,0.0214,0.2546,0.0127,3.6354,0.0342,2499,Low,12537926.1523438,19797.0578829375
1122,301400,3014.00,6037301400,"Census Tract 3014, Los Angeles County, California",0.61072378834,3988,511,1349,152,1306,159,1.5796,0.2364,2.3486,0.4011,0.0779,0.0779,0.1036,0.0063,4.1097,0.0625,2500,Low,17197932.4287109,19116.9462184889
1123,301501,3015.01,6037301501,"Census Tract 3015.01, Los Angeles County, California",0.23322182428,1846,313,633,83,544,82,0.8833,0.0725,2.5928,0.5384,0.0518,0.0518,1.0123,0.0964,4.5402,0.0995,2501,Low,6501439.56640625,14082.1247445851
1124,301502,3015.02,6037301502,"Census Tract 3015.02, Los Angeles County, California",0.26098062757,6798,966,2518,232,2405,221,4.0062,0.9175,3.1033,0.8091,0.0545,0.0545,3.0109,0.8024,10.1749,0.8247,2502,High,7275273.90820313,15159.5495792045
1125,301601,3016.01,6037301601,"Census Tract 3016.01, Los Angeles County, California",0.87162719551,5657,768,2359,195,2317,198,3.8941,0.8916,3.0322,0.7811,0.2113,0.2113,3.5589,0.9438,10.6965,0.8855,2503,High,24312180.4462891,26095.7532571952
1126,301602,3016.02,6037301602,"Census Tract 3016.02, Los Angeles County, California",0.38049772947,4472,772,1761,198,1649,207,3.6306,0.8212,2.7288,0.6192,0.4741,0.4741,2.2669,0.4998,9.1004,0.6889,2504,Medium to High,10709878.2167969,15494.0087731743
1127,301701,3017.01,6037301701,"Census Tract 3017.01, Los Angeles County, California",0.35292850226,2837,417,1088,102,1065,108,2.0822,0.3783,3.0958,0.8063,0.3296,0.3296,1.6034,0.2416,7.111,0.4211,2505,Low to Medium,10030751.9072266,15501.1493793489
1128,301702,3017.02,6037301702,"Census Tract 3017.02, Los Angeles County, California",0.32009593259,6075,771,2095,170,2064,176,3.891,0.891,2.6589,0.5787,0.2261,0.2261,2.8401,0.7425,9.6161,0.7534,2506,High,8923311.88085938,12339.4408567602
1129,301801,3018.01,6037301801,"Census Tract 3018.01, Los Angeles County, California",0.27504284852,5176,597,2475,169,2241,174,3.6792,0.8351,2.9197,0.7245,0.3868,0.3868,2.8501,0.7466,9.8358,0.7826,2507,High,7784905.63476563,11140.3397682707
1130,301802,3018.02,6037301802,"Census Tract 3018.02, Los Angeles County, California",0.18495289665,4948,532,2399,201,2101,176,3.1041,0.6727,2.1713,0.3097,0.2191,0.2191,2.2717,0.5019,7.7662,0.5078,2508,Medium to High,5155927.42480469,9450.60354791228
1131,301901,3019.01,6037301901,"Census Tract 3019.01, Los Angeles County, California",0.17601502145,4718,597,2104,196,1891,164,2.64,0.5398,3.2286,0.8644,0.1751,0.1751,2.1117,0.4363,8.1554,0.5633,2509,Medium to High,4942420.5546875,9780.51278636849
1132,301902,3019.02,6037301902,"Census Tract 3019.02, Los Angeles County, California",0.24498673833,3308,886,1279,182,1106,195,3.2862,0.7219,3.2914,0.8861,0.0987,0.0987,3.245,0.8706,9.9213,0.7923,2510,High,6869899.40820313,12760.9390469641
1133,302002,3020.02,6037302002,"Census Tract 3020.02, Los Angeles County, California",0.19412899678,3889,582,1907,243,1760,250,3.5649,0.8007,2.8802,0.7069,0.28,0.28,3.0857,0.8239,9.8108,0.7784,2511,High,5411692.28417969,9621.42699856411
1134,302003,3020.03,6037302003,"Census Tract 3020.03, Los Angeles County, California",0.091576830666,3730,575,1641,244,1542,249,2.8467,0.6008,2.6612,0.58,0.1608,0.1608,2.3064,0.5176,7.9751,0.5373,2512,Medium to High,2552867.16894531,6617.57866643964
1135,302004,3020.04,6037302004,"Census Tract 3020.04, Los Angeles County, California",0.1311974596,4194,535,1726,164,1606,154,3.6185,0.8169,2.9201,0.7249,0.3348,0.3348,2.9108,0.7688,9.7842,0.7754,2513,High,3657387.41210938,7716.80388899182
1136,302102,3021.02,6037302102,"Census Tract 3021.02, Los Angeles County, California",0.39985379493,6413,1135,2696,216,2421,256,2.2376,0.4244,2.0664,0.2566,0.3119,0.3119,2.5427,0.6174,7.1586,0.4273,2514,Low to Medium,11146809.484375,18268.2953119868
1137,302103,3021.03,6037302103,"Census Tract 3021.03, Los Angeles County, California",0.21262907411,5242,695,2058,189,1874,194,3.9151,0.8955,3.2399,0.8675,0.1452,0.1452,2.7032,0.6889,10.0034,0.8024,2515,High,5927468.93652344,9560.52287906588
1138,302104,3021.04,6037302104,"Census Tract 3021.04, Los Angeles County, California",0.21985574525,3679,438,1465,108,1382,121,3.5453,0.7948,3.1155,0.8158,0.4133,0.4133,2.9567,0.7847,10.0308,0.8061,2516,High,6128928.50585938,12263.7871716127
1139,302201,3022.01,6037302201,"Census Tract 3022.01, Los Angeles County, California",0.19214713522,3838,406,1932,130,1820,151,3.6655,0.8305,3.1627,0.8357,0.0889,0.0889,2.9644,0.7876,9.8815,0.7883,2517,High,5356510.09570313,10679.6714719421
1140,302202,3022.02,6037302202,"Census Tract 3022.02, Los Angeles County, California",0.19750854759,5586,715,2013,186,1973,181,3.7435,0.8516,3.5667,0.9571,0.2638,0.2638,3.1466,0.8427,10.7206,0.8882,2518,High,5505961.77929688,10955.3687832022
1141,302301,3023.01,6037302301,"Census Tract 3023.01, Los Angeles County, California",0.27048838932,3836,319,1520,115,1363,125,3.4438,0.7667,2.4777,0.4743,0.3437,0.3437,3.2487,0.8713,9.5139,0.738,2519,Medium to High,7540427.12890625,13199.0997851917
1142,302302,3023.02,6037302302,"Census Tract 3023.02, Los Angeles County, California",0.24441607957,5361,770,2012,161,1906,170,3.8037,0.8696,2.9592,0.7454,0.4466,0.4466,3.5092,0.934,10.7187,0.888,2520,High,6813634.22753906,12078.2345881968
1143,302401,3024.01,6037302401,"Census Tract 3024.01, Los Angeles County, California",0.52959217508,7464,1031,2862,363,2739,348,4.4468,0.9844,2.1401,0.293,0.3757,0.3757,3.226,0.8638,10.1886,0.8267,2521,High,14763514.3173828,17996.8168795301
1144,302503,3025.03,6037302503,"Census Tract 3025.03, Los Angeles County, California",0.12611133795,4066,579,1550,189,1409,192,4.0535,0.9278,3.3571,0.9073,0.2076,0.2076,2.6175,0.6504,10.2357,0.8324,2522,High,3515609.49804688,9965.9398099377
1145,302504,3025.04,6037302504,"Census Tract 3025.04, Los Angeles County, California",0.14563226897,3970,435,1410,116,1387,121,4.1619,0.9478,3.3103,0.8929,0.2494,0.2494,2.4973,0.5966,10.2189,0.83,2523,High,4059815.08886719,11451.9579913916
1146,302505,3025.05,6037302505,"Census Tract 3025.05, Los Angeles County, California",0.2069498998,4553,734,1583,164,1513,171,3.5348,0.7912,3.401,0.9206,0.3359,0.3359,3.6417,0.9573,10.9134,0.9057,2524,High,5769178.81445313,15679.7899153322
1147,302506,3025.06,6037302506,"Census Tract 3025.06, Los Angeles County, California",0.3495759786,3456,625,1345,164,1317,165,3.639,0.8228,3.0366,0.7827,0.2181,0.2181,3.2205,0.8624,10.1142,0.8176,2525,High,9754383.12011719,15033.9712140059
1148,310100,3101.00,6037310100,"Census Tract 3101, Los Angeles County, California",5.0419040867,5245,670,2068,252,1932,286,1.6776,0.2635,1.3075,0.0491,0.1682,0.1682,0.9312,0.0814,4.0845,0.0609,2526,Low,141177853.025391,57403.225542852
1149,310201,3102.01,6037310201,"Census Tract 3102.01, Los Angeles County, California",0.42476162106,5908,1197,2124,496,2115,496,2.4453,0.4836,2.9655,0.748,0.2131,0.2131,1.4735,0.2024,7.0974,0.4186,2527,Low to Medium,11840846.5849609,13982.6082185635
1150,310202,3102.02,6037310202,"Census Tract 3102.02, Los Angeles County, California",0.34977790994,4863,543,1875,185,1784,182,2.823,0.5938,2.0095,0.2303,0.07,0.07,1.9755,0.3814,6.878,0.3898,2528,Low to Medium,9750645.40136719,13451.4201030203
1151,310300,3103.00,6037310300,"Census Tract 3103, Los Angeles County, California",0.40972873969,2947,577,1071,183,1041,186,1.3635,0.179,1.8373,0.1552,0.1557,0.1557,0.2429,0.0116,3.5994,0.0326,2529,Low,11421816.7041016,18611.359316691
1152,310400,3104.00,6037310400,"Census Tract 3104, Los Angeles County, California",0.5431497607,3438,664,1332,168,1209,161,1.8711,0.3173,2.0023,0.226,0.2881,0.2881,1.5415,0.2219,5.703,0.2279,2530,Low,15141126.6835938,20340.4888145732
1153,310501,3105.01,6037310501,"Census Tract 3105.01, Los Angeles County, California",0.7589413963,4037,552,1634,239,1515,224,3.1787,0.6933,2.85,0.692,0.652,0.652,2.1459,0.4516,8.8266,0.6551,2531,Medium to High,21156697.7763672,24961.6240171064
1154,310601,3106.01,6037310601,"Census Tract 3106.01, Los Angeles County, California",0.39678467014,6924,995,2471,296,2368,306,3.3638,0.7442,3.3869,0.9162,0.4598,0.4598,3.0768,0.8216,10.2873,0.8385,2532,High,11060995.2314453,18813.1974028538
1155,310602,3106.02,6037310602,"Census Tract 3106.02, Los Angeles County, California",0.34400491284,2764,346,1135,107,1061,112,1.6109,0.2449,2.4131,0.4381,0.2131,0.2131,1.7257,0.2854,5.9628,0.2662,2533,Low to Medium,9589672.88085938,13922.9630466351
1156,310701,3107.01,6037310701,"Census Tract 3107.01, Los Angeles County, California",0.19897341858,2121,337,1142,160,1102,165,2.9101,0.62,3.4139,0.9231,0.0889,0.0889,2.6421,0.6636,9.055,0.6842,2534,Medium to High,5546692.86621094,11912.0079529828
1157,310703,3107.03,6037310703,"Census Tract 3107.03, Los Angeles County, California",0.38406994517,4517,896,2052,223,1927,228,2.7549,0.5734,3.2778,0.882,0.1258,0.1258,2.4333,0.5701,8.5918,0.6214,2535,Medium to High,10706614.7841797,16117.913123053
1158,310704,3107.04,6037310704,"Census Tract 3107.04, Los Angeles County, California",0.19120504634,4050,620,2259,282,2084,326,3.9543,0.9049,2.8963,0.7139,0.2374,0.2374,2.5162,0.6051,9.6042,0.7514,2536,High,5330172.91796875,9704.85227376463
1159,310705,3107.05,6037310705,"Census Tract 3107.05, Los Angeles County, California",0.21503564788,2293,616,1359,193,1312,204,3.0583,0.661,3.0453,0.7854,0.3812,0.3812,2.3471,0.5355,8.8319,0.6558,2537,Medium to High,5994483.54785156,10157.2237390792
1160,310800,3108.00,6037310800,"Census Tract 3108, Los Angeles County, California",0.82488993451,5124,687,2188,373,2127,375,2.3002,0.4439,2.4506,0.46,0.2793,0.2793,3.3029,0.8857,8.333,0.5871,2538,Medium to High,23086921.3330078,23538.1099174929
1161,310900,3109.00,6037310900,"Census Tract 3109, Los Angeles County, California",0.83899732939,6144,856,2469,215,2369,247,2.6373,0.539,2.7839,0.654,0.3968,0.3968,2.219,0.4808,8.037,0.5467,2539,Medium to High,23388464.6982422,21427.4057702173
1162,311000,3110.00,6013311000,"Census Tract 3110, Contra Costa County, California",0.62668524502,5142,757,1453,171,1428,170,3.5678,0.8011,3.4352,0.9282,0.8232,0.8232,2.9265,0.7737,10.7527,0.8917,505,High,14234396.6044922,15633.6222547698
1163,311100,3111.00,6037311100,"Census Tract 3111, Los Angeles County, California",0.65824058927,4191,508,1464,230,1464,230,2.5362,0.5106,2.596,0.5401,0.3738,0.3738,1.6427,0.2554,7.1487,0.4261,2541,Low to Medium,18349521.4082031,18030.2376970442
1164,311200,3112.00,6037311200,"Census Tract 3112, Los Angeles County, California",0.38184870037,3155,605,1294,173,1271,171,1.6968,0.2678,1.553,0.0869,0.2004,0.2004,1.0765,0.1103,4.5267,0.0979,2542,Low,10644705.3544922,13994.3143633449
1165,311300,3113.00,6037311300,"Census Tract 3113, Los Angeles County, California",0.47176452023,3857,534,1586,222,1549,226,1.854,0.3114,1.5803,0.0919,0.3882,0.3882,1.7941,0.3116,5.6166,0.2157,2543,Low,13151296.2958984,14726.6340804065
1166,311400,3114.00,6037311400,"Census Tract 3114, Los Angeles County, California",0.36259919906,2245,253,999,82,940,91,1.6471,0.2552,1.9007,0.1822,0.1761,0.1761,1.1557,0.1246,4.8796,0.1303,2544,Low,10108104.3388672,15209.4782829777
1167,311500,3115.00,6037311500,"Census Tract 3115, Los Angeles County, California",0.57708310718,6013,1152,2357,241,2194,225,2.1894,0.4091,0.9891,0.0246,0.3566,0.3566,2.0509,0.4111,5.586,0.2113,2545,Low,16104492.4746094,16060.0533405798
1168,311601,3116.01,6037311601,"Census Tract 3116.01, Los Angeles County, California",0.65832089849,2608,1347,971,196,936,199,1.1459,0.1287,2.9717,0.7518,0.3868,0.3868,1.124,0.1201,5.6284,0.2178,2546,Low,18352022.0205078,18686.2809826912
1169,311602,3116.02,6037311602,"Census Tract 3116.02, Los Angeles County, California",0.42636664707,4323,482,2789,281,2386,195,3.3349,0.7352,1.2212,0.0402,0.2552,0.2552,2.2578,0.4967,7.0691,0.4144,2547,Low to Medium,11956659.0117188,17199.361304383
1170,311700,3117.00,6037311700,"Census Tract 3117, Los Angeles County, California",0.90844819884,5966,705,2873,402,2616,355,2.0754,0.3768,2.1228,0.2847,0.2309,0.2309,1.9619,0.3768,6.391,0.3198,2548,Low to Medium,25324717.8945313,20887.4964373973
1171,311801,3118.01,6037311801,"Census Tract 3118.01, Los Angeles County, California",0.23147239612,2896,439,1352,168,1251,170,2.3723,0.4639,2.2898,0.3693,0.4741,0.4741,1.7463,0.294,6.8825,0.3907,2549,Low to Medium,6524746.31738281,12074.9723807813
1172,311802,3118.02,6037311802,"Census Tract 3118.02, Los Angeles County, California",0.31334841404,4266,844,1654,277,1528,267,2.6451,0.541,1.9042,0.1831,0.5623,0.5623,2.5336,0.6132,7.6452,0.4895,2550,Low to Medium,8868053.47558594,12482.310353881
1173,320101,3201.01,6037320101,"Census Tract 3201.01, Los Angeles County, California",0.26274395541,3578,465,1045,130,1029,139,2.7297,0.5662,2.2999,0.3757,0.8368,0.8368,1.0824,0.1116,6.9488,0.3993,2551,Low to Medium,7324167.41796875,10839.3208686473
1174,320102,3201.02,6037320102,"Census Tract 3201.02, Los Angeles County, California",0.47332128349,3893,832,987,151,913,156,2.8395,0.5979,2.8277,0.6795,0.9528,0.9528,1.4289,0.1895,8.0489,0.5483,2552,Medium to High,13194185.2236328,16354.3116159585
1175,320201,3202.01,6037320201,"Census Tract 3202.01, Los Angeles County, California",0.35491731366,4111,988,1254,112,1167,118,3.3161,0.7302,3.4008,0.9205,0.9381,0.9381,2.3492,0.5363,10.0042,0.8026,2553,High,9893645.49707031,16454.7689705456
1176,320202,3202.02,6037320202,"Census Tract 3202.02, Los Angeles County, California",0.62359797342,6248,932,1509,154,1415,157,3.6477,0.8255,2.1689,0.308,0.897,0.897,1.8683,0.3406,8.5819,0.6198,2554,Medium to High,17383225.2568359,18518.4248281092
1177,320300,3203.00,6037320300,"Census Tract 3203, Los Angeles County, California",0.66206570179,6414,1025,2045,207,1942,221,3.1711,0.6904,3.0794,0.7995,0.9286,0.9286,3.4575,0.9212,10.6366,0.8788,2555,High,18455638.6396484,18337.8890448755
1178,400205,4002.05,6037400205,"Census Tract 4002.05, Los Angeles County, California",9.0912345263,2536,327,973,89,849,111,0.4305,0.014,2.2501,0.3527,0.4253,0.4253,1.5921,0.2371,4.698,0.1133,2556,Low,257115263.318359,84603.3785078173
1179,400206,4002.06,6037400206,"Census Tract 4002.06, Los Angeles County, California",1.2939254858,5615,683,1779,153,1708,162,1.4842,0.209,2.028,0.2385,0.3463,0.3463,1.1032,0.116,4.9617,0.139,2557,Low,36094785.2167969,31912.2149000281
1180,400207,4002.07,6037400207,"Census Tract 4002.07, Los Angeles County, California",1.9401108123,4625,615,1554,142,1460,150,1.2501,0.1527,1.9197,0.1889,0.303,0.303,0.6294,0.0413,4.1022,0.062,2558,Low,54108335.8779297,56442.4796239493
1181,400208,4002.08,6037400208,"Census Tract 4002.08, Los Angeles County, California",0.31751715733,1296,265,510,73,510,73,0.4294,0.0138,2.7417,0.6269,0.4264,0.4264,0,0,3.5975,0.0324,2559,Low,8851514.05664063,13823.6753334355
1182,400209,4002.09,6037400209,"Census Tract 4002.09, Los Angeles County, California",2.5550454291,4398,629,1664,228,1623,235,1.5005,0.2136,1.7218,0.1217,0.313,0.313,0.877,0.0724,4.4123,0.0854,2560,Low,73887794.2773438,40593.9242338864
1183,400304,4003.04,6037400304,"Census Tract 4003.04, Los Angeles County, California",1.2112069933,7989,939,2783,306,2665,319,2.0196,0.3594,2.15,0.2978,0.4659,0.4659,2.0972,0.4295,6.7327,0.368,2561,Low to Medium,33814221.2998047,33542.6388204245
1184,400402,4004.02,6037400402,"Census Tract 4004.02, Los Angeles County, California",1.6926194303,4119,621,1363,178,1299,187,2.0756,0.3769,2.0556,0.2513,0.3282,0.3282,3.0267,0.807,7.4861,0.4671,2562,Low to Medium,47185458.4003906,40506.2004556919
1185,400403,4004.03,6037400403,"Census Tract 4004.03, Los Angeles County, California",5.0668729169,4135,770,1389,186,1368,186,2.0836,0.379,2.2612,0.357,0.4232,0.4232,2.1062,0.4339,6.8742,0.3895,2563,Low to Medium,141348544.939453,59037.9297587426
1186,400404,4004.04,6037400404,"Census Tract 4004.04, Los Angeles County, California",6.11281976,4201,511,1424,156,1383,161,1.0627,0.1095,1.4147,0.0627,0.1365,0.1365,0.9259,0.0806,3.5398,0.0293,2564,Low,173968682.848633,70709.492263167
1187,400501,4005.01,6037400501,"Census Tract 4005.01, Los Angeles County, California",4.5334208801,2049,301,771,138,685,124,1.2753,0.1594,2.0195,0.2338,0.1128,0.1128,1.6666,0.2642,5.0742,0.1515,2565,Low,126490827.026367,54271.27782626
1188,400602,4006.02,6037400602,"Census Tract 4006.02, Los Angeles County, California",0.59511214007,4449,588,1452,152,1339,151,3.0399,0.6565,2.253,0.3534,0.6914,0.6914,2.1988,0.4733,8.1831,0.5676,2566,Medium to High,16609048.5976563,21934.7682695557
1189,400603,4006.03,6037400603,"Census Tract 4006.03, Los Angeles County, California",3.5438016856,4974,752,1833,150,1672,163,2.0824,0.3786,2.2209,0.3359,0.622,0.622,2.314,0.5208,7.2393,0.4362,2567,Low to Medium,98883988.5498047,64948.4602074627
1190,400605,4006.05,6037400605,"Census Tract 4006.05, Los Angeles County, California",1.9179165111,7571,760,2529,606,2308,603,2.6159,0.5336,1.6428,0.104,0.5336,0.5336,2.931,0.7756,7.7233,0.5028,2568,Medium to High,53486147,37045.5273009526
1191,400801,4008.01,6037400801,"Census Tract 4008.01, Los Angeles County, California",1.3844953625,6825,690,1944,159,1852,174,1.3861,0.1851,1.8827,0.1734,0.4047,0.4047,2.3437,0.5338,6.0172,0.2739,2569,Low to Medium,38595769.1347656,26500.1951792447
1192,401001,4010.01,6037401001,"Census Tract 4010.01, Los Angeles County, California",0.55346370343,2819,277,959,94,959,94,1.3461,0.1743,2.6431,0.5695,0.2673,0.2673,0.5283,0.0335,4.7848,0.1214,2570,Low,15605775.0830078,15802.9951081394
1193,401002,4010.02,6037401002,"Census Tract 4010.02, Los Angeles County, California",0.56889504206,4052,518,1654,156,1566,161,1.4307,0.1966,2.0376,0.2431,0.2689,0.2689,2.8578,0.7499,6.595,0.3479,2571,Low to Medium,15859141.8886719,15902.4227119461
1194,401101,4011.01,6037401101,"Census Tract 4011.01, Los Angeles County, California",1.1628006134,5374,962,1931,214,1856,222,1.8549,0.3115,2.7431,0.6287,0.4616,0.4616,3.3423,0.8939,8.4019,0.5964,2572,Medium to High,32453940.0585938,25073.8402079251
1195,401102,4011.02,6037401102,"Census Tract 4011.02, Los Angeles County, California",0.49503952099,4037,691,1362,181,1258,190,2.5759,0.5223,3.2436,0.8685,0.4831,0.4831,3.5787,0.9473,9.8813,0.7882,2573,High,13800316.5439453,15934.9659189947
1196,401201,4012.01,6037401201,"Census Tract 4012.01, Los Angeles County, California",0.90433891526,3630,736,1097,152,1008,157,1.0004,0.0952,2.5886,0.5364,0.5097,0.5097,1.3226,0.1608,5.4213,0.1911,2574,Low,25213285.0810547,23559.5749022109
1197,401202,4012.02,6037401202,"Census Tract 4012.02, Los Angeles County, California",1.2147212937,4384,430,1323,129,1323,129,2.337,0.4528,2.6117,0.5487,0.4047,0.4047,2.5077,0.602,7.8611,0.521,2575,Medium to High,34259209.1367188,25891.55002667
1198,401203,4012.03,6037401203,"Census Tract 4012.03, Los Angeles County, California",0.73478801349,5014,716,1622,148,1577,142,2.3649,0.4622,2.7631,0.6405,0.5067,0.5067,2.7934,0.7243,8.4281,0.5997,2576,Medium to High,20501499.7402344,18844.8639313443
1199,401303,4013.03,6037401303,"Census Tract 4013.03, Los Angeles County, California",2.2391773134,2156,332,776,113,735,114,0.8733,0.0708,2.66,0.5793,0.5123,0.5123,0.9674,0.0875,5.013,0.145,2577,Low,62465682.5751953,43099.0758614045
1200,401304,4013.04,6037401304,"Census Tract 4013.04, Los Angeles County, California",3.4315850003,5305,664,1875,204,1830,189,1.3029,0.1657,2.0172,0.2333,0.3991,0.3991,1.4059,0.1824,5.1251,0.1582,2578,Low,106366286.025391,70996.3884597062
1201,401311,4013.11,6037401311,"Census Tract 4013.11, Los Angeles County, California",1.6519312294,6626,720,2370,199,2196,220,1.9466,0.3381,2.6378,0.5662,0.3713,0.3713,1.6305,0.2519,6.5862,0.3465,2579,Low to Medium,46051481.0507813,31456.2277643467
1202,401312,4013.12,6037401312,"Census Tract 4013.12, Los Angeles County, California",1.0841165007,4981,492,1865,167,1799,165,2.6813,0.5535,2.8031,0.6662,0.4106,0.4106,3.8726,0.9803,9.7676,0.7729,2580,High,30222476.3320313,24426.3308546891
1203,401500,4015.00,6001401500,"Census Tract 4015, Alameda County, California",0.18059573558,2816,493,1191,86,1081,90,2.8865,0.6123,2.3645,0.4105,0.5365,0.5365,2.4579,0.5807,8.2454,0.5759,15,Medium to High,51333776.8662109,46188.0116385269
1204,401601,4016.01,6037401601,"Census Tract 4016.01, Los Angeles County, California",1.0021084359,5547,604,2397,253,2368,256,2.0734,0.376,2.4577,0.4631,0.3558,0.3558,2.7647,0.7145,7.6516,0.4908,2582,Low to Medium,27953045.5429688,29226.2969677058
1205,401602,4016.02,6037401602,"Census Tract 4016.02, Los Angeles County, California",0.78254342546,6143,819,2166,260,2137,268,3.4541,0.7699,2.3706,0.4129,0.4466,0.4466,2.4783,0.5895,8.7496,0.6436,2583,Medium to High,21815355.0175781,19135.9366997752
1206,401705,4017.05,6037401705,"Census Tract 4017.05, Los Angeles County, California",0.62709296873,2867,276,973,67,925,90,0.7177,0.045,2.7605,0.6395,0.4098,0.4098,2.8879,0.7616,6.7759,0.3742,2584,Low to Medium,17481731.2597656,22160.0253000005
1207,401706,4017.06,6037401706,"Census Tract 4017.06, Los Angeles County, California",0.47857767612,4167,680,1674,180,1554,198,2.8993,0.6164,2.5572,0.521,0.6317,0.6317,3.6294,0.9559,9.7176,0.7669,2585,High,13341546.8232422,19057.1143074314
1208,401707,4017.07,6037401707,"Census Tract 4017.07, Los Angeles County, California",0.81306942178,8333,1378,2723,244,2667,255,3.7732,0.8597,3.0895,0.8034,0.6728,0.6728,4.0852,0.9912,11.6207,0.9611,2586,High,22666357.5673828,24977.7520438075
1209,401801,4018.01,6037401801,"Census Tract 4018.01, Los Angeles County, California",1.3707373899,4294,705,1632,242,1477,264,1.1231,0.1225,2.2893,0.369,0.2941,0.2941,1.7723,0.3033,5.4788,0.1987,2587,Low,38345146.3623047,25381.717107061
1210,401802,4018.02,6037401802,"Census Tract 4018.02, Los Angeles County, California",0.94685955631,3497,433,1383,164,1344,162,0.5309,0.0223,2.3941,0.4275,0.4274,0.4274,1.9766,0.3819,5.329,0.1791,2588,Low,26395951.9023438,20557.8866402007
1211,401901,4019.01,6037401901,"Census Tract 4019.01, Los Angeles County, California",0.66292439263,3661,455,121,40,92,32,1.1201,0.1221,0.0751,0.0009,0.4445,0.4445,1.3505,0.1682,2.9902,0.0098,2589,Low,18480713.4892578,18375.0158981403
1212,401902,4019.02,6037401902,"Census Tract 4019.02, Los Angeles County, California",1.0257042874,6511,764,3116,349,2921,356,2.5714,0.5211,2.3646,0.4106,0.2101,0.2101,2.5418,0.6164,7.6879,0.4962,2590,Low to Medium,28632192.3681641,24786.8586215067
1213,402001,4020.01,6037402001,"Census Tract 4020.01, Los Angeles County, California",0.56321123452,3526,557,1294,196,1294,196,2.0188,0.3591,2.5151,0.4981,0.5199,0.5199,1.1265,0.1206,6.1803,0.2933,2591,Low to Medium,15701036.0048828,18566.4243218767
1214,402002,4020.02,6037402002,"Census Tract 4020.02, Los Angeles County, California",0.63889456246,3997,500,1703,220,1612,222,2.7709,0.5789,2.7938,0.6606,0.3043,0.3043,3.2823,0.8799,9.1513,0.6957,2592,Medium to High,17810907.1884766,17687.7847825032
1215,402101,4021.01,6037402101,"Census Tract 4021.01, Los Angeles County, California",0.45928647579,5206,683,1060,116,1035,119,3.3644,0.7444,2.6055,0.5453,0.897,0.897,2.4236,0.5665,9.2905,0.7122,2593,Medium to High,12803862.9931641,17664.2706914623
1216,402102,4021.02,6037402102,"Census Tract 4021.02, Los Angeles County, California",0.88257936484,4952,774,1325,136,1268,143,2.7511,0.572,2.7439,0.6294,0.8175,0.8175,2.1872,0.4683,8.4997,0.6074,2594,Medium to High,24736703.0283203,20823.5392175374
1217,402200,4022.00,6001402200,"Census Tract 4022, Alameda County, California",0.27631582681,2387,347,958,128,854,128,2.3628,0.4615,2.7698,0.645,0.5814,0.5814,2.0926,0.4278,7.8066,0.513,19,Medium to High,68457965.3085938,45687.7652265409
1218,402301,4023.01,6037402301,"Census Tract 4023.01, Los Angeles County, California",0.51407048857,5270,621,1383,173,1372,174,3.3374,0.7359,3.3393,0.9017,0.8026,0.8026,2.8641,0.7536,10.3434,0.845,2596,High,14331189.6796875,16815.6665993627
1219,402303,4023.03,6037402303,"Census Tract 4023.03, Los Angeles County, California",0.36458916876,3687,470,1072,102,1028,109,3.7378,0.8497,2.9466,0.7382,0.7648,0.7648,3.7831,0.9738,11.2323,0.9351,2597,High,10164035.1259766,13648.7098015924
1220,402304,4023.04,6037402304,"Census Tract 4023.04, Los Angeles County, California",0.26925286292,4444,690,1017,124,988,126,3.6778,0.8348,3.2467,0.8697,0.9229,0.9229,3.3495,0.8956,11.1969,0.9319,2598,High,7506213.95117188,14825.4554145973
1221,402403,4024.03,6037402403,"Census Tract 4024.03, Los Angeles County, California",0.78470443835,5749,880,1146,185,1083,191,3.2113,0.7006,1.9107,0.1858,0.7087,0.7087,3.3632,0.8995,9.1939,0.7009,2599,Medium to High,21876056.8154297,31893.7467311464
1222,402404,4024.04,6037402404,"Census Tract 4024.04, Los Angeles County, California",1.5795027413,2056,251,4,6,4,6,1.2401,0.151,0.1899,0.0018,0.5097,0.5097,1.9944,0.3883,3.9341,0.05,2600,Low,44033423.2871094,35801.851361202
1223,402405,4024.05,6037402405,"Census Tract 4024.05, Los Angeles County, California",0.39142209946,2280,220,538,32,532,34,3.4539,0.7696,3.2204,0.8606,0.9691,0.9691,1.2017,0.135,8.8451,0.6577,2601,Medium to High,10912056.1777344,17844.365349909
1224,402406,4024.06,6037402406,"Census Tract 4024.06, Los Angeles County, California",0.45080342875,4924,706,1296,233,1267,238,3.5704,0.802,2.6254,0.5574,0.8385,0.8385,2.1848,0.4671,9.2191,0.7035,2602,Medium to High,12567423.0009766,14369.785082223
1225,402501,4025.01,6037402501,"Census Tract 4025.01, Los Angeles County, California",0.39224874384,5048,716,1370,143,1285,152,3.9709,0.909,3.4226,0.9252,0.91,0.91,3.8608,0.9792,12.1643,0.9842,2603,High,10935142.1640625,16013.7862902773
1226,402503,4025.03,6037402503,"Census Tract 4025.03, Los Angeles County, California",0.33756241487,4167,903,1079,195,1079,195,3.8396,0.8781,2.6501,0.5736,0.91,0.91,2.6376,0.6611,10.0373,0.8074,2604,High,9410579.24804688,12828.2359402865
1227,402504,4025.04,6037402504,"Census Tract 4025.04, Los Angeles County, California",0.23180289943,2739,518,775,110,750,116,3.632,0.8213,3.7737,0.9823,0.9511,0.9511,2.5834,0.6336,10.9402,0.9083,2605,High,6462249.30078125,10587.7528616888
1228,402601,4026.01,6037402601,"Census Tract 4026.01, Los Angeles County, California",0.39952136111,3184,678,793,63,754,81,3.5478,0.7952,3.4537,0.9327,0.788,0.788,3.9019,0.9829,11.6914,0.9647,2606,High,11137846.1289063,17697.4012541064
1229,402602,4026.02,6037402602,"Census Tract 4026.02, Los Angeles County, California",0.48156185848,4852,1133,2086,684,2016,685,2.2567,0.4303,2.5496,0.5166,0.5985,0.5985,2.5637,0.627,7.9685,0.5359,2607,Medium to High,13424901.4511719,15377.5008063564
1230,402702,4027.02,6037402702,"Census Tract 4027.02, Los Angeles County, California",0.57857191649,5251,455,1480,87,1384,104,4.3174,0.9701,3.5312,0.9515,0.9304,0.9304,3.9971,0.9877,12.7761,0.9969,2608,High,16129395.7148438,18402.4857740926
1231,402703,4027.03,6037402703,"Census Tract 4027.03, Los Angeles County, California",0.41349902572,5533,1568,1361,203,1305,206,2.8547,0.6033,2.6966,0.6004,0.8336,0.8336,3.2999,0.8846,9.6848,0.7632,2609,High,11527439.4746094,18762.3195598238
1232,402705,4027.05,6037402705,"Census Tract 4027.05, Los Angeles County, California",0.33417398371,3388,500,892,91,868,88,2.7077,0.561,2.8806,0.7074,0.8185,0.8185,1.3684,0.1725,7.7752,0.5092,2610,Medium to High,9316061.0859375,12971.5173526886
1233,402706,4027.06,6037402706,"Census Tract 4027.06, Los Angeles County, California",0.40997738937,3562,354,967,87,928,79,3.359,0.7427,2.5071,0.4938,0.8696,0.8696,2.4372,0.5724,9.1729,0.6984,2611,Medium to High,11429287.671875,13791.6445894581
1234,402801,4028.01,6001402801,"Census Tract 4028.01, Alameda County, California",0.11249390652,3321,613,1733,303,1685,308,2.7577,0.5744,2.7019,0.6035,0.548,0.548,4.0172,0.9885,10.0248,0.8053,24,High,19587559.2412109,22078.3855391274
1235,402803,4028.03,6037402803,"Census Tract 4028.03, Los Angeles County, California",0.24335314076,3415,489,738,73,714,75,3.5282,0.7895,2.6774,0.5897,0.9936,0.9936,1.9582,0.3755,9.1574,0.6965,2613,Medium to High,6784198.30273438,10582.2537464623
1236,402804,4028.04,6037402804,"Census Tract 4028.04, Los Angeles County, California",0.50896622013,4280,705,981,123,954,128,3.8969,0.8923,2.9825,0.757,0.9457,0.9457,3.4262,0.9148,11.2513,0.9363,2614,High,14189019.0253906,16159.2263451337
1237,402902,4029.02,6037402902,"Census Tract 4029.02, Los Angeles County, California",0.71244274634,7336,753,1671,179,1645,183,3.769,0.8586,3.2878,0.8852,0.8073,0.8073,3.0396,0.8118,10.9037,0.9047,2615,High,19861682.875,20771.7790587899
1238,402903,4029.03,6037402903,"Census Tract 4029.03, Los Angeles County, California",0.61171954539,3912,436,989,108,947,113,3.7699,0.8589,2.9665,0.7483,0.9073,0.9073,2.1936,0.4711,9.8373,0.7829,2616,High,17053651.1630859,16962.3347475743
1239,402904,4029.04,6037402904,"Census Tract 4029.04, Los Angeles County, California",0.73689960532,3644,642,875,128,844,131,3.0873,0.6681,3.0629,0.7929,0.9204,0.9204,1.2501,0.1455,8.3207,0.5856,2617,Medium to High,20543582.6337891,20771.8290301097
1240,403000,4030.00,6001403000,"Census Tract 4030, Alameda County, California",0.13606002819,2850,314,1705,165,1499,171,3.6838,0.8361,3.2172,0.8596,0.8588,0.8588,4.1826,0.9948,11.9424,0.9767,27,High,26031458.9794922,25904.900868828
1241,403305,4033.05,6037403305,"Census Tract 4033.05, Los Angeles County, California",0.57204331777,2285,265,694,66,678,71,1.0835,0.1143,2.112,0.2769,0.8729,0.8729,1.5229,0.2154,5.5913,0.2119,2619,Low,15947998.4560547,16251.1098785391
1242,403316,4033.16,6037403316,"Census Tract 4033.16, Los Angeles County, California",1.1235711058,7183,964,2620,387,2600,387,1.9484,0.3387,3.0534,0.7888,0.5762,0.5762,1.541,0.2216,7.119,0.4219,2620,Low to Medium,31323211.21875,28487.4845169305
1243,403317,4033.17,6037403317,"Census Tract 4033.17, Los Angeles County, California",1.6179928636,5272,549,1691,158,1663,153,1.4687,0.2055,2.1311,0.2892,0.6947,0.6947,1.5346,0.2191,5.8291,0.2453,2621,Low,45106832.8613281,38918.4454951928
1244,403318,4033.18,6037403318,"Census Tract 4033.18, Los Angeles County, California",1.300611228,5938,673,2130,299,2042,298,2.2616,0.4319,2.6411,0.5681,0.6772,0.6772,1.0139,0.0972,6.5938,0.3478,2622,Low to Medium,36258881.6025391,30428.6151125349
1245,403319,4033.19,6037403319,"Census Tract 4033.19, Los Angeles County, California",0.85875378263,4355,688,1702,170,1632,166,2.8168,0.5923,1.9696,0.2117,0.7728,0.7728,1.8858,0.3473,7.445,0.4618,2623,Low to Medium,24047582.15625,19931.0182924676
1246,403320,4033.20,6037403320,"Census Tract 4033.20, Los Angeles County, California",1.5123410706,5040,684,1751,150,1561,157,0.8498,0.0672,2.1127,0.2776,0.8026,0.8026,1.097,0.1149,4.8621,0.1288,2624,Low,42162026.5302734,29224.0421814429
1247,403321,4033.21,6037403321,"Census Tract 4033.21, Los Angeles County, California",2.4567681843,5715,536,1731,170,1722,171,2.6537,0.5435,2.806,0.668,0.6793,0.6793,2.365,0.5418,8.504,0.6079,2625,Medium to High,68509266.8740234,41258.1079704997
1248,403323,4033.23,6037403323,"Census Tract 4033.23, Los Angeles County, California",1.2155189805,5540,603,1805,144,1749,146,2.4557,0.4876,2.5698,0.5278,0.8112,0.8112,1.1849,0.1319,7.0216,0.4086,2626,Low to Medium,33887173.1884766,28119.5248950386
1249,403324,4033.24,6037403324,"Census Tract 4033.24, Los Angeles County, California",3.0710549219,7357,872,2271,245,2089,234,2.0918,0.3809,2.5065,0.493,0.8609,0.8609,1.839,0.3279,7.2982,0.4441,2627,Low to Medium,85633509.4736328,46754.8924923497
1250,403325,4033.25,6037403325,"Census Tract 4033.25, Los Angeles County, California",6.6085716392,5214,397,1592,119,1582,121,1.2222,0.1469,2.4511,0.4602,0.7523,0.7523,0.9657,0.0872,5.3913,0.1874,2628,Low,184241977.907227,84070.846131387
1251,403326,4033.26,6037403326,"Census Tract 4033.26, Los Angeles County, California",0.73888725842,2426,389,744,70,670,90,2.0465,0.3669,2.3058,0.3788,0.8204,0.8204,2.3153,0.5213,7.488,0.4673,2629,Low to Medium,20641816.6289063,28079.0293630731
1252,403327,4033.27,6037403327,"Census Tract 4033.27, Los Angeles County, California",3.3887315394,2304,288,851,102,815,85,1.0682,0.1105,1.9668,0.2095,0.5298,0.5298,2.0468,0.4101,5.6116,0.215,2630,Low,95712656.9804688,59688.7959115526
1253,403328,4033.28,6037403328,"Census Tract 4033.28, Los Angeles County, California",1.0774462025,5630,441,1710,109,1710,109,2.4441,0.4832,2.6681,0.5838,0.6892,0.6892,2.6178,0.6506,8.4192,0.5989,2631,Medium to High,30037951.7587891,32118.4962781773
1254,403401,4034.01,6001403401,"Census Tract 4034.01, Alameda County, California",0.21223486397,2940,344,2151,239,2087,237,2.5644,0.5191,3.1594,0.8343,0.4017,0.4017,2.9508,0.7831,9.0763,0.6865,31,Medium to High,24700325.1611328,31751.2960500694
1255,403402,4034.02,6001403402,"Census Tract 4034.02, Alameda County, California",0.03830710993,1405,217,996,174,939,170,2.2424,0.4263,0.7259,0.013,0.6084,0.6084,2.7312,0.7012,6.3079,0.3074,32,Low to Medium,18698451.6933594,17632.480293284
1256,403403,4034.03,6037403403,"Census Tract 4034.03, Los Angeles County, California",1.5015611028,5165,583,1752,219,1704,222,1.5964,0.241,2.5995,0.5416,0.9213,0.9213,1.1399,0.1224,6.2571,0.3005,2634,Low to Medium,41949527.6298828,43277.1097598408
1257,403404,4034.04,6037403404,"Census Tract 4034.04, Los Angeles County, California",0.92270810401,2443,330,738,69,699,68,2.138,0.3926,2.9211,0.7254,0.7927,0.7927,1.1683,0.1279,7.0201,0.4083,2635,Low to Medium,25738899.0253906,25244.9759709483
1258,403407,4034.07,6037403407,"Census Tract 4034.07, Los Angeles County, California",1.8243138032,2327,321,787,100,706,101,1.1713,0.1336,1.9744,0.2137,0.9126,0.9126,0.1196,0.007,4.1779,0.0672,2636,Low,50858683.8613281,37617.2859265532
1259,403408,4034.08,6037403408,"Census Tract 4034.08, Los Angeles County, California",1.2238441118,6702,705,2148,239,2066,243,1.1175,0.1213,2.2163,0.3336,0.8729,0.8729,1.3361,0.1641,5.5428,0.206,2637,Low,34118833.8183594,26149.6358594695
1260,403409,4034.09,6037403409,"Census Tract 4034.09, Los Angeles County, California",1.8086762861,4474,372,1448,131,1353,118,1.8762,0.3191,2.7825,0.653,0.733,0.733,2.0782,0.4217,7.4699,0.4644,2638,Low to Medium,50422527.7597656,38745.7835689615
1261,403500,4035.00,6037403500,"Census Tract 4035, Los Angeles County, California",1.8990423009,1550,253,648,91,562,82,1.8381,0.3067,2.6174,0.552,0.652,0.652,1.6678,0.2647,6.7753,0.374,2639,Low to Medium,52941374.3798828,37462.3834292714
1262,403601,4036.01,6037403601,"Census Tract 4036.01, Los Angeles County, California",1.8900700626,7283,1312,2216,302,2106,315,2.6201,0.5348,2.3171,0.3845,0.7075,0.7075,2.6992,0.6877,8.3439,0.5886,2640,Medium to High,52968675.9931641,38262.6851275933
1263,403702,4037.02,6001403702,"Census Tract 4037.02, Alameda County, California",0.0768729082,1883,264,1283,159,1074,119,1.2143,0.1449,1.5115,0.0784,0.3113,0.3113,2.3248,0.5253,5.3619,0.1837,37,Low,18428228.7998047,18852.8559432874
1264,403703,4037.03,6037403703,"Census Tract 4037.03, Los Angeles County, California",0.83384943142,4485,656,1596,145,1460,149,1.9087,0.3288,2.7385,0.6251,0.4219,0.4219,3.5085,0.9339,8.5776,0.619,2642,Medium to High,23245721.5517578,22658.2615327709
1265,403721,4037.21,6037403721,"Census Tract 4037.21, Los Angeles County, California",0.73258105445,4983,559,1747,248,1677,240,3.3928,0.752,3.0158,0.7727,0.6235,0.6235,3.3572,0.8977,10.3893,0.8504,2643,High,20440719.9970703,20616.6315298098
1266,403722,4037.22,6037403722,"Census Tract 4037.22, Los Angeles County, California",0.6962581227,5144,585,1652,170,1597,146,3.6453,0.825,2.7844,0.6541,0.6998,0.6998,2.1135,0.4377,9.243,0.706,2644,Medium to High,19410076.9130859,18585.3423220115
1267,403801,4038.01,6037403801,"Census Tract 4038.01, Los Angeles County, California",0.72693160999,5948,688,2114,266,2032,274,2.8415,0.5986,2.3168,0.3843,0.7388,0.7388,2.8188,0.7343,8.7159,0.6391,2645,Medium to High,20265004.0429688,21698.4392318253
1268,403802,4038.02,6037403802,"Census Tract 4038.02, Los Angeles County, California",0.50344650594,6813,747,2123,219,2050,218,3.1631,0.6876,2.5837,0.5338,0.6102,0.6102,3.1431,0.8415,9.5001,0.7361,2646,Medium to High,14034817.9599609,16185.9718035443
1269,403901,4039.01,6037403901,"Census Tract 4039.01, Los Angeles County, California",0.48568195292,2935,292,908,83,875,87,2.1641,0.401,2.7879,0.6557,0.5171,0.5171,2.4447,0.5755,7.9138,0.5287,2647,Medium to High,13539511.0429688,16955.1584462923
1270,403902,4039.02,6037403902,"Census Tract 4039.02, Los Angeles County, California",0.81584703957,5274,763,1524,178,1506,179,2.4099,0.4741,2.8572,0.6959,0.4843,0.4843,2.9625,0.7866,8.7139,0.6387,2648,Medium to High,22743652.4208984,18644.0437469412
1271,404000,4040.00,6001404000,"Census Tract 4040, Alameda County, California",0.14169402857,2910,329,1771,170,1621,179,1.4437,0.1993,1.4503,0.0677,0.3194,0.3194,1.8836,0.3463,5.097,0.1544,40,Low,14222194.1708984,16106.7194133956
1272,404100,4041.00,6037404100,"Census Tract 4041, Los Angeles County, California",0.52077592201,6087,784,1446,127,1446,127,3.5466,0.7949,2.8267,0.6789,0.8958,0.8958,2.602,0.6429,9.8711,0.7868,2650,High,14517882.8046875,16224.3737946833
1273,404201,4042.01,6037404201,"Census Tract 4042.01, Los Angeles County, California",0.35812118806,3249,360,968,74,912,85,3.2736,0.7188,2.6384,0.5664,0.718,0.718,2.5937,0.6384,9.2237,0.7041,2651,Medium to High,9983439.77148438,13490.394470963
1274,404203,4042.03,6037404203,"Census Tract 4042.03, Los Angeles County, California",0.24900335743,4370,643,876,126,791,132,2.4948,0.4981,1.872,0.1692,0.6121,0.6121,3.484,0.9281,8.4629,0.6037,2652,Medium to High,6941534.71484375,10591.1434778819
1275,404301,4043.01,6037404301,"Census Tract 4043.01, Los Angeles County, California",0.42759908465,5454,829,1398,124,1340,120,3.9388,0.9013,3.0435,0.7846,0.8904,0.8904,2.4007,0.5574,10.2734,0.8372,2653,High,11920269.5742188,13965.5928811889
1276,404302,4043.02,6037404302,"Census Tract 4043.02, Los Angeles County, California",0.23774539532,2221,303,605,83,605,83,2.5724,0.5213,2.9567,0.7434,0.7133,0.7133,1.2163,0.1375,7.4587,0.4632,2654,Low to Medium,6627701.89257813,10366.200522386
1277,404401,4044.01,6037404401,"Census Tract 4044.01, Los Angeles County, California",0.56004403982,3969,547,1025,134,1007,129,2.9512,0.6318,2.7724,0.6467,0.7959,0.7959,1.4723,0.2021,7.9918,0.5395,2655,Medium to High,15612529.5400391,20034.4975404653
1278,404402,4044.02,6037404402,"Census Tract 4044.02, Los Angeles County, California",1.2920370609,5115,691,1199,157,1144,160,3.0603,0.6612,2.0086,0.23,0.9026,0.9026,2.3621,0.5402,8.3336,0.5873,2656,Medium to High,36231963.2255859,28016.4545423649
1279,404501,4045.01,6001404501,"Census Tract 4045.01, Alameda County, California",0.41665927059,1790,189,687,60,653,64,0.2785,0.0036,2.2666,0.3594,0.1581,0.1581,0.3314,0.0184,3.0346,0.0111,46,Low,8666861.29199219,14072.7770950336
1280,404503,4045.03,6037404503,"Census Tract 4045.03, Los Angeles County, California",0.25358252715,2763,473,829,120,785,123,2.8305,0.5957,2.9787,0.7557,0.8483,0.8483,3.5186,0.9357,10.1761,0.8249,2658,High,7069231.06835938,10733.0294414854
1281,404504,4045.04,6037404504,"Census Tract 4045.04, Los Angeles County, California",0.25957753291,4934,827,1373,228,1316,235,3.9412,0.9018,2.9042,0.7176,0.8649,0.8649,3.4799,0.927,11.1902,0.9308,2659,High,7236360.56152344,10783.2778947818
1282,404600,4046.00,6001404600,"Census Tract 4046, Alameda County, California",1.883371579,4936,558,1811,149,1800,153,1.1302,0.1239,2.3093,0.3806,0.1993,0.1993,1.1999,0.1343,4.8387,0.1267,48,Low,267921347.02832,131670.405832413
1283,404701,4047.01,6037404701,"Census Tract 4047.01, Los Angeles County, California",0.59620519483,5939,772,1381,129,1313,156,3.1358,0.6809,2.5092,0.4953,0.8945,0.8945,3.0599,0.8174,9.5994,0.7503,2661,High,18376054.7158203,18332.1253904246
1284,404702,4047.02,6037404702,"Census Tract 4047.02, Los Angeles County, California",0.44644047615,5424,614,1379,119,1363,121,3.3433,0.7376,3.0254,0.7771,0.9401,0.9401,2.1914,0.4701,9.5002,0.7363,2662,Medium to High,12445835.1855469,16228.6206018962
1285,404703,4047.03,6037404703,"Census Tract 4047.03, Los Angeles County, California",0.46566063371,3225,472,745,72,715,78,3.3872,0.7501,3.167,0.8375,0.9731,0.9731,2.7674,0.7158,10.2947,0.8393,2663,High,13831309.5898438,24076.381867238
1286,404804,4048.04,6037404804,"Census Tract 4048.04, Los Angeles County, California",0.36576407715,4704,614,1085,90,1076,91,2.9363,0.6278,3.228,0.8639,0.9381,0.9381,2.4717,0.5862,9.5741,0.747,2664,Medium to High,10196696.6992188,13780.6503699595
1287,404805,4048.05,6037404805,"Census Tract 4048.05, Los Angeles County, California",0.17324782842,3074,665,747,87,737,90,3.1771,0.6925,2.4997,0.488,0.9493,0.9493,2.5559,0.6238,9.182,0.7001,2665,Medium to High,4829747.7890625,8782.80316892557
1288,404806,4048.06,6037404806,"Census Tract 4048.06, Los Angeles County, California",0.58420012534,6337,794,1546,136,1476,153,3.6048,0.8124,3.3199,0.8967,0.8884,0.8884,3.7988,0.9751,11.6119,0.9602,2666,High,16462801.5576172,19364.106127743
1289,404901,4049.01,6037404901,"Census Tract 4049.01, Los Angeles County, California",0.44080261475,6143,1049,1335,152,1335,152,3.3848,0.7493,2.1951,0.3227,0.9337,0.9337,1.5819,0.2337,8.0955,0.5552,2667,Medium to High,12290340.6269531,14576.706774288
1290,404902,4049.02,6037404902,"Census Tract 4049.02, Los Angeles County, California",0.2671432016,3933,426,890,69,890,69,2.8418,0.5992,3.0301,0.7797,0.9624,0.9624,1.8678,0.3401,8.7021,0.6372,2668,Medium to High,7447334.84375,11501.0219516308
1291,404903,4049.03,6037404903,"Census Tract 4049.03, Los Angeles County, California",0.21056806164,2344,240,603,48,591,51,2.6283,0.5367,2.718,0.6131,0.9318,0.9318,1.4011,0.1808,7.6792,0.4952,2669,Low to Medium,5870169.23144531,10537.5695153335
1292,405001,4050.01,6037405001,"Census Tract 4050.01, Los Angeles County, California",0.64769807416,5849,754,1351,132,1330,137,3.3125,0.7291,2.5361,0.5098,0.9666,0.9666,2.6224,0.6538,9.4376,0.7286,2670,Medium to High,18341729.5439453,19350.7813986185
1293,405002,4050.02,6037405002,"Census Tract 4050.02, Los Angeles County, California",0.34172845545,3488,584,753,113,738,115,3.2214,0.7039,2.9035,0.7173,0.971,0.971,1.5431,0.2224,8.639,0.6288,2671,Medium to High,9526559.31542969,12604.0362717613
1294,405101,4051.01,6037405101,"Census Tract 4051.01, Los Angeles County, California",0.43290875936,5843,948,1304,195,1284,197,3.3288,0.7331,2.5925,0.5382,0.9544,0.9544,2.2516,0.4935,9.1273,0.6927,2672,Medium to High,12068451.2744141,14792.0020914212
1295,405102,4051.02,6037405102,"Census Tract 4051.02, Los Angeles County, California",0.37135946733,5204,763,1457,142,1406,154,3.6156,0.8159,3.4389,0.9295,0.9381,0.9381,3.2185,0.8616,11.2111,0.9333,2673,High,10352608.1923828,15544.3286921081
1296,405201,4052.01,6037405201,"Census Tract 4052.01, Los Angeles County, California",0.52349794111,5146,657,1400,151,1363,154,3.1576,0.6869,3.1323,0.8236,0.9361,0.9361,1.9416,0.369,9.1676,0.6979,2674,Medium to High,14614119.7714844,17807.3564831329
1297,405202,4052.02,6037405202,"Census Tract 4052.02, Los Angeles County, California",0.36805829523,4908,970,1221,81,1148,95,3.2676,0.7168,2.3204,0.386,0.9469,0.9469,3.5551,0.9431,10.09,0.8148,2675,High,10260640.5664063,13428.7538663826
1298,405203,4052.03,6037405203,"Census Tract 4052.03, Los Angeles County, California",0.27767876687,3098,271,729,45,693,60,2.8823,0.6109,3.6547,0.9695,0.835,0.835,2.1695,0.461,9.5415,0.7419,2676,Medium to High,7741069.95507813,13619.860356067
1299,405301,4053.01,6001405301,"Census Tract 4053.01, Alameda County, California",0.087935888806,2947,442,1628,131,1520,151,2.0758,0.377,1.1897,0.0371,0.3142,0.3142,1.9827,0.3841,5.5624,0.2079,55,Low,8883917.11328125,19172.859724589
1300,405302,4053.02,6001405302,"Census Tract 4053.02, Alameda County, California",0.079369443732,2287,354,1530,144,1314,159,2.696,0.5573,2.5952,0.5395,0.5188,0.5188,2.3725,0.5452,8.1825,0.5675,56,Medium to High,19321553.1699219,21908.3063702195
1301,405400,4054.00,6037405400,"Census Tract 4054, Los Angeles County, California",0.51308554237,4988,763,1326,200,1266,206,1.4602,0.2035,1.9325,0.1943,0.7888,0.7888,1.3878,0.177,5.5693,0.2091,2679,Low,14303607.125,20339.446301094
1302,405500,4055.00,6001405500,"Census Tract 4055, Alameda County, California",0.15896630154,3674,515,1627,154,1499,177,2.6896,0.556,2.3086,0.3802,0.671,0.671,2.2823,0.506,7.9515,0.5337,59,Medium to High,20072929.5546875,20094.4932056383
1303,405600,4056.00,6001405600,"Census Tract 4056, Alameda County, California",0.16555049895,3171,431,1518,184,1388,171,3.078,0.6652,2.1896,0.3195,0.6686,0.6686,2.9219,0.7719,8.8581,0.6595,60,Medium to High,22613541.7802734,23814.6589798921
1304,405701,4057.01,6037405701,"Census Tract 4057.01, Los Angeles County, California",0.40305535272,4080,800,1098,149,1098,149,2.6265,0.5364,2.4202,0.4427,0.7461,0.7461,1.4946,0.2072,7.2874,0.4422,2682,Low to Medium,11236215.7724609,14628.6146512902
1305,405702,4057.02,6037405702,"Census Tract 4057.02, Los Angeles County, California",0.53157635325,4966,815,1550,175,1521,178,2.381,0.4659,2.3481,0.4007,0.7702,0.7702,3.3644,0.8999,8.8637,0.6603,2683,Medium to High,14819120.7919922,16477.9770074383
1306,405800,4058.00,6001405800,"Census Tract 4058, Alameda County, California",0.20040740141,3931,648,1395,139,1287,152,3.7132,0.8431,2.8557,0.6954,0.7728,0.7728,1.8641,0.3384,9.2058,0.7015,62,Medium to High,20400612.7509766,20951.1483629764
1307,405900,4059.00,6037405900,"Census Tract 4059, Los Angeles County, California",0.50965116508,3869,547,1244,148,1215,151,3.369,0.7459,2.9737,0.7529,0.7087,0.7087,3.1936,0.8554,10.245,0.8345,2685,High,14207761.5195313,15926.1311350031
1308,406000,4060.00,6001406000,"Census Tract 4060, Alameda County, California",0.8160841062,3890,535,1716,211,1627,203,3.7436,0.8517,2.898,0.7152,0.7242,0.7242,3.3209,0.8897,10.6867,0.8846,65,High,20545510.9238281,26186.2336408612
1309,406101,4061.01,6037406101,"Census Tract 4061.01, Los Angeles County, California",0.53595281942,2905,524,1148,126,1108,134,2.8606,0.6055,2.4147,0.4395,0.662,0.662,1.7927,0.3112,7.73,0.5037,2687,Medium to High,14941133.1738281,17618.5183769981
1310,406103,4061.03,6037406103,"Census Tract 4061.03, Los Angeles County, California",0.853092369,7912,1037,2707,231,2589,246,3.3592,0.7428,2.743,0.6286,0.7133,0.7133,3.9103,0.9837,10.7258,0.889,2688,High,23782263.9863281,23965.2369073878
1311,406201,4062.01,6001406201,"Census Tract 4062.01, Alameda County, California",0.15755432653,4954,664,1538,116,1443,125,3.8028,0.8693,3.0294,0.7788,0.9213,0.9213,3.3815,0.9038,11.135,0.9264,67,High,8614549.92089844,15718.3515289103
1312,406300,4063.00,6001406300,"Census Tract 4063, Alameda County, California",0.18753553293,4403,702,1336,175,1270,172,3.6708,0.8323,3.4794,0.9396,0.8324,0.8324,3.5995,0.9502,11.5821,0.9585,69,High,58018793.2421875,34331.4013655466
1313,406413,4064.13,6037406413,"Census Tract 4064.13, Los Angeles County, California",1.2141602875,6250,569,2050,145,1974,162,2.6799,0.5529,2.9399,0.7344,0.7156,0.7156,1.6769,0.2679,8.0123,0.543,2691,Medium to High,34188466.1816406,27758.4899955748
1314,406500,4065.00,6001406500,"Census Tract 4065, Alameda County, California",0.28765216763,6400,768,1988,191,1864,204,3.5955,0.8104,3.4253,0.926,0.7906,0.7906,3.5695,0.9459,11.3809,0.9459,71,High,22027097.5078125,20253.8311087277
1315,406601,4066.01,6001406601,"Census Tract 4066.01, Alameda County, California",0.28857379311,4726,626,1837,177,1741,187,3.7741,0.86,2.9044,0.7177,0.6911,0.6911,2.2237,0.4824,9.5933,0.7491,72,Medium to High,21185194.7265625,18624.1735713877
1316,406602,4066.02,6001406602,"Census Tract 4066.02, Alameda County, California",0.16012576585,2417,342,994,100,933,103,3.2259,0.7046,2.7824,0.6529,0.7432,0.7432,2.7624,0.7137,9.5139,0.738,73,Medium to High,17117524.0078125,18521.915862927
1317,406701,4067.01,6037406701,"Census Tract 4067.01, Los Angeles County, California",0.36414630977,3259,590,908,120,882,124,2.1741,0.4036,2.7389,0.6255,0.905,0.905,2.2696,0.5007,8.0876,0.5541,2695,Medium to High,10151661.8134766,13657.2176206508
1318,406702,4067.02,6037406702,"Census Tract 4067.02, Los Angeles County, California",1.0746685848,6259,704,2060,209,1878,221,2.9193,0.6227,2.5315,0.5076,0.7133,0.7133,3.4128,0.9119,9.5769,0.7474,2696,Medium to High,30384918.2900391,24280.7777039093
1319,406801,4068.01,6037406801,"Census Tract 4068.01, Los Angeles County, California",0.66826843042,5023,641,1308,133,1288,136,2.1768,0.4046,2.4457,0.4568,0.8336,0.8336,2.515,0.6044,7.9711,0.5365,2697,Medium to High,18781804.7089844,24875.1151285144
1320,406903,4069.03,6037406903,"Census Tract 4069.03, Los Angeles County, California",0.75571203917,8251,861,2126,183,2042,189,3.2889,0.7224,2.8218,0.6759,0.9185,0.9185,1.9572,0.3745,8.9864,0.6757,2698,Medium to High,21113884.2890625,19904.3043983693
1321,407001,4070.01,6037407001,"Census Tract 4070.01, Los Angeles County, California",0.37690775307,5974,804,1290,163,1255,159,3.3799,0.7485,3.2601,0.8742,0.9469,0.9469,2.4531,0.5789,10.04,0.8081,2699,High,10678460.6757813,14146.901571431
1322,407002,4070.02,6037407002,"Census Tract 4070.02, Los Angeles County, California",1.1347263648,3475,541,761,76,701,74,3.1552,0.6859,2.8895,0.7112,0.9417,0.9417,2.0033,0.3923,8.9897,0.6764,2700,Medium to High,34356998.4101563,26566.8014326555
1323,407101,4071.01,6001407101,"Census Tract 4071.01, Alameda County, California",0.14317666025,3869,761,1070,166,1041,169,4.1653,0.9488,2.5241,0.5035,0.8649,0.8649,2.3279,0.527,9.8822,0.7886,78,High,12219677.2167969,15240.2564435838
1324,407102,4071.02,6001407102,"Census Tract 4071.02, Alameda County, California",0.25516091213,4603,966,1378,197,1298,204,3.2084,0.6997,2.7459,0.6309,0.8232,0.8232,3.161,0.8469,9.9385,0.7948,79,High,9931003.00097656,14540.701158105
1325,407201,4072.01,6037407201,"Census Tract 4072.01, Los Angeles County, California",0.24976552278,3742,530,874,111,874,111,3.2867,0.7221,2.8753,0.7053,0.9087,0.9087,2.5731,0.6311,9.6438,0.7574,2703,High,6963037.92285156,11309.3244972866
1326,407202,4072.02,6037407202,"Census Tract 4072.02, Los Angeles County, California",0.31212794562,3526,623,799,156,799,156,3.0142,0.6481,2.5326,0.5085,0.8815,0.8815,1.9018,0.3532,8.3301,0.5866,2704,Medium to High,8701609.921875,13466.7108334662
1327,407301,4073.01,6037407301,"Census Tract 4073.01, Los Angeles County, California",0.38206916461,4671,493,986,90,986,90,2.3852,0.4669,2.9014,0.7165,0.8872,0.8872,1.6878,0.2713,7.8616,0.5211,2705,Medium to High,10651399.8408203,15402.1146174105
1328,407302,4073.02,6037407302,"Census Tract 4073.02, Los Angeles County, California",0.31036345948,3682,804,821,127,821,127,2.5919,0.5271,3.1792,0.8423,0.9731,0.9731,1.6119,0.2451,8.3561,0.5902,2706,Medium to High,8652375.04199219,12289.712199706
1329,407400,4074.00,6001407400,"Census Tract 4074, Alameda County, California",0.19748769808,4183,886,1269,219,1161,242,3.735,0.8488,3.6214,0.965,0.9286,0.9286,2.9613,0.7864,11.2463,0.9358,82,High,6540440.2890625,10298.1794790305
1330,407501,4075.01,6037407501,"Census Tract 4075.01, Los Angeles County, California",0.43680530074,4413,765,1039,96,1008,100,2.8236,0.594,2.7673,0.6436,0.9165,0.9165,2.1204,0.441,8.6278,0.6271,2708,Medium to High,12177326.5488281,17041.3296930534
1331,407502,4075.02,6037407502,"Census Tract 4075.02, Los Angeles County, California",0.39761865046,3890,487,862,61,808,67,2.5609,0.5173,2.3312,0.3922,0.8945,0.8945,1.0769,0.1106,6.8635,0.3879,2709,Low to Medium,11084866.9902344,15725.9872277198
1332,407601,4076.01,6037407601,"Census Tract 4076.01, Los Angeles County, California",0.30162404071,4303,588,1073,105,1042,112,3.7992,0.8682,2.6457,0.571,0.9142,0.9142,3.0251,0.8065,10.3842,0.8499,2710,High,8408716.36132813,11715.9665007745
1333,407602,4076.02,6037407602,"Census Tract 4076.02, Los Angeles County, California",0.36053239505,4451,569,1093,151,1078,152,3.2473,0.7108,2.5949,0.5392,0.9007,0.9007,2.2816,0.5053,9.0245,0.6811,2711,Medium to High,10060120.0410156,13487.2719744739
1334,407701,4077.01,6037407701,"Census Tract 4077.01, Los Angeles County, California",0.44091188161,4051,453,1192,107,1075,98,3.4132,0.7573,3.2305,0.8653,0.9286,0.9286,2.7838,0.7208,10.3561,0.8463,2712,High,12291945.1835938,15602.0485452363
1335,407702,4077.02,6037407702,"Census Tract 4077.02, Los Angeles County, California",0.77256770808,6940,891,1857,223,1792,233,2.7328,0.5673,2.6387,0.5668,0.878,0.878,1.2988,0.1559,7.5483,0.4765,2713,Low to Medium,21547788.4101563,23231.3044527108
1336,407801,4078.01,6037407801,"Census Tract 4078.01, Los Angeles County, California",0.41374574489,5704,973,1069,110,1051,110,2.688,0.5554,2.6537,0.5752,0.8385,0.8385,1.8129,0.3179,7.9931,0.5398,2714,Medium to High,11534523.75,13131.2437310368
1337,407802,4078.02,6037407802,"Census Tract 4078.02, Los Angeles County, California",1.2091683748,3273,499,779,82,751,86,2.3361,0.4525,2.3243,0.389,0.9165,0.9165,1.5581,0.2264,7.135,0.4238,2715,Low to Medium,33728020.4316406,31294.7731623419
1338,407901,4079.01,6037407901,"Census Tract 4079.01, Los Angeles County, California",0.39587231111,3992,678,911,72,902,74,2.4619,0.4894,2.5374,0.5105,0.8217,0.8217,1.5229,0.2154,7.3439,0.4494,2716,Low to Medium,11036212.6669922,14097.1101557532
1339,407902,4079.02,6037407902,"Census Tract 4079.02, Los Angeles County, California",0.1816424581,1588,342,521,73,499,64,2.0367,0.3641,2.7383,0.6247,0.978,0.978,1.4653,0.2,7.2183,0.434,2717,Low to Medium,5067132.77050781,9664.98621841499
1340,408003,4080.03,6037408003,"Census Tract 4080.03, Los Angeles County, California",0.52636397625,4415,709,1255,125,1178,120,3.0109,0.6475,2.6568,0.5765,0.892,0.892,1.5493,0.225,8.109,0.557,2718,Medium to High,14692670.2363281,16519.7754273536
1341,408004,4080.04,6037408004,"Census Tract 4080.04, Los Angeles County, California",0.23998555912,2521,614,846,84,804,86,2.0118,0.3558,1.6758,0.1101,0.91,0.91,1.4606,0.1986,6.0582,0.2789,2719,Low to Medium,6690367.00683594,11890.2034375884
1342,408005,4080.05,6037408005,"Census Tract 4080.05, Los Angeles County, California",1.4208607654,5377,620,1665,144,1603,151,2.5274,0.5085,2.3134,0.3822,0.8073,0.8073,1.833,0.3255,7.4811,0.466,2720,Low to Medium,39660739.9228516,26830.8286578754
1343,408006,4080.06,6037408006,"Census Tract 4080.06, Los Angeles County, California",1.2831254407,3240,479,1012,108,968,116,2.4794,0.494,2.5341,0.5091,0.9026,0.9026,2.2473,0.4921,8.1634,0.5644,2721,Medium to High,35771302.8828125,25486.506250561
1344,408133,4081.33,6037408133,"Census Tract 4081.33, Los Angeles County, California",0.40804842378,5622,920,1631,145,1579,153,2.8684,0.6074,2.7523,0.634,0.905,0.905,2.8069,0.7301,9.3326,0.7164,2722,Medium to High,11375724.5986328,17633.2126603587
1345,408134,4081.34,6037408134,"Census Tract 4081.34, Los Angeles County, California",0.34132111784,2746,318,826,107,820,108,1.5337,0.2222,2.5027,0.4898,0.8217,0.8217,2.1099,0.4356,6.968,0.4026,2723,Low to Medium,9515502.53417969,12212.8544650898
1346,408135,4081.35,6037408135,"Census Tract 4081.35, Los Angeles County, California",0.4354076115,4617,959,1364,246,1342,251,2.0172,0.358,2.6951,0.5994,0.9165,0.9165,1.4184,0.1858,7.0472,0.4113,2724,Low to Medium,12138548.6113281,17522.9779521989
1347,408136,4081.36,6037408136,"Census Tract 4081.36, Los Angeles County, California",0.38959120377,3590,458,973,73,954,75,1.8442,0.3086,2.2989,0.3749,0.8483,0.8483,3.0987,0.8285,8.0901,0.5546,2725,Medium to High,10861256.1630859,17005.0955990545
1348,408137,4081.37,6037408137,"Census Tract 4081.37, Los Angeles County, California",0.32076427515,4134,520,1420,158,1367,172,2.8543,0.6031,2.6197,0.5539,0.8744,0.8744,2.3533,0.5382,8.7017,0.637,2726,Medium to High,8942495.99511719,14267.310463458
1349,408138,4081.38,6037408138,"Census Tract 4081.38, Los Angeles County, California",0.34555820118,5020,793,1260,179,1186,172,2.7375,0.5684,3.083,0.8005,0.8884,0.8884,2.9633,0.7871,9.6722,0.7615,2727,High,9633622.80859375,16153.0593845911
1350,408139,4081.39,6037408139,"Census Tract 4081.39, Los Angeles County, California",0.302859181,4689,626,877,82,860,85,2.8379,0.5975,3.1852,0.8455,0.9624,0.9624,1.0162,0.0976,8.0017,0.5416,2728,Medium to High,8443284.71386719,13034.3781876661
1351,408140,4081.40,6037408140,"Census Tract 4081.40, Los Angeles County, California",0.35243738052,3973,658,837,119,804,114,3.3475,0.7386,2.8185,0.6746,0.9528,0.9528,2.7637,0.7143,9.8825,0.7887,2729,High,9825439.97070313,13677.942717254
1352,408141,4081.41,6037408141,"Census Tract 4081.41, Los Angeles County, California",0.43393386017,4626,550,1007,64,952,84,3.1182,0.6761,2.5022,0.4896,0.9643,0.9643,2.579,0.6327,9.1637,0.6972,2730,Medium to High,12097475.5048828,17253.0397601874
1353,408212,4082.12,6037408212,"Census Tract 4082.12, Los Angeles County, California",1.0869624585,4985,778,1435,189,1435,189,2.6753,0.5509,3.2173,0.8597,0.842,0.842,2.9364,0.7782,9.671,0.7614,2731,High,30689587.2470703,22683.8183955978
1354,408213,4082.13,6037408213,"Census Tract 4082.13, Los Angeles County, California",0.59773068383,6154,854,1822,204,1764,205,3.2421,0.7095,2.6909,0.597,0.9213,0.9213,2.8088,0.7312,9.6631,0.76,2732,High,16664039.8222656,21021.5831381706
1355,408301,4083.01,6037408301,"Census Tract 4083.01, Los Angeles County, California",1.0130505666,6319,758,1618,187,1516,174,3.4265,0.7618,2.1737,0.3116,0.9318,0.9318,2.9286,0.7745,9.4606,0.7319,2733,Medium to High,29251582.1796875,31005.810905731
1356,408302,4083.02,6037408302,"Census Tract 4083.02, Los Angeles County, California",1.1413758134,3528,490,1081,95,1010,102,2.8978,0.6157,2.7638,0.641,0.8765,0.8765,0.7888,0.0609,7.3269,0.4474,2734,Low to Medium,36562956.7607422,32533.1086686937
1357,408303,4083.03,6037408303,"Census Tract 4083.03, Los Angeles County, California",0.71144081165,4764,853,1283,133,1270,137,2.558,0.5161,3.0993,0.8073,0.8452,0.8452,0.9312,0.0814,7.4337,0.461,2735,Low to Medium,20729970.5263672,27704.6878791814
1358,408401,4084.01,6037408401,"Census Tract 4084.01, Los Angeles County, California",0.44741770031,4595,659,1296,172,1296,172,2.3816,0.4662,2.8969,0.7145,0.8305,0.8305,2.1794,0.4652,8.2884,0.581,2736,Medium to High,12473307.5771484,17022.3764043328
1359,408402,4084.02,6037408402,"Census Tract 4084.02, Los Angeles County, California",4.4664677045,6669,640,2015,235,1962,229,2.2203,0.4182,2.6456,0.5709,0.6578,0.6578,2.1175,0.4396,7.6412,0.4889,2737,Low to Medium,124540848.43457,61470.6098993357
1360,408503,4085.03,6037408503,"Census Tract 4085.03, Los Angeles County, California",1.6222314913,6626,1063,2025,186,1933,201,1.127,0.123,2.294,0.372,0.7169,0.7169,0.2746,0.0145,4.4125,0.0855,2738,Low,45244986.1660156,38515.9773962391
1361,408504,4085.04,6037408504,"Census Tract 4085.04, Los Angeles County, California",0.54745132309,5556,662,1574,111,1486,120,2.7199,0.5641,2.4819,0.4766,0.8062,0.8062,2.5412,0.6161,8.5492,0.6155,2739,Medium to High,15262251.0371094,18598.8561907036
1362,408505,4085.05,6037408505,"Census Tract 4085.05, Los Angeles County, California",0.76845379127,2526,280,759,51,730,57,2.2233,0.4191,2.7058,0.606,0.763,0.763,1.594,0.2377,7.2861,0.442,2740,Low to Medium,21423470.5966797,22179.9852429047
1363,408623,4086.23,6037408623,"Census Tract 4086.23, Los Angeles County, California",0.37074710956,3224,417,1068,123,998,126,2.1911,0.4096,2.742,0.6272,0.7743,0.7743,1.5182,0.2147,7.2256,0.4347,2741,Low to Medium,10335916.2158203,13628.910696786
1364,408624,4086.24,6037408624,"Census Tract 4086.24, Los Angeles County, California",0.53250724518,3229,598,1114,159,1050,164,1.338,0.1724,2.1853,0.318,0.8588,0.8588,2.2495,0.4924,6.6316,0.3524,2742,Low to Medium,14845670.0439453,18484.8589512223
1365,408625,4086.25,6037408625,"Census Tract 4086.25, Los Angeles County, California",0.82963010877,3841,411,1301,100,1235,123,1.7205,0.274,2.5561,0.5204,0.75,0.75,0.5354,0.0343,5.562,0.2077,2743,Low,23129156.203125,20580.1421647649
1366,408626,4086.26,6037408626,"Census Tract 4086.26, Los Angeles County, California",0.96400364342,3981,560,1586,193,1355,200,2.5448,0.5125,2.8383,0.6854,0.9007,0.9007,2.506,0.6017,8.7898,0.6499,2744,Medium to High,26875332.3662109,26379.5244165744
1367,408627,4086.27,6037408627,"Census Tract 4086.27, Los Angeles County, California",1.2067614149,2864,257,928,80,899,87,1.3322,0.1716,2.337,0.394,0.8095,0.8095,1.1969,0.1336,5.6756,0.2238,2745,Low,33643290.6005859,32269.2489531938
1368,408628,4086.28,6037408628,"Census Tract 4086.28, Los Angeles County, California",0.91096017845,5358,749,1943,192,1864,194,2.2809,0.4385,2.9431,0.7358,0.9185,0.9185,3.1977,0.8564,9.3402,0.717,2746,Medium to High,25396601.2138672,26498.5768106678
1369,408629,4086.29,6037408629,"Census Tract 4086.29, Los Angeles County, California",0.68447390356,2839,285,991,89,868,74,1.5924,0.2396,2.3893,0.4256,0.7728,0.7728,1.7358,0.2886,6.4903,0.3315,2747,Low to Medium,19082418.0146484,19665.2238738024
1370,408631,4086.31,6037408631,"Census Tract 4086.31, Los Angeles County, California",0.57015103187,5084,835,1514,245,1479,248,2.9722,0.6381,2.6032,0.5436,0.7674,0.7674,0.6086,0.0397,6.9514,0.3995,2748,Low to Medium,15895054.4980469,16761.3495687506
1371,408703,4087.03,6037408703,"Census Tract 4087.03, Los Angeles County, California",6.6073542596,6125,510,1892,141,1860,143,1.7113,0.271,2.3537,0.4049,0.8744,0.8744,0.1576,0.0086,5.097,0.1544,2749,Low,184208024.271484,70723.3277221088
1372,408705,4087.05,6037408705,"Census Tract 4087.05, Los Angeles County, California",0.74405523369,5928,821,1887,304,1876,304,3.0954,0.6705,3.3509,0.9056,0.8711,0.8711,2.5023,0.5988,9.8197,0.7805,2750,High,20753732.4121094,19115.0927967202
1373,408707,4087.07,6037408707,"Census Tract 4087.07, Los Angeles County, California",1.911352391,6610,696,2257,185,2141,187,1.2766,0.1598,2.3781,0.4178,0.8232,0.8232,1.5333,0.2187,6.0112,0.2729,2751,Low to Medium,53306769.3603516,38380.0998321505
1374,408722,4087.22,6037408722,"Census Tract 4087.22, Los Angeles County, California",0.81296864916,4470,541,1331,138,1231,154,2.0387,0.3652,2.2286,0.3408,0.7927,0.7927,1.4484,0.1951,6.5084,0.3343,2752,Low to Medium,22664852.1640625,21725.9876071067
1375,408724,4087.24,6037408724,"Census Tract 4087.24, Los Angeles County, California",0.20601900787,5396,638,1595,157,1527,155,3.9983,0.916,2.8799,0.7066,0.9528,0.9528,2.4526,0.5786,10.2836,0.8382,2753,High,5743580.13476563,10137.2742437582
1376,408725,4087.25,6037408725,"Census Tract 4087.25, Los Angeles County, California",0.75191125108,6449,796,1981,242,1926,245,3.1905,0.6966,2.7992,0.6632,0.8483,0.8483,2.9779,0.792,9.8159,0.7796,2754,High,20962523.9775391,26020.4784017852
1377,408800,4088.00,6001408800,"Census Tract 4088, Alameda County, California",0.45539379543,6622,1132,2164,195,2114,206,4.1488,0.9453,3.4769,0.939,0.8662,0.8662,2.5317,0.6127,11.0236,0.9168,96,High,19285663.5048828,20136.4908627041
1378,408900,4089.00,6001408900,"Census Tract 4089, Alameda County, California",0.31941948189,3660,504,1109,103,1017,110,4.03,0.9227,3.2963,0.8879,0.9026,0.9026,4.113,0.9928,12.3419,0.9899,97,High,33986996.3193359,24334.7931384564
1379,409000,4090.00,6001409000,"Census Tract 4090, Alameda County, California",6.53027942,4756,976,1060,109,1060,109,3.5087,0.7852,3.1777,0.8416,0.9643,0.9643,3.3844,0.9044,11.0351,0.9182,98,High,84699176.6816406,59401.9815071223
1380,409100,4091.00,6001409100,"Census Tract 4091, Alameda County, California",0.1894023361,2477,329,706,85,670,90,2.2612,0.4315,3.2933,0.8868,0.835,0.835,1.8136,0.3183,8.2031,0.571,99,Medium to High,16764062.4628906,24276.8539704187
1381,430003,4300.03,6037430003,"Census Tract 4300.03, Los Angeles County, California",4.6111818229,5183,726,1605,152,1605,152,1.7689,0.2875,1.9805,0.2167,0.5372,0.5372,0.7683,0.0583,5.0549,0.1494,2759,Low,128544944.109375,75719.9902927651
1382,430004,4300.04,6037430004,"Census Tract 4300.04, Los Angeles County, California",0.43267014832,2633,422,1139,85,1012,131,2.1175,0.3878,2.3285,0.3905,0.5025,0.5025,3.6703,0.961,8.6188,0.6252,2760,Medium to High,12061582.8652344,16771.8254140078
1383,430005,4300.05,6037430005,"Census Tract 4300.05, Los Angeles County, California",0.39987425834,3683,595,1357,269,1280,277,3.0472,0.658,2.2426,0.3488,0.7051,0.7051,1.1697,0.1282,7.1646,0.4278,2761,Low to Medium,11147328.7763672,15991.8522113776
1384,430101,4301.01,6001430101,"Census Tract 4301.01, Alameda County, California",9.9164445394,6743,1063,2314,310,2223,321,1.0249,0.1006,2.1315,0.2894,0.5409,0.5409,0.7796,0.0594,4.4769,0.0921,177,Low,21417873.5136719,20104.4350677558
1385,430102,4301.02,6001430102,"Census Tract 4301.02, Alameda County, California",29.98592148,2488,288,948,99,942,100,0.5809,0.0272,1.8898,0.1766,0.3383,0.3383,1.0678,0.1082,3.8768,0.0476,178,Low,13856061.9658203,19361.7678160382
1386,430200,4302.00,6001430200,"Census Tract 4302, Alameda County, California",2.0595016589,7115,631,2406,150,2315,170,1.4404,0.199,2.373,0.4147,0.3327,0.3327,1.7359,0.2888,5.882,0.2533,179,Low to Medium,55572357.8066406,36351.3726755054
1387,430301,4303.01,6037430301,"Census Tract 4303.01, Los Angeles County, California",9.4106628885,4665,782,1743,219,1631,222,0.8944,0.0745,1.956,0.2052,0.2435,0.2435,1.2452,0.1442,4.3391,0.0781,2765,Low,263125799.324219,85159.505402575
1388,430302,4303.02,6037430302,"Census Tract 4303.02, Los Angeles County, California",0.7480139375,5281,515,2390,229,2145,204,1.6396,0.2534,2.6027,0.5434,0.2889,0.2889,1.5582,0.2265,6.0894,0.2823,2766,Low to Medium,20870341.7587891,23536.0699649858
1389,430400,4304.00,6001430400,"Census Tract 4304, Alameda County, California",0.93949041354,2108,268,729,68,695,76,1.1454,0.1286,1.525,0.0813,0.3091,0.3091,1.6171,0.2475,4.5966,0.1043,181,Low,38758703.3046875,35132.2652511237
1390,430501,4305.01,6037430501,"Census Tract 4305.01, Los Angeles County, California",1.8148137635,4286,598,1956,195,1707,205,0.7641,0.0524,1.5276,0.0816,0.2422,0.2422,0.9016,0.0763,3.4355,0.0245,2768,Low,50690750.7744141,33018.4462085964
1391,430502,4305.02,6037430502,"Census Tract 4305.02, Los Angeles County, California",1.1362607341,6543,597,3306,338,2972,323,2.3598,0.4603,2.3242,0.3888,0.2219,0.2219,1.0471,0.1037,5.953,0.2644,2769,Low to Medium,31686189.4287109,25001.2979976719
1392,430600,4306.00,6001430600,"Census Tract 4306, Alameda County, California",0.87313608213,6703,928,2280,326,2280,326,1.8626,0.3143,2.6671,0.5833,0.4454,0.4454,1.6948,0.2739,6.6699,0.3576,183,Low to Medium,39834187.046875,35198.9635310646
1393,430701,4307.01,6037430701,"Census Tract 4307.01, Los Angeles County, California",1.1497368522,5671,746,1994,280,1899,287,1.7308,0.2772,3.1081,0.8117,0.5513,0.5513,2.3405,0.5326,7.7307,0.5038,2771,Medium to High,32192328.0400391,27315.6839654731
1394,430721,4307.21,6037430721,"Census Tract 4307.21, Los Angeles County, California",1.5797367191,3745,522,1402,256,1341,255,2.9474,0.6312,3.335,0.9004,0.6341,0.6341,2.5459,0.619,9.4624,0.7321,2772,Medium to High,44038550.1962891,31686.3384886487
1395,430723,4307.23,6037430723,"Census Tract 4307.23, Los Angeles County, California",0.18779769619,4841,778,1948,231,1745,244,2.0991,0.3829,2.6209,0.5547,0.6341,0.6341,2.0378,0.4057,7.3919,0.4547,2773,Low to Medium,5235291.41699219,12934.5540724347
1396,430724,4307.24,6037430724,"Census Tract 4307.24, Los Angeles County, California",0.22388549182,4565,639,2177,248,1814,222,2.5254,0.5076,2.5314,0.5075,0.7015,0.7015,2.6416,0.6632,8.3999,0.596,2774,Medium to High,6241313.44433594,13445.8046220742
1397,430801,4308.01,6037430801,"Census Tract 4308.01, Los Angeles County, California",0.65814753869,6691,1028,2400,286,2240,317,2.4506,0.4853,2.6243,0.5568,0.7546,0.7546,1.1607,0.1257,6.9902,0.4055,2775,Low to Medium,18401605.7392578,17780.5050643478
1398,430802,4308.02,6037430802,"Census Tract 4308.02, Los Angeles County, California",0.71746786387,4346,551,1380,160,1347,146,1.8277,0.3041,2.6026,0.5433,0.7564,0.7564,0.8049,0.0633,5.9916,0.2706,2776,Low to Medium,20014144.0039063,19713.9784299275
1399,430803,4308.03,6037430803,"Census Tract 4308.03, Los Angeles County, California",0.8794241393,5393,656,1949,224,1831,217,1.7446,0.2811,2.4773,0.4742,0.6686,0.6686,0.9947,0.0925,5.8852,0.2538,2777,Low to Medium,24516002.4599609,21886.6155309825
1400,430901,4309.01,6037430901,"Census Tract 4309.01, Los Angeles County, California",0.44959029627,4377,570,1566,107,1520,115,3.0737,0.6644,2.3925,0.4267,0.6669,0.6669,2.8856,0.7603,9.0187,0.6802,2778,Medium to High,12533248.1533203,14932.6049618909
1401,430902,4309.02,6037430902,"Census Tract 4309.02, Los Angeles County, California",0.45477680443,4725,613,1808,225,1708,228,2.0885,0.3799,2.2695,0.3613,0.6235,0.6235,2.9138,0.7698,7.8953,0.5255,2779,Medium to High,12677912.2900391,17022.453005723
1402,431002,4310.02,6037431002,"Census Tract 4310.02, Los Angeles County, California",0.52126897426,2827,279,1282,114,1206,126,2.2208,0.4183,2.3823,0.4203,0.3593,0.3593,3.1062,0.8308,8.0686,0.5511,2780,Medium to High,14569725.2675781,17516.3346539463
1403,431003,4310.03,6037431003,"Census Tract 4310.03, Los Angeles County, California",0.32971450561,4707,1402,1597,231,1474,252,2.5486,0.5143,2.1639,0.3046,0.6601,0.6601,1.7087,0.2782,7.0813,0.416,2781,Low to Medium,9191483.36523438,13223.528386419
1404,431004,4310.04,6037431004,"Census Tract 4310.04, Los Angeles County, California",0.349982544,3444,371,1299,86,1185,113,2.7744,0.5799,2.8975,0.7147,0.5787,0.5787,1.6364,0.2535,7.887,0.5245,2782,Medium to High,9756470.66699219,13608.7897812964
1405,431100,4311.00,6001431100,"Census Tract 4311, Alameda County, California",0.38004135691,3447,495,1315,146,1308,146,2.1047,0.3849,2.0502,0.2488,0.5545,0.5545,2.7645,0.7144,7.4739,0.4649,188,Low to Medium,32367055.5917969,26288.3484709036
1406,431200,4312.00,6001431200,"Census Tract 4312, Alameda County, California",0.78214882921,5953,609,2543,185,2460,205,2.0015,0.3538,2.4292,0.4481,0.4087,0.4087,2.6978,0.6868,7.5372,0.4748,189,Low to Medium,16014637.9003906,20578.2081564048
1407,431300,4313.00,6037431300,"Census Tract 4313, Los Angeles County, California",0.3153291173,2700,399,905,98,826,97,1.355,0.1766,2.4173,0.441,0.5545,0.5545,0.7441,0.0551,5.0709,0.1512,2785,Low,8790517.26269531,14337.1768561689
1408,431400,4314.00,6037431400,"Census Tract 4314, Los Angeles County, California",0.61569485159,4098,628,1407,176,1351,183,2.6614,0.5462,2.9797,0.7565,0.7203,0.7203,2.9057,0.7671,9.2671,0.7097,2786,Medium to High,19356385.7167969,21367.526658136
1409,431501,4315.01,6037431501,"Census Tract 4315.01, Los Angeles County, California",0.39696073265,4046,378,1561,122,1506,117,2.5851,0.5244,3.1296,0.8222,0.6902,0.6902,3.4284,0.9152,9.8333,0.7822,2787,High,11174204.5400391,15337.4097361651
1410,431502,4315.02,6037431502,"Census Tract 4315.02, Los Angeles County, California",0.65397300387,4138,813,1434,183,1356,178,2.581,0.5233,3.0963,0.8065,0.6971,0.6971,2.1381,0.4481,8.5125,0.6092,2788,Medium to High,21770822.171875,22578.669775378
1411,431600,4316.00,6037431600,"Census Tract 4316, Los Angeles County, California",0.82183895651,4348,513,1495,172,1387,154,1.4956,0.2122,3.2457,0.8693,0.6728,0.6728,2.7419,0.7055,8.156,0.5634,2789,Medium to High,22910771.7138672,23729.5009248766
1412,431701,4317.01,6037431701,"Census Tract 4317.01, Los Angeles County, California",1.2688338751,6094,1018,2343,281,2101,314,2.1853,0.4069,2.4591,0.4634,0.7862,0.7862,1.077,0.1107,6.5076,0.3341,2790,Low to Medium,35371711.2060547,25397.6598500137
1413,431800,4318.00,6037431800,"Census Tract 4318, Los Angeles County, California",0.52581107819,5349,805,2108,315,1875,281,2.2912,0.4409,3.3186,0.896,0.6054,0.6054,2.4235,0.5664,8.6387,0.6286,2791,Medium to High,14658205.6376953,16310.834317932
1414,431900,4319.00,6037431900,"Census Tract 4319, Los Angeles County, California",0.38577651601,3841,552,1444,198,1318,186,2.8409,0.5983,2.4847,0.4786,0.7959,0.7959,1.368,0.1724,7.4895,0.4675,2792,Low to Medium,10754445.4052734,14945.3786176825
1415,432001,4320.01,6037432001,"Census Tract 4320.01, Los Angeles County, California",0.28201855335,2462,396,616,71,591,76,1.3652,0.1793,3.1495,0.8305,0.8483,0.8483,3.6391,0.9571,9.0021,0.6782,2793,Medium to High,7861967.734375,12069.4027311077
1416,432002,4320.02,6037432002,"Census Tract 4320.02, Los Angeles County, California",0.58288428973,4967,716,1840,171,1772,182,3.0099,0.6471,2.7921,0.6588,0.7087,0.7087,2.2169,0.4798,8.7276,0.6402,2794,Medium to High,16249383.0449219,17083.5784112195
1417,432101,4321.01,6037432101,"Census Tract 4321.01, Los Angeles County, California",0.44811886155,4204,551,1391,170,1350,176,1.3976,0.188,2.7222,0.6155,0.6902,0.6902,2.0557,0.4127,6.8657,0.3881,2795,Low to Medium,12492483.7998047,15250.2275697347
1418,432102,4321.02,6037432102,"Census Tract 4321.02, Los Angeles County, California",0.72219066353,5934,585,1750,139,1620,144,1.4416,0.1991,3.4876,0.9417,0.7461,0.7461,2.1251,0.4426,7.8004,0.5119,2796,Medium to High,20132923.6894531,18702.4438331081
1419,432201,4322.01,6037432201,"Census Tract 4322.01, Los Angeles County, California",0.46945061094,5448,1145,1408,268,1356,270,2.5285,0.5087,3,0.7656,0.8026,0.8026,2.7355,0.7027,9.0666,0.6857,2797,Medium to High,13099273.2949219,15009.6071164703
1420,432202,4322.02,6037432202,"Census Tract 4322.02, Los Angeles County, California",0.50953031516,4185,506,1234,114,1185,126,2.9465,0.6308,2.9172,0.7235,0.8936,0.8936,2.2251,0.4831,8.9824,0.6747,2798,Medium to High,14204520.2666016,15699.9821808957
1421,432300,4323.00,6001432300,"Census Tract 4323, Alameda County, California",0.40344570184,4764,443,1811,191,1737,208,2.0635,0.3723,2.3016,0.3765,0.6262,0.6262,1.3941,0.1787,6.3854,0.319,192,Low to Medium,21388852.7138672,21139.5086391101
1422,432401,4324.01,6037432401,"Census Tract 4324.01, Los Angeles County, California",0.39972290636,3970,686,1042,141,1009,141,3.0574,0.6604,3.0565,0.7898,0.9337,0.9337,3.6625,0.9602,10.7101,0.8872,2800,High,11430187.1386719,17896.2579481269
1423,432402,4324.02,6037432402,"Census Tract 4324.02, Los Angeles County, California",0.5771074316,6579,836,1689,144,1546,177,3.5854,0.8072,3.463,0.9348,0.905,0.905,3.2338,0.867,11.1872,0.9304,2801,High,16271819.625,18832.321698867
1424,432501,4325.01,6001432501,"Census Tract 4325.01, Alameda County, California",0.52710838091,4850,694,1516,170,1457,178,2.1608,0.4,2.7581,0.6373,0.686,0.686,1.9238,0.3612,7.5287,0.4737,194,Low to Medium,11489768.1484375,16145.4861206457
1425,432502,4325.02,6001432502,"Census Tract 4325.02, Alameda County, California",0.31800866518,5221,730,1564,195,1504,175,2.8518,0.6022,2.7011,0.603,0.7783,0.7783,3.4663,0.9239,9.7975,0.7768,195,High,18943571.9560547,20971.5715350857
1426,432601,4326.01,6001432601,"Census Tract 4326.01, Alameda County, California",0.40935962617,3957,661,1975,322,1877,330,2.3324,0.4518,2.7512,0.6331,0.5664,0.5664,3.109,0.8317,8.759,0.6444,196,Medium to High,15121527.6826172,17344.5356190276
1427,432602,4326.02,6001432602,"Census Tract 4326.02, Alameda County, California",0.23676237962,3409,490,1353,157,1353,157,2.7308,0.5664,2.3225,0.3873,0.7443,0.7443,3.4994,0.9316,9.297,0.7124,197,Medium to High,11457807.3144531,14750.7989060203
1428,432700,4327.00,6001432700,"Census Tract 4327, Alameda County, California",0.31993763077,2839,537,1044,128,986,126,2.0628,0.3719,1.831,0.1529,0.2157,0.2157,1.8316,0.3248,5.9411,0.2623,198,Low to Medium,20010930.6210938,22628.3970810909
1429,432801,4328.01,6037432801,"Census Tract 4328.01, Los Angeles County, California",0.30559818859,2515,287,903,73,855,77,3.253,0.7135,3.2556,0.8729,0.9912,0.9912,3.5887,0.949,11.0885,0.9225,2807,High,8772998.46386719,13495.9655806242
1430,432802,4328.02,6037432802,"Census Tract 4328.02, Los Angeles County, California",0.22885308015,5356,1070,1484,218,1380,228,4.5448,0.9925,3.1723,0.8398,0.9591,0.9591,3.3624,0.8993,12.0386,0.9801,2808,High,6379927.00878906,12169.7705866629
1431,432901,4329.01,6037432901,"Census Tract 4329.01, Los Angeles County, California",0.43810183126,4061,713,1314,133,1174,166,2.8628,0.6064,1.8837,0.174,0.9438,0.9438,2.9485,0.7823,8.6388,0.6287,2809,Medium to High,12213303.390625,14095.2093043356
1432,432902,4329.02,6037432902,"Census Tract 4329.02, Los Angeles County, California",0.42020330084,3210,452,923,76,837,88,2.4997,0.4996,3.0196,0.7745,0.8467,0.8467,2.7349,0.7025,9.1009,0.689,2810,Medium to High,11714353.4453125,15036.1648044448
1433,433103,4331.03,6001433103,"Census Tract 4331.03, Alameda County, California",0.26770111899,3486,608,1575,218,1457,225,3.2811,0.7209,2.55,0.5168,0.8232,0.8232,2.9336,0.7769,9.5879,0.7485,202,Medium to High,22418407.546875,25927.5728924779
1434,433200,4332.00,6001433200,"Census Tract 4332, Alameda County, California",1.225230218,7947,1195,2849,344,2708,317,3.1276,0.6787,2.6726,0.5873,0.7564,0.7564,3.0528,0.8155,9.6094,0.7522,204,High,19238660.4179688,23403.9259548575
1435,433302,4333.02,6037433302,"Census Tract 4333.02, Los Angeles County, California",0.32982415858,1711,448,490,98,468,98,2.6852,0.5541,2.7176,0.6129,0.9609,0.9609,3.0568,0.8165,9.4205,0.7266,2813,Medium to High,9194825.02636719,16806.5790110191
1436,433304,4333.04,6037433304,"Census Tract 4333.04, Los Angeles County, California",0.30488853312,4691,718,1195,90,1132,103,4.0308,0.9229,2.9478,0.7388,0.9337,0.9337,3.5463,0.9416,11.4586,0.9499,2814,High,8499642.09765625,12749.0774332765
1437,433305,4333.05,6037433305,"Census Tract 4333.05, Los Angeles County, California",0.19765024702,4617,703,1319,169,1319,169,3.934,0.9,3.4722,0.9377,0.9337,0.9337,3.8777,0.9809,12.2176,0.9857,2815,High,5510063.35351563,12378.720393957
1438,433306,4333.06,6037433306,"Census Tract 4333.06, Los Angeles County, California",0.16768950403,3527,496,857,115,857,115,3.5368,0.7919,2.799,0.6629,0.9469,0.9469,2.5845,0.6341,9.8672,0.7865,2816,High,4674828.83007813,12132.8118916096
1439,433307,4333.07,6037433307,"Census Tract 4333.07, Los Angeles County, California",0.16288060362,2858,332,825,78,825,78,3.1233,0.6776,2.6937,0.5986,0.9591,0.9591,3.1225,0.8357,9.8986,0.79,2817,High,4540740.17675781,12822.7008948572
1440,433402,4334.02,6037433402,"Census Tract 4334.02, Los Angeles County, California",0.21540321698,4904,754,1158,157,1139,157,3.4197,0.7603,2.0495,0.2486,0.9185,0.9185,3.9199,0.9844,10.3076,0.8416,2818,High,6005004.50292969,10182.7036493104
1441,433403,4334.03,6037433403,"Census Tract 4334.03, Los Angeles County, California",0.27288801325,4842,596,1265,87,1260,88,4.0416,0.9255,3.1887,0.847,0.9815,0.9815,3.129,0.8375,11.3408,0.9425,2819,High,7607529.44628906,11940.5345393751
1442,433505,4335.05,6037433505,"Census Tract 4335.05, Los Angeles County, California",0.29544409209,4800,948,1105,160,1042,164,4.273,0.9643,2.4526,0.4608,0.9624,0.9624,3.6086,0.952,11.2966,0.9391,2820,High,8236356.90234375,17035.2650052695
1443,433506,4335.06,6037433506,"Census Tract 4335.06, Los Angeles County, California",0.62639373801,4013,533,1084,140,1049,146,4.4553,0.9853,3.1599,0.8347,0.9815,0.9815,3.1804,0.8512,11.7771,0.9685,2821,High,17614450.0888672,22684.1758434659
1444,433601,4336.01,6037433601,"Census Tract 4336.01, Los Angeles County, California",0.43454158472,5482,658,1384,151,1331,159,3.2717,0.7178,2.7533,0.6346,0.9417,0.9417,2.7229,0.698,9.6896,0.7639,2822,High,12114060.4589844,14675.1975386081
1445,433602,4336.02,6037433602,"Census Tract 4336.02, Los Angeles County, California",0.37352472735,2936,425,880,100,836,105,3.0874,0.6682,2.7822,0.6525,0.9204,0.9204,3.0135,0.8032,9.8035,0.7775,2823,High,10782753.8359375,16051.8799948258
1446,433803,4338.03,6037433803,"Census Tract 4338.03, Los Angeles County, California",0.45900809625,3363,503,899,97,885,97,1.9855,0.3491,3.0181,0.7737,0.91,0.91,2.7979,0.7265,8.7115,0.6383,2824,Medium to High,12796336.6279297,22436.7325082813
1447,433804,4338.04,6037433804,"Census Tract 4338.04, Los Angeles County, California",0.58424722979,4795,632,1104,139,1104,139,3.7186,0.8449,3.0251,0.7768,0.9493,0.9493,3.3155,0.8879,11.0085,0.915,2825,High,16287702.0654297,19168.0977612087
1448,433901,4339.01,6037433901,"Census Tract 4339.01, Los Angeles County, California",0.27835212876,5724,724,1374,173,1359,177,4.6141,0.9971,2.697,0.6007,0.9142,0.9142,3.8857,0.9815,12.111,0.983,2826,High,7759901.59765625,11249.3602789082
1449,433903,4339.03,6037433903,"Census Tract 4339.03, Los Angeles County, California",0.3512570667,5328,779,1543,157,1413,169,3.7861,0.8641,3.0382,0.7834,0.9691,0.9691,2.6575,0.67,10.4509,0.8565,2827,High,9792355.77832031,13498.200314276
1450,434001,4340.01,6037434001,"Census Tract 4340.01, Los Angeles County, California",0.41433841146,4128,682,1007,114,966,116,3.7823,0.8629,3.3471,0.9046,0.9511,0.9511,2.2024,0.4753,10.2829,0.8381,2828,High,11550969.3007813,16305.7505173533
1451,434003,4340.03,6037434003,"Census Tract 4340.03, Los Angeles County, California",0.37201313802,4104,493,1013,98,960,102,3.8325,0.8766,3.4758,0.9385,0.9381,0.9381,2.7582,0.7121,11.0046,0.9139,2829,High,10371063.4140625,15938.2041949766
1452,434004,4340.04,6037434004,"Census Tract 4340.04, Los Angeles County, California",0.26424936711,3037,466,731,95,731,95,2.7179,0.5633,3.1764,0.8411,0.9643,0.9643,1.9173,0.3585,8.7759,0.6476,2830,Medium to High,7366791.68652344,11945.1609102863
1453,434100,4341.00,6037434100,"Census Tract 4341, Los Angeles County, California",0.96281560756,6804,646,1665,172,1620,176,3.8028,0.8693,2.9096,0.7206,0.9337,0.9337,3.3963,0.9085,11.0424,0.9191,2831,High,26841415.6484375,25502.2203733878
1454,460001,4600.01,6037460001,"Census Tract 4600.01, Los Angeles County, California",2.0046504643,1718,479,624,128,571,131,0.5011,0.0194,1.851,0.1604,0.1116,0.1116,0.4326,0.0259,2.8963,0.0079,2832,Low,55955876.8515625,50542.485486625
1455,460002,4600.02,6037460002,"Census Tract 4600.02, Los Angeles County, California",0.60479441992,2795,305,1150,84,1085,70,1.7175,0.2729,2.4325,0.4492,0.3615,0.3615,1.7755,0.3047,6.287,0.3044,2833,Low to Medium,16882957.3105469,22441.3417756666
1456,460101,4601.01,6037460101,"Census Tract 4601.01, Los Angeles County, California",2.1939029929,6076,699,2500,228,2397,232,1.4373,0.1982,2.4263,0.4461,0.24,0.24,1.1218,0.1197,5.2254,0.1681,2834,Low,61333859.5478516,44969.8975168714
1457,460200,4602.00,6037460200,"Census Tract 4602, Los Angeles County, California",1.2303588108,5622,1113,1972,137,1797,170,2.6674,0.5484,3.2169,0.8594,0.5664,0.5664,1.7874,0.3099,8.2381,0.5749,2835,Medium to High,34318548.8212891,27180.4746039335
1458,460301,4603.01,6037460301,"Census Tract 4603.01, Los Angeles County, California",1.894050002,4239,495,1637,122,1415,129,1.7438,0.2808,1.5062,0.0775,0.4069,0.4069,2.289,0.5101,5.9459,0.2633,2836,Low to Medium,52943400.9941406,40661.8570891756
1459,460302,4603.02,6037460302,"Census Tract 4603.02, Los Angeles County, California",0.50688397205,4529,885,1674,384,1623,380,3.3717,0.7461,2.9206,0.7252,0.6914,0.6914,1.6622,0.2615,8.6459,0.6298,2837,Medium to High,14130156.5263672,17616.05506417
1460,460401,4604.01,6037460401,"Census Tract 4604.01, Los Angeles County, California",2.0470587497,1071,167,393,47,363,52,2.6197,0.5347,1.8365,0.1546,0.5958,0.5958,1.4577,0.1976,6.5097,0.3347,2838,Low to Medium,57784780.6552734,86126.0006447014
1461,460501,4605.01,6037460501,"Census Tract 4605.01, Los Angeles County, California",2.8744475364,5151,461,1873,192,1658,156,0.7423,0.0494,2.2669,0.3596,0.3566,0.3566,0.4826,0.0292,3.8484,0.0454,2839,Low,80381884.78125,61025.3079631156
1462,460502,4605.02,6037460502,"Census Tract 4605.02, Los Angeles County, California",1.0093374236,4725,705,1503,152,1400,152,0.3939,0.0105,1.798,0.1428,0.3672,0.3672,0.8326,0.0667,3.3917,0.023,2840,Low,28136711.6455078,30368.7308377518
1463,460601,4606.01,6037460601,"Census Tract 4606.01, Los Angeles County, California",1.8739143966,5312,451,1786,142,1739,143,0.6979,0.0413,2.3755,0.4161,0.2204,0.2204,0.7243,0.0517,4.0181,0.0563,2841,Low,52362044.5966797,44778.8485331281
1464,460700,4607.00,6037460700,"Census Tract 4607, Los Angeles County, California",2.8712969441,4890,639,1588,149,1508,156,0.7703,0.0535,2.3796,0.4187,0.2504,0.2504,0.8978,0.0756,4.2981,0.0746,2842,Low,80122266.2685547,45282.2149914167
1465,460800,4608.00,6037460800,"Census Tract 4608, Los Angeles County, California",2.5855934332,2822,417,1390,140,1137,154,0.6848,0.0397,1.5377,0.0839,0.2191,0.2191,0.2433,0.0117,2.6849,0.0043,2843,Low,72586091.7587891,42259.7300942385
1466,460900,4609.00,6037460900,"Census Tract 4609, Los Angeles County, California",0.93987342672,6669,839,2087,166,1939,191,3.4031,0.7546,2.67,0.5854,0.763,0.763,2.3123,0.5201,9.1484,0.695,2844,Medium to High,26419740.2119141,25249.0467261162
1467,461000,4610.00,6037461000,"Census Tract 4610, Los Angeles County, California",0.68323026902,5780,1008,1694,201,1531,204,2.596,0.5283,3.2634,0.8759,0.8436,0.8436,3.09,0.8252,9.793,0.7762,2845,High,19048172.9277344,21730.1258596846
1468,461100,4611.00,6037461100,"Census Tract 4611, Los Angeles County, California",0.75280700772,5438,674,1954,137,1857,159,1.9819,0.3476,2.6696,0.5849,0.5607,0.5607,2.2625,0.4986,7.4747,0.465,2846,Low to Medium,21082355.4082031,19661.2887274368
1469,461200,4612.00,6037461200,"Census Tract 4612, Los Angeles County, California",0.94818504448,4497,557,1848,179,1692,198,1.4589,0.2033,1.9896,0.2209,0.2663,0.2663,1.3707,0.1729,5.0855,0.153,2847,Low,26432261.3710938,27914.019277556
1470,461300,4613.00,6037461300,"Census Tract 4613, Los Angeles County, California",0.75237341518,6456,938,2672,267,2527,293,1.9769,0.3457,2.787,0.6552,0.1557,0.1557,2.5159,0.6048,7.4355,0.4615,2848,Low to Medium,20985084.1240234,29222.9886995872
1471,461400,4614.00,6037461400,"Census Tract 4614, Los Angeles County, California",0.39257075291,3207,457,1385,130,1279,157,2.6172,0.5339,2.6191,0.5528,0.4208,0.4208,3.2698,0.8771,8.9269,0.668,2849,Medium to High,10943648.7373047,15901.5659298692
1472,461501,4615.01,6037461501,"Census Tract 4615.01, Los Angeles County, California",0.38767189073,3917,465,1407,149,1293,148,2.6292,0.5368,2.6082,0.5467,0.6793,0.6793,3.553,0.9428,9.4697,0.7327,2850,Medium to High,10807053.5195313,13636.9044492987
1473,461502,4615.02,6037461502,"Census Tract 4615.02, Los Angeles County, California",0.45273046383,6533,804,1912,266,1825,233,3.4608,0.7731,3.5667,0.9571,0.662,0.662,3.2196,0.8621,10.9091,0.9049,2851,High,12620646.296875,14633.5239294524
1474,461600,4616.00,6037461600,"Census Tract 4616, Los Angeles County, California",0.64154013336,6125,819,1913,197,1810,195,3.6244,0.8194,2.8004,0.6642,0.7702,0.7702,2.3789,0.5474,9.5739,0.7469,2852,Medium to High,17884091.1914063,18010.6196089032
1475,461700,4617.00,6037461700,"Census Tract 4617, Los Angeles County, California",0.84337225115,1450,190,679,57,644,56,1.0175,0.0991,1.849,0.1598,0.2388,0.2388,2.0976,0.43,5.2029,0.1652,2853,Low,23766381.9130859,27778.0984282987
1476,461901,4619.01,6037461901,"Census Tract 4619.01, Los Angeles County, California",0.33929485454,4809,823,1779,183,1710,191,3.7798,0.8622,2.1675,0.3072,0.7472,0.7472,3.267,0.8766,9.9615,0.7965,2854,High,9458533.00976563,13427.5432122431
1477,461902,4619.02,6037461902,"Census Tract 4619.02, Los Angeles County, California",0.32252219756,1814,337,1412,137,1166,139,3.1951,0.6976,2.4872,0.4797,0.5077,0.5077,2.5554,0.6235,8.7454,0.6428,2855,Medium to High,8990947.91113281,12376.6530130499
1478,462001,4620.01,6037462001,"Census Tract 4620.01, Los Angeles County, California",0.19757109611,4524,753,1295,192,1245,193,3.8893,0.8904,2.1583,0.3016,0.8232,0.8232,3.1269,0.8369,9.9977,0.8012,2856,High,5507636.96679688,10803.2239000886
1479,462002,4620.02,6037462002,"Census Tract 4620.02, Los Angeles County, California",0.19750468657,3633,477,1245,200,1130,195,3.7147,0.8435,2.9125,0.7214,0.7888,0.7888,3.523,0.9363,10.939,0.908,2857,High,5505805.32128906,10785.632108859
1480,462100,4621.00,6037462100,"Census Tract 4621, Los Angeles County, California",0.40305921374,5504,648,1936,228,1916,230,3.396,0.753,2.9176,0.7237,0.6177,0.6177,3.2038,0.8588,10.1351,0.8194,2858,High,11236050.8144531,13716.960536712
1481,462201,4622.01,6037462201,"Census Tract 4622.01, Los Angeles County, California",0.20727654209,3883,490,2093,220,1965,219,3.0257,0.6519,3.1456,0.8289,0.5036,0.5036,3.4361,0.917,10.111,0.817,2859,High,5778243.80761719,9688.13243947613
1482,462202,4622.02,6037462202,"Census Tract 4622.02, Los Angeles County, California",0.21940555032,3083,546,1920,242,1519,256,2.4136,0.4752,1.0284,0.0268,0.5159,0.5159,3.7881,0.9746,7.746,0.5054,2860,Medium to High,6116369.42773438,9952.68578016886
1483,462301,4623.01,6037462301,"Census Tract 4623.01, Los Angeles County, California",0.24420063465,5216,612,2030,150,1921,151,3.9306,0.8989,2.9865,0.7589,0.6793,0.6793,2.6463,0.6655,10.2427,0.8335,2861,High,6807546.39355469,10725.2875749202
1484,462302,4623.02,6037462302,"Census Tract 4623.02, Los Angeles County, California",0.27064514674,3311,489,1722,202,1605,208,2.7826,0.5822,1.8375,0.1554,0.5409,0.5409,3.0368,0.8105,8.1978,0.5703,2862,Medium to High,7544740.25683594,11249.3392479867
1485,462400,4624.00,6037462400,"Census Tract 4624, Los Angeles County, California",0.50405114167,3943,522,1584,129,1526,136,2.1169,0.3877,2.3044,0.3774,0.4098,0.4098,2.0158,0.397,6.8469,0.3853,2863,Low to Medium,14165404.7080078,15479.2842290236
1486,462500,4625.00,6037462500,"Census Tract 4625, Los Angeles County, California",0.93545950866,6538,679,2786,346,2628,342,1.9166,0.3307,2.233,0.3446,0.3882,0.3882,1.749,0.295,6.2868,0.3043,2864,Low to Medium,27635915.5087891,31260.429941142
1487,462600,4626.00,6037462600,"Census Tract 4626, Los Angeles County, California",0.40487698195,2286,342,948,107,925,110,1.946,0.3377,2.5707,0.5279,0.3598,0.3598,1.3842,0.1763,6.2607,0.301,2865,Low to Medium,11286691.0371094,15930.8083302682
1488,462700,4627.00,6037462700,"Census Tract 4627, Los Angeles County, California",0.6469335922,5386,814,2496,325,2204,375,3.2775,0.7197,1.6647,0.1081,0.549,0.549,2.4228,0.5656,7.914,0.5288,2866,Medium to High,18034569.1699219,17736.3138886025
1489,462800,4628.00,6037462800,"Census Tract 4628, Los Angeles County, California",0.43486359378,2854,462,1182,128,1057,147,1.6619,0.2581,2.1003,0.2706,0.4807,0.4807,1.5047,0.2101,5.7476,0.2345,2867,Low,12134280.8378906,15312.6227595004
1490,462900,4629.00,6037462900,"Census Tract 4629, Los Angeles County, California",0.90532308925,3700,494,1542,300,1475,305,1.354,0.1764,2.7209,0.6151,0.4629,0.4629,1.3054,0.1577,5.8432,0.2478,2868,Low,25237606.5761719,21386.7971791323
1491,463000,4630.00,6037463000,"Census Tract 4630, Los Angeles County, California",0.70148208276,2919,427,1223,145,1115,146,1.3685,0.18,1.9776,0.2155,0.4354,0.4354,1.5181,0.2146,5.2996,0.1759,2869,Low,19555228.0214844,18119.3850512286
1492,463103,4631.03,6037463103,"Census Tract 4631.03, Los Angeles County, California",1.4138862189,6125,580,2297,194,2005,186,2.0021,0.354,2.5998,0.542,0.6177,0.6177,1.6699,0.2652,6.8895,0.3919,2870,Low to Medium,39557047.5419922,40367.0764523582
1493,463200,4632.00,6037463200,"Census Tract 4632, Los Angeles County, California",0.6288053311,3602,464,1566,210,1512,207,2.017,0.3579,1.9926,0.2223,0.5051,0.5051,1.9219,0.3604,6.4366,0.3244,2871,Low to Medium,17529277.9550781,23318.8784448073
1494,463300,4633.00,6037463300,"Census Tract 4633, Los Angeles County, California",0.25469797583,2038,252,921,54,873,70,1.8586,0.3131,2.0234,0.2359,0.4334,0.4334,1.6023,0.2411,5.9177,0.2584,2872,Low to Medium,7100235.63769531,14079.3975803469
1495,463400,4634.00,6037463400,"Census Tract 4634, Los Angeles County, California",0.74388457661,5835,877,2856,313,2528,284,1.871,0.3172,1.406,0.0613,0.5123,0.5123,1.962,0.3769,5.7513,0.2359,2873,Low,20773911.4785156,25592.2757668855
1496,463500,4635.00,6037463500,"Census Tract 4635, Los Angeles County, California",0.64941854467,6064,771,3003,263,2497,272,2.2879,0.4398,0.57,0.0078,0.3991,0.3991,2.9856,0.7941,6.2426,0.2997,2874,Low to Medium,18103948.2197266,17623.2698077794
1497,463601,4636.01,6037463601,"Census Tract 4636.01, Los Angeles County, California",0.35835709638,5993,718,3751,295,3313,358,2.0094,0.3549,1.9814,0.2168,0.4087,0.4087,2.9175,0.7709,7.317,0.4462,2875,Low to Medium,9989929.21679688,12789.6223940228
1498,463602,4636.02,6037463602,"Census Tract 4636.02, Los Angeles County, California",0.358147443,6414,822,3753,440,3313,457,2.1511,0.396,1.4487,0.0675,0.5181,0.5181,3.2224,0.8632,7.3403,0.4489,2876,Low to Medium,9984146.74902344,12758.1977452566
1499,463700,4637.00,6037463700,"Census Tract 4637, Los Angeles County, California",0.66614602772,3151,363,2045,149,1625,172,0.9417,0.0835,2.1262,0.2863,0.225,0.225,1.8164,0.3193,5.1093,0.1563,2877,Low,18684306.2236328,18113.3989799342
1500,463800,4638.00,6037463800,"Census Tract 4638, Los Angeles County, California",1.0977038162,4188,500,1669,131,1548,139,0.5461,0.0239,2.1752,0.3125,0.313,0.313,1.7835,0.3081,4.8178,0.1246,2878,Low,30863331.2714844,30072.5367643679
1501,463900,4639.00,6037463900,"Census Tract 4639, Los Angeles County, California",0.72329684576,3249,405,1770,147,1442,154,2.332,0.4516,2.1023,0.2719,0.2663,0.2663,2.1516,0.454,6.8522,0.3864,2879,Low to Medium,20256574.8261719,19311.9728005287
1502,464000,4640.00,6037464000,"Census Tract 4640, Los Angeles County, California",1.214218975,5575,788,2809,229,2513,247,2.0097,0.3551,1.3838,0.0579,0.4196,0.4196,1.6045,0.2422,5.4176,0.1906,2880,Low,33868850.6230469,26665.5803755251
1503,464101,4641.01,6037464101,"Census Tract 4641.01, Los Angeles County, California",1.2266371737,2176,488,907,119,740,155,0.3684,0.0087,1.9318,0.1936,0.495,0.495,0.6257,0.041,3.4209,0.024,2881,Low,34217758.6992188,34041.4885221629
1504,464102,4641.02,6037464102,"Census Tract 4641.02, Los Angeles County, California",1.1901976391,4742,1014,1483,144,1269,129,1.4628,0.2042,2.5427,0.5127,0.6262,0.6262,1.9784,0.3823,6.6101,0.3496,2882,Low to Medium,33208939.0498047,41809.3917548443
1505,464200,4642.00,6037464200,"Census Tract 4642, Los Angeles County, California",1.3316573038,6102,863,2210,321,2017,291,0.9851,0.092,2.5154,0.4983,0.6389,0.6389,1.2487,0.1448,5.3881,0.1869,2883,Low,37247025.6113281,26011.0528664961
1506,480002,4800.02,6037480002,"Census Tract 4800.02, Los Angeles County, California",0.5419902964,3978,492,1337,185,1243,196,1.7235,0.2751,3.0599,0.7915,0.6511,0.6511,2.0707,0.4186,7.5052,0.4692,2884,Low to Medium,15109244.3085938,17235.749559757
1507,480011,4800.11,6037480011,"Census Tract 4800.11, Los Angeles County, California",0.42133226309,5154,594,1892,173,1782,176,2.9812,0.6404,2.7742,0.648,0.7203,0.7203,2.7037,0.6892,9.1794,0.6999,2885,Medium to High,12124997.8046875,14222.1055794812
1508,480012,4800.12,6037480012,"Census Tract 4800.12, Los Angeles County, California",0.49531905884,4689,596,1747,182,1617,173,1.3785,0.1831,2.168,0.3074,0.7051,0.7051,1.7364,0.2891,5.988,0.2698,2886,Low to Medium,13808182.3125,15252.6041699684
1509,480101,4801.01,6037480101,"Census Tract 4801.01, Los Angeles County, California",0.43892847564,3996,559,1325,141,1249,146,2.2361,0.4239,3.3595,0.9081,0.8017,0.8017,1.7603,0.2987,8.1576,0.5636,2887,Medium to High,12236218.3027344,14642.82934816
1510,480102,4801.02,6037480102,"Census Tract 4801.02, Los Angeles County, California",0.4742869246,4428,479,1452,130,1327,134,1.925,0.3334,2.3994,0.4312,0.712,0.712,2.2573,0.4964,7.2937,0.4432,2888,Low to Medium,13221959.7529297,15030.5506080877
1511,480201,4802.01,6037480201,"Census Tract 4802.01, Los Angeles County, California",0.59117312746,3722,434,1319,109,1175,112,1.2853,0.1612,2.1244,0.2853,0.5123,0.5123,1.5365,0.2197,5.4585,0.1965,2889,Low,16499275.3857422,19172.831450276
1512,480202,4802.02,6037480202,"Census Tract 4802.02, Los Angeles County, California",0.58496537951,2772,433,1113,216,996,215,0.9079,0.0769,2.325,0.3893,0.6578,0.6578,0.886,0.0743,4.7767,0.1205,2890,Low,16307332.3056641,16299.7447059846
1513,480302,4803.02,6037480302,"Census Tract 4803.02, Los Angeles County, California",0.40558625133,4217,329,1797,159,1770,149,2.0919,0.3811,2.4939,0.4843,0.7051,0.7051,2.9261,0.7736,8.217,0.5726,2891,Medium to High,11306722.3945313,14875.1212024135
1514,480303,4803.03,6037480303,"Census Tract 4803.03, Los Angeles County, California",0.17437563236,4499,596,1630,148,1552,160,3.4347,0.764,2.5408,0.5119,0.8609,0.8609,1.9232,0.3611,8.7596,0.6445,2892,Medium to High,4861184.04589844,8952.41874729906
1515,480304,4803.04,6037480304,"Census Tract 4803.04, Los Angeles County, California",0.16858719118,4482,470,1992,188,1875,174,3.1016,0.6723,2.3743,0.4154,0.8696,0.8696,3.2159,0.8608,9.5614,0.7446,2893,Medium to High,4699816.16210938,8998.89584818316
1516,480400,4804.00,6037480400,"Census Tract 4804, Los Angeles County, California",0.49635149559,5446,751,2452,185,2146,221,2.0168,0.3578,2.3003,0.3761,0.7674,0.7674,2.4929,0.5946,7.5774,0.4813,2894,Low to Medium,13837042.9707031,17488.567425454
1517,480500,4805.00,6037480500,"Census Tract 4805, Los Angeles County, California",0.81523777061,5137,528,2246,224,2046,208,1.3432,0.1733,1.9263,0.1911,0.2903,0.2903,1.2172,0.1378,4.777,0.1206,2895,Low,22726779.9707031,24410.0264435854
1518,480601,4806.01,6037480601,"Census Tract 4806.01, Los Angeles County, California",0.27281117896,3925,407,1581,113,1512,124,2.2742,0.4364,2.0215,0.2349,0.545,0.545,1.3964,0.1793,6.2371,0.2988,2896,Low to Medium,7605226.71582031,14210.4998154195
1519,480602,4806.02,6037480602,"Census Tract 4806.02, Los Angeles County, California",0.62989336653,3959,542,1749,202,1601,240,1.0223,0.0998,1.8363,0.1543,0.3699,0.3699,2.9972,0.7972,6.2257,0.2979,2897,Low to Medium,17824541.828125,22301.7590054357
1520,480702,4807.02,6037480702,"Census Tract 4807.02, Los Angeles County, California",0.84015331878,4134,362,1730,190,1501,177,1.1789,0.1361,2.0881,0.2649,0.5468,0.5468,0.9411,0.0828,4.7549,0.1183,2898,Low,23421364.0039063,22292.379304808
1521,480703,4807.03,6037480703,"Census Tract 4807.03, Los Angeles County, California",0.43786090361,4132,672,1281,125,1247,127,0.933,0.0819,2.123,0.2848,0.515,0.515,2.1783,0.4645,5.7493,0.2352,2899,Low,12218482.6113281,22394.6062957464
1522,480704,4807.04,6037480704,"Census Tract 4807.04, Los Angeles County, California",0.41290095372,4191,504,1898,353,1764,360,1.5777,0.2352,2.1657,0.3059,0.5441,0.5441,1.6678,0.2647,5.9553,0.2648,2900,Low to Medium,11510635.3691406,17632.2819537024
1523,480802,4808.02,6037480802,"Census Tract 4808.02, Los Angeles County, California",0.66439466905,3277,419,1132,154,1132,154,2.3176,0.4485,2.4059,0.4345,0.8696,0.8696,2.6641,0.6727,8.2572,0.577,2901,Medium to High,18521811.5693359,17673.9455599683
1524,480803,4808.03,6037480803,"Census Tract 4808.03, Los Angeles County, California",0.42147396253,3474,361,1281,117,1244,108,2.4345,0.4808,3.261,0.8745,0.7606,0.7606,2.3069,0.518,8.763,0.645,2902,Medium to High,11749748.4404297,14283.4318599889
1525,480804,4808.04,6037480804,"Census Tract 4808.04, Los Angeles County, California",0.32371100562,5350,642,1981,209,1811,223,2.7246,0.5651,2.3382,0.3947,0.8624,0.8624,2.5923,0.6375,8.5175,0.6105,2903,Medium to High,9024257.00878906,15035.6393559052
1526,480901,4809.01,6037480901,"Census Tract 4809.01, Los Angeles County, California",0.36733975941,5020,552,1746,162,1680,168,3.1835,0.6948,2.7173,0.6128,0.8848,0.8848,2.8598,0.7505,9.6454,0.7577,2904,High,10240590.0498047,12999.1003984199
1527,480902,4809.02,6037480902,"Census Tract 4809.02, Los Angeles County, California",0.19826067429,4452,764,1501,232,1382,238,3.5626,0.7999,2.7876,0.6555,0.9142,0.9142,2.9315,0.7759,10.1959,0.8274,2905,High,5527046.63769531,10264.6077839844
1528,480903,4809.03,6037480903,"Census Tract 4809.03, Los Angeles County, California",0.31035921235,3181,474,1120,216,1106,216,3.1121,0.6747,2.612,0.549,0.8436,0.8436,2.022,0.3991,8.5897,0.6208,2906,Medium to High,8652149.56445313,11806.2392632045
1529,481001,4810.01,6037481001,"Census Tract 4810.01, Los Angeles County, California",0.4052711921,4826,590,1852,167,1761,187,2.6548,0.5439,3.139,0.8264,0.8204,0.8204,3.6884,0.9633,10.3026,0.8407,2907,High,11297986.28125,15896.2755453697
1530,481002,4810.02,6037481002,"Census Tract 4810.02, Los Angeles County, California",0.36094938521,5187,640,2240,183,2062,183,2.6519,0.5429,2.6873,0.5947,0.7759,0.7759,2.1426,0.4499,8.2577,0.5771,2908,Medium to High,10062437.1123047,14045.9402935765
1531,481101,4811.01,6037481101,"Census Tract 4811.01, Los Angeles County, California",0.34332807603,4427,730,1590,143,1449,152,2.982,0.6408,2.8423,0.6881,0.7536,0.7536,3.1764,0.8504,9.7543,0.7714,2909,High,9571160.54101563,13645.910872441
1532,481102,4811.02,6037481102,"Census Tract 4811.02, Los Angeles County, California",0.23772917903,3643,395,1378,106,1301,126,3.1552,0.6859,2.3046,0.3777,0.8086,0.8086,3.1545,0.8452,9.4229,0.7271,2910,Medium to High,6627347.78808594,11834.2662404929
1533,481103,4811.03,6037481103,"Census Tract 4811.03, Los Angeles County, California",0.54579648991,5365,682,1897,278,1704,288,2.6969,0.5576,2.7142,0.6113,0.8904,0.8904,2.8395,0.7418,9.141,0.6943,2911,Medium to High,15215534.9140625,16990.0719895282
1534,481201,4812.01,6037481201,"Census Tract 4812.01, Los Angeles County, California",0.39865224551,4095,627,1277,164,1248,170,2.9306,0.626,3.0779,0.7991,0.8711,0.8711,1.7985,0.3132,8.6781,0.6342,2912,Medium to High,11113477.3945313,16493.442344964
1535,481203,4812.03,6037481203,"Census Tract 4812.03, Los Angeles County, California",0.60210135847,6128,710,2097,191,1920,203,3.4595,0.7725,2.8819,0.708,0.8026,0.8026,1.721,0.2831,8.865,0.6605,2913,Medium to High,16785127.3115234,17303.1004486853
1536,481300,4813.00,6037481300,"Census Tract 4813, Los Angeles County, California",0.34624082952,3225,457,870,110,852,109,2.5039,0.5013,2.9089,0.7201,0.9401,0.9401,2.349,0.5361,8.7019,0.6371,2914,Medium to High,9652440.67480469,14112.5185507606
1537,481401,4814.01,6037481401,"Census Tract 4814.01, Los Angeles County, California",0.46586102065,5494,525,1795,139,1654,139,3.4665,0.7738,2.5369,0.5102,0.8884,0.8884,2.2977,0.5141,9.1895,0.7005,2915,Medium to High,12987121.7792969,16283.060699182
1538,481403,4814.03,6037481403,"Census Tract 4814.03, Los Angeles County, California",0.31289397198,3172,1089,888,134,851,140,2.9076,0.6191,3.1768,0.8414,0.8217,0.8217,2.1115,0.4362,9.0176,0.6799,2916,Medium to High,8722796.32226563,18149.9622895512
1539,481404,4814.04,6037481404,"Census Tract 4814.04, Los Angeles County, California",0.39547578436,3758,698,1252,151,1138,164,2.2948,0.4422,2.3439,0.3986,0.9073,0.9073,2.2896,0.5104,7.8356,0.5177,2917,Medium to High,11024962.8203125,14420.8850716906
1540,481500,4815.00,6037481500,"Census Tract 4815, Los Angeles County, California",0.84481936145,4542,367,1643,154,1596,155,2.4627,0.4896,3.011,0.77,0.897,0.897,2.1647,0.459,8.5354,0.6135,2918,Medium to High,23551642.2734375,24596.5422277571
1541,481603,4816.03,6037481603,"Census Tract 4816.03, Los Angeles County, California",0.25316939801,3226,446,1319,125,1147,149,3.1634,0.688,2.8781,0.706,0.9142,0.9142,1.9572,0.3745,8.9129,0.6666,2919,Medium to High,7057784.484375,12084.7485221287
1542,481604,4816.04,6037481604,"Census Tract 4816.04, Los Angeles County, California",0.24054540702,3970,580,1513,202,1406,202,2.9171,0.6221,3.0314,0.7805,0.8467,0.8467,2.0575,0.4134,8.8527,0.6583,2920,Medium to High,6705887.5234375,11095.3176415925
1543,481605,4816.05,6037481605,"Census Tract 4816.05, Los Angeles County, California",0.29534370557,2711,358,1071,98,1046,102,2.2308,0.422,2.6329,0.5616,0.8945,0.8945,2.0684,0.4176,7.8266,0.5161,2921,Medium to High,8233583.31445313,14015.8624377976
1544,481606,4816.06,6037481606,"Census Tract 4816.06, Los Angeles County, California",0.33284540673,5081,589,1728,173,1627,171,3.1795,0.6937,2.4313,0.4485,0.9417,0.9417,2.7031,0.6888,9.2556,0.7078,2922,Medium to High,9278983.62109375,14834.3035327083
1545,481711,4817.11,6037481711,"Census Tract 4817.11, Los Angeles County, California",0.17271886868,4238,643,1452,141,1335,141,3.3669,0.7452,3.1108,0.813,0.9229,0.9229,3.479,0.9265,10.8796,0.9024,2923,High,4815034.21289063,8919.16458594451
1546,481712,4817.12,6037481712,"Census Tract 4817.12, Los Angeles County, California",0.2844027332,5570,844,1748,220,1719,225,3.8165,0.873,3.1029,0.8085,0.9893,0.9893,2.6036,0.6434,10.5123,0.863,2924,High,7928551.5625,12649.2782043873
1547,481713,4817.13,6037481713,"Census Tract 4817.13, Los Angeles County, California",0.17999959409,2655,398,1158,167,961,162,2.7624,0.5756,2.0125,0.2312,0.9213,0.9213,2.1025,0.4325,7.7987,0.5116,2925,Medium to High,5018014.45800781,10376.9548856481
1548,481714,4817.14,6037481714,"Census Tract 4817.14, Los Angeles County, California",0.17570768426,2702,288,977,103,942,106,3.486,0.7788,3.492,0.9428,0.9381,0.9381,2.5483,0.6201,10.4644,0.8578,2926,High,4898370.63964844,10358.4429199016
1549,481800,4818.00,6037481800,"Census Tract 4818, Los Angeles County, California",0.31739051588,2485,273,938,89,883,79,1.5524,0.2276,2.8469,0.6906,0.7783,0.7783,2.0365,0.4052,7.2141,0.4335,2927,Low to Medium,8848178.3515625,13011.5631183876
1550,481901,4819.01,6037481901,"Census Tract 4819.01, Los Angeles County, California",0.70809601002,5758,504,2044,188,2036,188,2.3018,0.4444,2.8174,0.6736,0.7688,0.7688,2.3137,0.5206,8.2017,0.5709,2928,Medium to High,19740208.7636719,19732.1632485442
1551,481902,4819.02,6037481902,"Census Tract 4819.02, Los Angeles County, California",0.34222845754,3325,448,1157,125,1035,124,2.1713,0.4025,2.7208,0.615,0.8452,0.8452,2.6656,0.6735,8.4029,0.5966,2929,Medium to High,9559230.19335938,17761.6195503997
1552,482001,4820.01,6037482001,"Census Tract 4820.01, Los Angeles County, California",1.1275568367,2673,300,994,72,957,84,1.4165,0.1926,2.5584,0.5215,0.9229,0.9229,2.1679,0.4605,7.0657,0.4137,2930,Low to Medium,31702668.1757813,25648.86656757
1553,482002,4820.02,6037482002,"Census Tract 4820.02, Los Angeles County, California",0.96077467239,6947,832,2666,251,2595,264,3.2579,0.7145,2.7788,0.6505,0.8567,0.8567,2.9844,0.7937,9.8778,0.7873,2931,High,26784552.4033203,22704.1270436356
1554,482101,4821.01,6037482101,"Census Tract 4821.01, Los Angeles County, California",0.4448856434,4574,466,1587,149,1475,171,2.7908,0.5843,3.1048,0.8098,0.8467,0.8467,2.1014,0.4318,8.8437,0.6576,2932,Medium to High,12402498.0996094,16859.0711326903
1555,482102,4821.02,6037482102,"Census Tract 4821.02, Los Angeles County, California",0.42394733194,3079,454,1108,139,1014,140,1.8337,0.3059,2.7121,0.61,0.8579,0.8579,1.7411,0.2911,7.1448,0.4253,2933,Low to Medium,11818848.5527344,15122.5169732004
1556,482201,4822.01,6037482201,"Census Tract 4822.01, Los Angeles County, California",0.29857074609,3923,562,1379,226,1289,231,3.1451,0.6833,2.3723,0.4142,0.9318,0.9318,2.8189,0.7344,9.2681,0.7099,2934,Medium to High,8323560.16992188,12012.8018720459
1557,482202,4822.02,6037482202,"Census Tract 4822.02, Los Angeles County, California",0.24975702854,5329,778,1765,227,1715,242,3.3744,0.7467,2.8739,0.7048,0.9457,0.9457,2.7342,0.7019,9.9282,0.7937,2935,High,6962713.65136719,10558.1205944815
1558,482301,4823.01,6037482301,"Census Tract 4823.01, Los Angeles County, California",0.33729986551,5515,1072,1405,130,1336,138,3.6404,0.8235,2.6405,0.5678,0.9731,0.9731,3.1588,0.8463,10.4128,0.8527,2936,High,9403183.62597656,17402.0501187918
1559,482303,4823.03,6037482303,"Census Tract 4823.03, Los Angeles County, California",0.37945757068,5713,551,1561,124,1504,123,3.5544,0.7978,2.9587,0.7452,0.9493,0.9493,2.1602,0.4574,9.6226,0.7538,2937,High,10578497.8974609,15076.4112847623
1560,482304,4823.04,6037482304,"Census Tract 4823.04, Los Angeles County, California",0.23916895339,3037,439,923,102,815,103,3.7191,0.845,3.5313,0.9516,0.9142,0.9142,4.1133,0.9929,12.2779,0.9881,2938,High,6667529.98242188,12904.7038821072
1561,482401,4824.01,6037482401,"Census Tract 4824.01, Los Angeles County, California",0.32396506073,3491,345,984,99,957,102,3.239,0.7087,3.2783,0.8822,0.9544,0.9544,1.7152,0.2808,9.1869,0.7002,2939,Medium to High,9031482.61816406,12471.2249896172
1562,482403,4824.03,6037482403,"Census Tract 4824.03, Los Angeles County, California",0.37132973748,3471,474,952,138,952,138,3.2503,0.7126,2.474,0.4722,0.9844,0.9844,1.9325,0.3647,8.6412,0.6292,2940,Medium to High,10351935.4101563,13109.5399003208
1563,482404,4824.04,6037482404,"Census Tract 4824.04, Los Angeles County, California",0.36253587833,3443,905,1231,326,1231,326,2.1888,0.4087,2.7336,0.6214,0.8467,0.8467,1.967,0.3784,7.7361,0.5046,2941,Medium to High,10106824.7148438,15962.8767587778
1564,482502,4825.02,6037482502,"Census Tract 4825.02, Los Angeles County, California",0.24736165173,3399,464,983,91,879,95,2.9776,0.6393,2.9567,0.7434,0.978,0.978,2.3765,0.5469,9.2888,0.7118,2942,Medium to High,6895933.97949219,10477.0143346378
1565,482503,4825.03,6037482503,"Census Tract 4825.03, Los Angeles County, California",0.28173013516,4303,740,1116,132,1057,142,2.3937,0.4695,2.6418,0.5685,0.9574,0.9574,1.6247,0.2501,7.6176,0.4867,2943,Low to Medium,7854059.75878906,11316.1760828928
1566,482521,4825.21,6037482521,"Census Tract 4825.21, Los Angeles County, California",0.59672411592,5642,808,1553,194,1448,202,2.6253,0.536,2.6277,0.5592,0.91,0.91,3.2828,0.8802,9.4458,0.7295,2944,Medium to High,16642922.7617188,18977.9811254219
1567,482522,4825.22,6037482522,"Census Tract 4825.22, Los Angeles County, California",0.63393044905,4403,613,1518,177,1491,177,2.0934,0.3813,3.3321,0.8996,0.8815,0.8815,2.5277,0.6111,8.8347,0.6561,2945,Medium to High,17672855.0869141,19097.2164147143
1568,482600,4826.00,6037482600,"Census Tract 4826, Los Angeles County, California",1.0480140332,6446,880,2364,220,2240,214,2.588,0.5254,3.0007,0.7661,0.8368,0.8368,1.9838,0.3843,8.4093,0.5974,2946,Medium to High,30618352.9365234,24716.6482504427
1569,482701,4827.01,6037482701,"Census Tract 4827.01, Los Angeles County, California",0.47466762117,4120,440,1411,121,1320,120,2.1977,0.4112,3.1801,0.8425,0.9318,0.9318,2.1326,0.4461,8.4422,0.6016,2947,Medium to High,13232862.1386719,25370.9218258199
1570,482702,4827.02,6037482702,"Census Tract 4827.02, Los Angeles County, California",0.2773177615,2383,372,863,101,823,113,1.2146,0.145,2.8565,0.6955,0.8588,0.8588,2.5974,0.6404,7.5273,0.4732,2948,Low to Medium,7731124.79003906,13987.9847971414
1571,482801,4828.01,6037482801,"Census Tract 4828.01, Los Angeles County, California",1.2221070389,4162,697,1338,149,1270,150,2.5482,0.5139,2.5143,0.4977,0.8833,0.8833,1.5003,0.2087,7.4461,0.4619,2949,Low to Medium,34070214.0205078,30553.0191471811
1572,500100,5001.00,6037500100,"Census Tract 5001, Los Angeles County, California",3.8798154454,3521,415,1111,126,1065,144,1.1006,0.1178,1.9289,0.192,0.4507,0.4507,1.5699,0.2291,5.0501,0.1488,2950,Low,108209222.638672,51525.8846948502
1573,500202,5002.02,6037500202,"Census Tract 5002.02, Los Angeles County, California",2.4500260712,4970,711,1602,155,1469,154,1.0337,0.1022,2.2921,0.3709,0.5274,0.5274,1.4191,0.1861,5.2723,0.1731,2951,Low,68430807.8476563,41354.5630087716
1574,500203,5002.03,6037500203,"Census Tract 5002.03, Los Angeles County, California",0.72205243902,4230,536,1223,134,1223,134,0.8766,0.0714,2.1252,0.2858,0.2663,0.2663,1.8388,0.3276,5.1069,0.1559,2952,Low,20130393.8623047,23307.9606758525
1575,500204,5002.04,6037500204,"Census Tract 5002.04, Los Angeles County, California",2.0528885038,2134,390,872,182,859,183,0.9497,0.0856,1.8827,0.1734,0.1438,0.1438,1.5611,0.2272,4.5373,0.0991,2953,Low,57241095.1289063,40501.9263043305
1576,500300,5003.00,6037500300,"Census Tract 5003, Los Angeles County, California",3.4055358567,2931,365,1165,168,1147,175,1.0033,0.0958,2.0164,0.2327,0.6064,0.6064,0.7237,0.0516,4.3498,0.0793,2954,Low,96418953.2529297,45393.9493118644
1577,500402,5004.02,6037500402,"Census Tract 5004.02, Los Angeles County, California",0.51577551501,5190,1031,1257,205,1239,208,2.9178,0.6222,2.8619,0.6989,0.9762,0.9762,2.7964,0.7256,9.5523,0.7433,2955,Medium to High,14379148.2519531,15368.2444406938
1578,500403,5004.03,6037500403,"Census Tract 5004.03, Los Angeles County, California",0.77209434703,3464,469,1101,227,1068,234,1.7334,0.278,2.6445,0.5705,0.8848,0.8848,1.7506,0.2959,7.0133,0.4076,2956,Low to Medium,23688236.6425781,31124.4462155225
1579,500404,5004.04,6037500404,"Census Tract 5004.04, Los Angeles County, California",0.45251810773,4278,545,1313,120,1277,127,2.1936,0.4098,2.0592,0.2526,0.8588,0.8588,1.2036,0.1353,6.3152,0.3087,2957,Low to Medium,12615580.9316406,15083.9950663127
1580,500500,5005.00,6037500500,"Census Tract 5005, Los Angeles County, California",0.24911069379,2846,404,863,73,834,80,2.3125,0.4478,2.4362,0.4517,0.9165,0.9165,2.5426,0.617,8.2078,0.5718,2958,Medium to High,7194182.76171875,11820.6352826997
1581,500600,5006.00,6037500600,"Census Tract 5006, Los Angeles County, California",0.4559084694,5036,742,1336,104,1210,128,2.859,0.6048,2.6078,0.5465,0.9666,0.9666,2.5534,0.6223,8.9868,0.6758,2959,Medium to High,12735084.6376953,14767.1770583449
1582,500700,5007.00,6037500700,"Census Tract 5007, Los Angeles County, California",1.0020918335,7196,728,1853,262,1853,262,2.659,0.5455,2.3884,0.4246,0.9165,0.9165,2.6434,0.6642,8.6073,0.6234,2960,Medium to High,34965017.1464844,25854.7551629039
1583,500800,5008.00,6037500800,"Census Tract 5008, Los Angeles County, California",0.7047708996,5299,932,1386,167,1343,182,2.0918,0.3809,2.0573,0.2519,0.9073,0.9073,2.9483,0.7821,8.0047,0.5422,2961,Medium to High,20985927.9912109,19048.0360159289
1584,500900,5009.00,6037500900,"Census Tract 5009, Los Angeles County, California",0.56873210702,5948,713,1896,322,1851,327,3.4468,0.7675,3.3185,0.8958,0.9286,0.9286,3.9204,0.9845,11.6143,0.9605,2962,High,17097255.6660156,17138.4756586967
1585,501001,5010.01,6037501001,"Census Tract 5010.01, Los Angeles County, California",0.27663011384,3361,632,780,103,766,105,2.5996,0.5295,3.1168,0.8164,0.9417,0.9417,2.5889,0.6359,9.247,0.7064,2963,Medium to High,7712127.87792969,11644.8595837412
1586,501002,5010.02,6037501002,"Census Tract 5010.02, Los Angeles County, California",0.56874137347,4759,478,1374,88,1374,88,2.2162,0.4168,2.1056,0.2734,0.7702,0.7702,1.4622,0.1992,6.5542,0.3411,2964,Low to Medium,15855902.2929688,16774.7633444891
1587,501200,5012.00,6037501200,"Census Tract 5012, Los Angeles County, California",0.54287717269,4814,570,1423,96,1384,105,2.3072,0.4464,2.1799,0.315,0.737,0.737,1.3232,0.1611,6.5473,0.3403,2965,Low to Medium,15134674.921875,17573.0896894782
1588,501301,5013.01,6037501301,"Census Tract 5013.01, Los Angeles County, California",0.33340718514,3098,597,1133,291,1102,293,1.2564,0.154,2.4204,0.4429,0.5678,0.5678,1.1131,0.1182,5.3577,0.1828,2966,Low,9302425.44628906,15779.0595851012
1589,501302,5013.02,6037501302,"Census Tract 5013.02, Los Angeles County, California",0.44141999185,3766,699,1509,248,1469,253,3.4089,0.7558,2.384,0.4217,0.6414,0.6414,2.4792,0.59,8.9135,0.6667,2967,Medium to High,12306328.5292969,15423.6145874397
1590,501400,5014.00,6037501400,"Census Tract 5014, Los Angeles County, California",0.4097503614,3430,472,1301,144,1251,140,3.3493,0.7391,2.5443,0.5134,0.8154,0.8154,1.8067,0.3152,8.5157,0.61,2968,Medium to High,11423447.3935547,15159.6956220492
1591,501501,5015.01,6037501501,"Census Tract 5015.01, Los Angeles County, California",2.4442638849,2150,181,851,81,831,75,1.5298,0.2211,2.077,0.2604,0.545,0.545,0.4104,0.0242,4.5622,0.1017,2969,Low,68318746.921875,49511.204775229
1592,501503,5015.03,6037501503,"Census Tract 5015.03, Los Angeles County, California",0.3107352757,5583,727,1942,161,1818,175,2.4831,0.4951,2.3843,0.4219,0.6914,0.6914,1.967,0.3784,7.5258,0.4729,2970,Low to Medium,8662975.87988281,12547.4179394808
1593,501504,5015.04,6037501504,"Census Tract 5015.04, Los Angeles County, California",0.28785641559,3222,365,1546,147,1474,153,3.0731,0.6641,3.5044,0.9461,0.7927,0.7927,3.2425,0.8695,10.6127,0.8763,2971,High,8025116.52636719,12471.3378073869
1594,501600,5016.00,6037501600,"Census Tract 5016, Los Angeles County, California",3.9773143085,7425,941,2247,214,2247,214,2.6486,0.542,2.2129,0.3316,0.4896,0.4896,2.3615,0.5399,7.7126,0.5009,2972,Medium to High,110996546.249023,51070.4702731326
1595,501700,5017.00,6037501700,"Census Tract 5017, Los Angeles County, California",0.53756209256,3486,447,1343,229,1286,231,1.8122,0.3002,2.3513,0.4029,0.4606,0.4606,2.2257,0.4835,6.8498,0.3859,2973,Low to Medium,14986775.8515625,17080.8863048417
1596,501802,5018.02,6037501802,"Census Tract 5018.02, Los Angeles County, California",0.29939005453,3281,390,1260,124,1216,139,1.8324,0.3056,2.3186,0.3852,0.6653,0.6653,2.6985,0.6873,7.5148,0.4714,2974,Low to Medium,8346721.390625,13998.1174150408
1597,501803,5018.03,6037501803,"Census Tract 5018.03, Los Angeles County, California",0.22874921872,4372,747,1405,111,1362,106,3.656,0.8275,2.905,0.718,0.7743,0.7743,3.1939,0.8555,10.5292,0.8651,2975,High,6377300.58496094,11123.2711884173
1598,501804,5018.04,6037501804,"Census Tract 5018.04, Los Angeles County, California",0.20552981664,2174,269,804,82,718,80,2.9011,0.6168,2.4799,0.4753,0.7523,0.7523,3.216,0.8609,9.3493,0.7182,2976,Medium to High,5729971.03613281,11153.9292921403
1599,501900,5019.00,6037501900,"Census Tract 5019, Los Angeles County, California",0.53803468141,4259,565,1301,113,1240,124,2.1266,0.3897,1.8663,0.166,0.723,0.723,1.3706,0.1728,6.0865,0.2819,2977,Low to Medium,15000004.0488281,16925.380252442
1600,502003,5020.03,6037502003,"Census Tract 5020.03, Los Angeles County, California",0.24849254449,2609,342,711,68,696,67,3.2124,0.7009,2.3518,0.4034,0.8131,0.8131,2.0275,0.4017,8.4048,0.597,2978,Medium to High,6927747.36328125,10675.606372181
1601,502004,5020.04,6037502004,"Census Tract 5020.04, Los Angeles County, California",0.51541914286,4284,498,994,107,964,92,3.0367,0.6556,2.6325,0.5615,0.905,0.905,2.4671,0.5843,9.0413,0.6826,2979,Medium to High,14369469.3671875,17665.5440881839
1602,502005,5020.05,6037502005,"Census Tract 5020.05, Los Angeles County, California",0.40249897974,4905,685,1262,128,1262,128,2.5314,0.5094,2.7263,0.6182,0.7511,0.7511,3.3803,0.9033,9.3891,0.7221,2980,Medium to High,11221396.1533203,16148.9040563981
1603,502100,5021.00,6037502100,"Census Tract 5021, Los Angeles County, California",0.74787378247,4881,569,1627,203,1627,203,2.537,0.5108,2.7476,0.6315,0.7388,0.7388,3.7561,0.9701,9.7795,0.7747,2981,High,20849989.5664063,21465.8226419394
1604,502200,5022.00,6037502200,"Census Tract 5022, Los Angeles County, California",0.67070666455,7039,1021,1905,199,1881,200,3.1903,0.6965,1.9202,0.1891,0.8677,0.8677,3.1983,0.8569,9.1765,0.6992,2982,Medium to High,18698618.6630859,18395.2532578867
1605,502303,5023.03,6037502303,"Census Tract 5023.03, Los Angeles County, California",0.90033503752,8506,1287,2089,183,2045,187,3.6588,0.8283,3.3128,0.8934,0.8994,0.8994,3.1339,0.8391,11.0049,0.9141,2983,High,25100513.8203125,21982.8424078834
1606,502401,5024.01,6037502401,"Census Tract 5024.01, Los Angeles County, California",0.36505210506,5059,791,1372,212,1348,213,3.4287,0.7624,2.7424,0.628,0.8662,0.8662,3.6668,0.9604,10.7041,0.8862,2984,High,10177297.7490234,13255.4851699427
1607,502402,5024.02,6037502402,"Census Tract 5024.02, Los Angeles County, California",0.31140245996,3678,318,1000,96,988,97,3.0795,0.6655,2.4315,0.4489,0.8579,0.8579,1.5255,0.2159,7.8944,0.5253,2985,Medium to High,9753532.44140625,12968.8919122388
1608,502500,5025.00,6037502500,"Census Tract 5025, Los Angeles County, California",1.431351929,4166,597,1158,151,1134,153,3.1548,0.6857,2.6093,0.5474,0.9142,0.9142,3.0724,0.8207,9.7507,0.771,2986,High,41068032.3037109,28347.7883274295
1609,502602,5026.02,6037502602,"Census Tract 5026.02, Los Angeles County, California",0.48783254106,4155,589,1298,111,1254,128,3.0306,0.6538,2.8403,0.6871,0.8541,0.8541,2.1518,0.4541,8.8768,0.6616,2987,Medium to High,13600312.3808594,16471.9674638891
1610,502603,5026.03,6037502603,"Census Tract 5026.03, Los Angeles County, California",0.36700693949,3378,626,809,113,809,113,1.3483,0.1752,2.7501,0.6325,0.8217,0.8217,1.4498,0.1952,6.3699,0.3169,2988,Low to Medium,10609435.6972656,14443.8911421578
1611,502604,5026.04,6037502604,"Census Tract 5026.04, Los Angeles County, California",0.32884616222,3931,593,1135,256,1135,256,2.4309,0.4797,1.8019,0.1438,0.9229,0.9229,1.4274,0.1893,6.5831,0.3453,2989,Low to Medium,10570595.0712891,17254.1179097681
1612,502700,5027.00,6037502700,"Census Tract 5027, Los Angeles County, California",2.6817652638,7007,572,1941,143,1879,142,2.2123,0.416,2.7083,0.608,0.8073,0.8073,2.997,0.797,8.7249,0.6399,2990,Medium to High,74765715.7910156,44392.6913260665
1613,502801,5028.01,6037502801,"Census Tract 5028.01, Los Angeles County, California",0.86013641389,6133,581,1751,124,1695,132,2.4901,0.4966,2.5365,0.5101,0.762,0.762,1.6207,0.2489,7.4093,0.458,2991,Low to Medium,23980203.3261719,19857.2274812578
1614,502901,5029.01,6037502901,"Census Tract 5029.01, Los Angeles County, California",0.48155645305,5937,786,1561,182,1561,182,2.0407,0.3659,2.118,0.2813,0.729,0.729,1.6256,0.2506,6.5133,0.3351,2992,Low to Medium,13425517.8037109,15049.2626190039
1615,503000,5030.00,6037503000,"Census Tract 5030, Los Angeles County, California",0.5130129552,6115,773,1484,199,1419,217,3.541,0.7931,2.2849,0.368,0.8848,0.8848,2.3877,0.5511,9.0984,0.6888,2993,Medium to High,14302650.2773438,16102.3435044992
1616,503103,5031.03,6037503103,"Census Tract 5031.03, Los Angeles County, California",0.41906777486,5302,650,1291,151,1259,151,3.1295,0.6796,2.6843,0.5929,0.7888,0.7888,3.0488,0.814,9.6514,0.7586,2994,High,11725025.1357422,15490.8244609037
1617,503104,5031.04,6037503104,"Census Tract 5031.04, Los Angeles County, California",0.20902790076,2652,540,678,112,664,115,2.7783,0.5814,2.7959,0.6613,0.905,0.905,1.4315,0.1902,7.9107,0.5283,2995,Medium to High,5885569.51953125,10936.7166159574
1618,503105,5031.05,6037503105,"Census Tract 5031.05, Los Angeles County, California",0.42355582451,3549,462,981,89,920,91,2.6392,0.5397,2.6692,0.5845,0.7943,0.7943,3.4367,0.9171,9.5394,0.7416,2996,Medium to High,11954723.4394531,16794.7668332826
1619,503106,5031.06,6037503106,"Census Tract 5031.06, Los Angeles County, California",0.35709840386,3869,486,1183,116,1175,114,2.4534,0.4861,3.1135,0.8142,0.7107,0.7107,2.2264,0.4838,8.504,0.6079,2997,Medium to High,9955825.98144531,14526.7872229335
1620,503201,5032.01,6037503201,"Census Tract 5032.01, Los Angeles County, California",0.5192492747,4179,902,1065,110,1028,116,2.0571,0.3704,2.367,0.4114,0.7688,0.7688,1.8718,0.3421,7.0647,0.4134,2998,Low to Medium,14476484.6738281,15142.2210616944
1621,503202,5032.02,6037503202,"Census Tract 5032.02, Los Angeles County, California",0.4405037718,4482,775,1365,194,1309,203,1.9292,0.3344,1.9397,0.1974,0.7888,0.7888,3.6832,0.9625,8.3409,0.588,2999,Medium to High,12281026.8681641,15954.6004896497
1622,503301,5033.01,6037503301,"Census Tract 5033.01, Los Angeles County, California",0.42138631737,3560,673,1056,148,1011,155,1.1879,0.1388,1.8581,0.163,0.6205,0.6205,0.6914,0.0478,4.3579,0.0797,3000,Low,11748009.046875,14413.6207871482
1623,503302,5033.02,6037503302,"Census Tract 5033.02, Los Angeles County, California",0.59686349874,6089,639,1858,132,1814,141,2.4949,0.4982,2.1518,0.2992,0.6914,0.6914,2.3969,0.5554,7.735,0.5043,3001,Medium to High,16640275.4208984,17791.2054079904
1624,503401,5034.01,6037503401,"Census Tract 5034.01, Los Angeles County, California",0.75379388444,6911,1233,2218,166,2143,169,3.107,0.6734,1.9694,0.2116,0.5719,0.5719,2.72,0.697,8.3683,0.5921,3002,Medium to High,21015443.8779297,18860.2748656243
1625,503402,5034.02,6037503402,"Census Tract 5034.02, Los Angeles County, California",0.62447712768,3834,293,1328,98,1271,91,1.7487,0.282,2.1659,0.3061,0.5545,0.5545,1.4913,0.2062,5.9604,0.2658,3003,Low to Medium,17410098.1113281,17818.8797021148
1626,503501,5035.01,6037503501,"Census Tract 5035.01, Los Angeles County, California",0.59498163759,6643,1562,2017,225,1961,221,3.4131,0.7572,2.4024,0.4331,0.7133,0.7133,2.2367,0.488,8.7655,0.6456,3004,Medium to High,16587840.5029297,22266.2802859568
1627,503502,5035.02,6037503502,"Census Tract 5035.02, Los Angeles County, California",0.4723193488,4378,607,1185,98,1101,86,1.3384,0.1726,2.3817,0.42,0.6871,0.6871,1.4367,0.1915,5.8439,0.248,3005,Low,13168058.0087891,17644.3526898801
1628,503601,5036.01,6037503601,"Census Tract 5036.01, Los Angeles County, California",0.53719722617,4126,436,1200,100,1194,99,1.579,0.2356,2.2717,0.3623,0.5586,0.5586,2.0333,0.4041,6.4426,0.325,3006,Low to Medium,14976900.4873047,16815.7575142965
1629,503602,5036.02,6037503602,"Census Tract 5036.02, Los Angeles County, California",1.2672458376,3846,299,1192,103,1150,100,0.8802,0.0722,2.1627,0.3038,0.4412,0.4412,0.8998,0.0758,4.3839,0.0816,3007,Low,35545530.5888672,25663.687312716
1630,503701,5037.01,6037503701,"Census Tract 5037.01, Los Angeles County, California",0.44703082611,4685,505,1655,141,1647,141,2.426,0.4783,2.4853,0.4788,0.4796,0.4796,2.5196,0.6069,7.9105,0.5281,3008,Medium to High,12463070.4023438,15595.0609032211
1631,503702,5037.02,6037503702,"Census Tract 5037.02, Los Angeles County, California",0.64294593075,5497,562,1773,149,1773,149,2.4627,0.4896,2.1613,0.3032,0.5181,0.5181,1.6948,0.2739,6.8369,0.3835,3009,Low to Medium,17925154.9179688,19119.1906078506
1632,503704,5037.04,6037503704,"Census Tract 5037.04, Los Angeles County, California",0.58071555479,4587,603,1992,271,1976,271,2.7042,0.5598,2.6629,0.5814,0.6644,0.6644,2.3887,0.5517,8.4202,0.5991,3010,Medium to High,16190310.6953125,18491.7962098301
1633,503705,5037.05,6037503705,"Census Tract 5037.05, Los Angeles County, California",0.45219494036,2975,407,1091,145,1091,145,1.5238,0.2197,1.8952,0.1798,0.3672,0.3672,1.8078,0.3159,5.594,0.2122,3011,Low,12664037.1386719,17991.5661145615
1634,503801,5038.01,6037503801,"Census Tract 5038.01, Los Angeles County, California",0.49436924792,3539,361,1186,151,1178,151,1.7948,0.2951,2.508,0.4943,0.4972,0.4972,1.4931,0.2066,6.2931,0.3053,3012,Low to Medium,13783082.8369141,18398.9619858073
1635,503802,5038.02,6037503802,"Census Tract 5038.02, Los Angeles County, California",0.51156391439,5136,687,1675,221,1675,221,1.8608,0.3136,2.3062,0.3792,0.5643,0.5643,2.1052,0.4337,6.8365,0.3832,3013,Low to Medium,14262452.1455078,15640.5633623407
1636,503901,5039.01,6037503901,"Census Tract 5039.01, Los Angeles County, California",0.34937829437,2387,193,715,41,711,41,1.8356,0.3062,2.5596,0.5221,0.5267,0.5267,1.6251,0.2505,6.547,0.3402,3014,Low to Medium,9740747.1328125,16159.4185338118
1637,503902,5039.02,6037503902,"Census Tract 5039.02, Los Angeles County, California",2.027546699,5459,714,1503,171,1503,171,1.1176,0.1215,2.2322,0.3437,0.5171,0.5171,1.2927,0.1552,5.1596,0.1616,3015,Low,56714945.9960938,35071.1101605755
1638,504001,5040.01,6037504001,"Census Tract 5040.01, Los Angeles County, California",0.53475706153,5901,586,1510,409,1448,393,1.884,0.3215,1.5382,0.0843,0.4606,0.4606,2.7604,0.7129,6.6432,0.3534,3016,Low to Medium,14929353.9042969,18099.9034589628
1639,504002,5040.02,6037504002,"Census Tract 5040.02, Los Angeles County, California",0.59601446044,5578,564,1547,184,1536,185,1.2777,0.16,2.3644,0.4103,0.5036,0.5036,2.2756,0.5033,6.4213,0.3229,3017,Low to Medium,16616861.2626953,17868.5824418618
1640,504101,5041.01,6037504101,"Census Tract 5041.01, Los Angeles County, California",0.47049771957,4726,564,1385,128,1315,137,3.7997,0.8684,2.4813,0.4761,0.7773,0.7773,3.5451,0.9414,10.6034,0.8747,3018,High,13117424.3017578,15847.7486711134
1641,504200,5042.00,6037504200,"Census Tract 5042, Los Angeles County, California",2.978810907,7291,508,2246,129,2209,136,3.5991,0.8115,2.938,0.7336,0.8252,0.8252,4.0675,0.9907,11.4298,0.9484,3019,High,83095630.9619141,55346.7597582471
1642,530005,5300.05,6037530005,"Census Tract 5300.05, Los Angeles County, California",0.8823785918,3649,344,1404,146,1264,153,1.716,0.2725,3.0331,0.7818,0.8436,0.8436,1.5259,0.2163,7.1186,0.4218,3020,Low to Medium,24599262.7705078,30605.2937860602
1643,530006,5300.06,6037530006,"Census Tract 5300.06, Los Angeles County, California",0.25444894004,4767,690,1691,244,1617,245,3.3505,0.7394,2.914,0.7224,0.7536,0.7536,2.7693,0.7165,9.7874,0.7757,3021,High,7110648.265625,13236.9881662104
1644,530007,5300.07,6037530007,"Census Tract 5300.07, Los Angeles County, California",1.8728800294,6406,602,2213,183,2070,191,2.9005,0.6166,3.1593,0.8341,0.7312,0.7312,1.8115,0.3174,8.6025,0.6222,3022,Medium to High,52272758.6425781,30506.4940020282
1645,530101,5301.01,6037530101,"Census Tract 5301.01, Los Angeles County, California",0.38181395119,5268,704,1737,192,1651,184,4.2935,0.9664,3.8013,0.9849,0.8567,0.8567,3.1426,0.8411,12.0941,0.9827,3023,High,10894604.9765625,14077.6044723571
1646,530102,5301.02,6037530102,"Census Tract 5301.02, Los Angeles County, California",0.51048128438,4888,641,1696,187,1610,190,3.3841,0.7491,3.403,0.9209,0.7759,0.7759,3.6721,0.9614,11.2351,0.9352,3024,High,14231460.3564453,15917.5900494787
1647,530202,5302.02,6037530202,"Census Tract 5302.02, Los Angeles County, California",0.6930144798,4304,687,1367,187,1270,190,2.76,0.5749,2.6401,0.5674,0.9381,0.9381,2.1852,0.4676,8.5234,0.612,3025,Medium to High,19357034.9511719,21186.6210127055
1648,530203,5302.03,6037530203,"Census Tract 5302.03, Los Angeles County, California",0.28438690302,2408,301,986,62,884,88,3.5344,0.7908,2.9766,0.7548,0.8073,0.8073,2.1974,0.4726,9.5157,0.7386,3026,Medium to High,7928251.16308594,14385.2059029436
1649,530204,5302.04,6037530204,"Census Tract 5302.04, Los Angeles County, California",0.25866015455,3940,740,1184,176,1155,177,3.1704,0.6899,2.4089,0.4357,0.9666,0.9666,1.7734,0.3037,8.3193,0.5854,3027,Medium to High,7211051.19824219,11616.6248517869
1650,530301,5303.01,6037530301,"Census Tract 5303.01, Los Angeles County, California",0.2255808657,2165,291,623,69,614,71,3.3559,0.7419,3.65,0.9691,0.9624,0.9624,1.927,0.3627,9.8953,0.7896,3028,High,6288819.60351563,11122.5904052243
1651,530302,5303.02,6037530302,"Census Tract 5303.02, Los Angeles County, California",0.33045582145,6641,922,2008,193,1953,229,4.3264,0.9714,2.7348,0.6219,0.9229,0.9229,3.1882,0.8527,11.1723,0.9291,3029,High,9212524.83691406,13426.0697566543
1652,530400,5304.00,6037530400,"Census Tract 5304, Los Angeles County, California",0.59124069531,3835,843,1248,101,1149,126,3.3202,0.7309,4.0359,0.9966,0.9815,0.9815,2.2877,0.5096,10.6253,0.8776,3030,High,16601273.2617188,18725.9474109739
1653,530500,5305.00,6037530500,"Census Tract 5305, Los Angeles County, California",0.34773465816,4099,566,1153,84,1075,101,3.4218,0.7609,3.1073,0.8112,0.8796,0.8796,2.6973,0.6865,10.106,0.8163,3031,High,9694241.74316406,12762.8231763611
1654,530603,5306.03,6037530603,"Census Tract 5306.03, Los Angeles County, California",0.47765334793,4344,505,1293,101,1236,104,3.6916,0.8383,2.55,0.5168,0.8501,0.8501,2.4535,0.579,9.5452,0.7426,3032,Medium to High,13316031.9980469,17042.4386699609
1655,530700,5307.00,6037530700,"Census Tract 5307, Los Angeles County, California",0.40832911994,2058,385,571,60,531,59,3.0055,0.6461,2.1818,0.316,0.9304,0.9304,2.3251,0.5255,8.4428,0.6017,3033,Medium to High,11383409.6162109,17884.1692941499
1656,530801,5308.01,6037530801,"Census Tract 5308.01, Los Angeles County, California",0.29695568142,5528,956,1545,145,1454,141,3.7621,0.8566,2.9241,0.7264,0.8936,0.8936,1.7279,0.2861,9.3077,0.7135,3034,Medium to High,8278551.83203125,14508.5953120656
1657,530802,5308.02,6037530802,"Census Tract 5308.02, Los Angeles County, California",0.21866114566,3088,387,896,54,844,67,3.0733,0.6643,2.764,0.6413,0.9229,0.9229,1.2747,0.1506,8.0349,0.5464,3035,Medium to High,6095832.59179688,14533.6741477576
1658,530901,5309.01,6037530901,"Census Tract 5309.01, Los Angeles County, California",0.17148334228,3827,601,951,113,923,127,3.7577,0.8559,2.7053,0.6056,0.9731,0.9731,2.3701,0.5439,9.8062,0.7777,3036,High,4780656.015625,8761.15085306001
1659,530902,5309.02,6037530902,"Census Tract 5309.02, Los Angeles County, California",0.20196223416,4057,584,1227,166,1195,169,3.867,0.8856,3.9398,0.9934,0.978,0.978,3.1501,0.8436,11.9349,0.9763,3037,High,5630345.73144531,11786.8599182887
1660,531000,5310.00,6037531000,"Census Tract 5310, Los Angeles County, California",0.38605566776,5129,854,1343,151,1273,159,3.7893,0.8649,3.108,0.8115,0.9609,0.9609,1.5357,0.2195,9.3939,0.7228,3038,Medium to High,10762522.8857422,15882.0889227549
1661,531101,5311.01,6037531101,"Census Tract 5311.01, Los Angeles County, California",0.27011387038,5281,1179,1235,135,1208,131,4.0371,0.9244,3.0818,0.8001,0.9815,0.9815,3.061,0.8179,11.1614,0.9285,3039,High,7530326.765625,12294.5093377942
1662,531102,5311.02,6037531102,"Census Tract 5311.02, Los Angeles County, California",0.19242435645,3008,346,901,91,877,94,3.7875,0.8646,3.4489,0.9317,0.9865,0.9865,2.4496,0.5778,10.6725,0.8838,3040,High,5364456.94726563,9848.27692022768
1663,531201,5312.01,6037531201,"Census Tract 5312.01, Los Angeles County, California",0.21442715113,4733,788,1217,131,1180,137,3.409,0.756,3.7014,0.9754,0.971,0.971,2.0011,0.3915,10.0825,0.814,3041,High,5977859.24414063,11143.5576339965
1664,531202,5312.02,6037531202,"Census Tract 5312.02, Los Angeles County, California",0.17271037444,4816,1051,1238,142,1177,157,4.3533,0.9737,3.0953,0.8057,0.9815,0.9815,1.7822,0.3077,10.2123,0.8289,3042,High,4814912.72753906,10576.9732063609
1665,531301,5313.01,6037531301,"Census Tract 5313.01, Los Angeles County, California",0.30606653032,5140,859,1442,201,1334,211,4.1795,0.9507,3.0543,0.789,0.9691,0.9691,3.5848,0.9483,11.7877,0.9688,3043,High,8532657.78125,15266.0561135636
1666,531302,5313.02,6037531302,"Census Tract 5313.02, Los Angeles County, California",0.34539410783,5894,663,1441,123,1404,126,3.7917,0.8656,3.1683,0.838,0.9844,0.9844,2.6996,0.6878,10.644,0.8796,3044,High,9629114.12207031,15856.4786584925
1667,531502,5315.02,6037531502,"Census Tract 5315.02, Los Angeles County, California",0.16817251763,3384,493,787,94,787,94,4.2254,0.9575,2.7079,0.6077,0.9796,0.9796,1.7264,0.2856,9.6393,0.757,3045,High,4688385.8046875,8974.96638476809
1668,531503,5315.03,6037531503,"Census Tract 5315.03, Los Angeles County, California",0.44892658693,2841,547,866,183,805,187,2.9628,0.6352,3.0213,0.7751,0.9844,0.9844,1.9637,0.3771,8.9322,0.6687,3046,Medium to High,12515353.7099609,14516.4784505753
1669,531504,5315.04,6037531504,"Census Tract 5315.04, Los Angeles County, California",0.19412745238,4158,806,1084,100,954,120,3.4868,0.7793,2.7716,0.6462,0.9912,0.9912,2.1294,0.4448,9.379,0.7211,3047,Medium to High,5411952.68554688,10726.4224998723
1670,531602,5316.02,6037531602,"Census Tract 5316.02, Los Angeles County, California",0.17309493203,4246,680,1135,103,1116,107,3.7818,0.8628,3.3979,0.92,0.9815,0.9815,2.3304,0.528,10.4916,0.8606,3048,High,4825625.06347656,10203.4604346868
1671,531603,5316.03,6037531603,"Census Tract 5316.03, Los Angeles County, California",0.16758950361,3703,556,979,127,951,130,3.7796,0.8618,3.0297,0.7791,0.978,0.978,1.8259,0.3228,9.6132,0.753,3049,High,4672132.26269531,8755.23678435399
1672,531604,5316.04,6037531604,"Census Tract 5316.04, Los Angeles County, California",0.14160676952,3343,458,864,56,835,61,3.9853,0.9126,2.8547,0.6944,0.978,0.978,2.0928,0.4281,9.9108,0.7916,3050,High,3947756.5234375,8092.73617210598
1673,531701,5317.01,6037531701,"Census Tract 5317.01, Los Angeles County, California",0.24599407844,6066,979,1444,150,1423,152,4.1337,0.9421,3.3619,0.9089,0.9469,0.9469,1.6022,0.2408,10.0447,0.8089,3051,High,6857886.90332031,11506.4208799631
1674,531702,5317.02,6037531702,"Census Tract 5317.02, Los Angeles County, California",0.25952232032,5039,744,1457,227,1402,233,3.8282,0.8757,3.2559,0.8732,0.9269,0.9269,2.3388,0.5313,10.3498,0.8457,3052,High,7235136.74902344,12152.7390161003
1675,531800,5318.00,6037531800,"Census Tract 5318, Los Angeles County, California",0.2398276434,4687,816,1359,222,1304,224,3.4323,0.7632,3.3835,0.9154,0.9666,0.9666,2.2269,0.484,10.0093,0.8035,3053,High,6686026.15332031,13067.1268167982
1676,531901,5319.01,6037531901,"Census Tract 5319.01, Los Angeles County, California",0.2976456457,6239,953,1830,227,1738,228,3.7286,0.8465,2.8617,0.6987,0.9666,0.9666,2.6878,0.682,10.2447,0.8341,3054,High,8297933.90332031,11917.9183797844
1677,531902,5319.02,6037531902,"Census Tract 5319.02, Los Angeles County, California",0.27317450094,4325,574,1150,150,1130,148,3.377,0.7476,2.5008,0.4885,0.9457,0.9457,1.9605,0.3763,8.784,0.6489,3055,Medium to High,7615740.73339844,11315.5768137788
1678,532001,5320.01,6037532001,"Census Tract 5320.01, Los Angeles County, California",0.52268905742,2885,530,1007,104,914,103,3.5584,0.7991,3.7125,0.9774,0.9361,0.9361,2.8409,0.7427,11.0479,0.9194,3056,High,14571850.5371094,17268.829495112
1679,532002,5320.02,6037532002,"Census Tract 5320.02, Los Angeles County, California",0.32181717531,3584,472,1052,125,1001,124,3.6475,0.8254,3.1453,0.8284,0.9286,0.9286,2.9214,0.7718,10.6428,0.8795,3057,High,8971861.99023438,14983.5230166611
1680,532101,5321.01,6037532101,"Census Tract 5321.01, Los Angeles County, California",0.53424817909,7305,1214,1888,264,1844,281,4.1068,0.9368,3.6036,0.9621,0.9731,0.9731,2.1887,0.4688,10.8722,0.9014,3058,High,15457706.4257813,15617.5192805951
1681,532102,5321.02,6037532102,"Census Tract 5321.02, Los Angeles County, California",0.38767536565,3530,387,960,98,896,108,2.5347,0.5101,2.7693,0.6445,0.9544,0.9544,1.5473,0.2244,7.8057,0.5127,3059,Medium to High,11001392.3515625,13663.127428004
1682,532200,5322.00,6037532200,"Census Tract 5322, Los Angeles County, California",1.0830925582,7282,987,1793,229,1744,232,3.6595,0.8288,2.928,0.7287,0.9401,0.9401,2.7541,0.7101,10.2817,0.838,3060,High,30195399.8662109,27206.3051840601
1683,532302,5323.02,6037532302,"Census Tract 5323.02, Los Angeles County, California",1.2716439255,4755,679,1215,151,1168,154,3.0511,0.6593,3.7096,0.9767,0.9574,0.9574,2.8515,0.7476,10.5696,0.8697,3061,High,35456321.7568359,31690.2258133299
1684,532303,5323.03,6037532303,"Census Tract 5323.03, Los Angeles County, California",2.9217809389,4660,617,1303,111,1303,111,3.8642,0.8849,3.2357,0.8664,0.9666,0.9666,2.1127,0.4373,10.1792,0.8252,3062,High,81463623.0136719,46014.6261171973
1685,532304,5323.04,6037532304,"Census Tract 5323.04, Los Angeles County, California",3.0653089519,4090,683,1092,117,1032,111,3.8907,0.8909,3.4944,0.9436,0.8452,0.8452,3.2437,0.8703,11.474,0.9503,3063,High,87189573.4033203,48193.6305300606
1686,532500,5325.00,6037532500,"Census Tract 5325, Los Angeles County, California",0.39143406862,4281,665,1172,169,1152,171,4.0083,0.9182,2.9579,0.7446,0.9574,0.9574,2.2918,0.5118,10.2154,0.8295,3064,High,10962784.5683594,19253.5930747888
1687,532605,5326.05,6037532605,"Census Tract 5326.05, Los Angeles County, California",0.20251706273,4055,1206,1256,261,1210,263,4.2115,0.9547,3.0845,0.8012,0.9666,0.9666,2.8052,0.7296,11.0678,0.921,3065,High,5645956.54589844,10365.9464294896
1688,532606,5326.06,6037532606,"Census Tract 5326.06, Los Angeles County, California",0.10764021827,4016,432,1268,166,1248,170,4.2191,0.9565,2.7798,0.6516,0.971,0.971,3.5681,0.9454,11.538,0.954,3066,High,3000929.64746094,7849.60100521163
1689,532607,5326.07,6037532607,"Census Tract 5326.07, Los Angeles County, California",0.42573073708,5669,457,1393,97,1375,100,4.2176,0.956,3.596,0.961,0.9609,0.9609,3.1061,0.8307,11.8806,0.9742,3067,High,11878646.9023438,14270.5156680778
1690,532700,5327.00,6037532700,"Census Tract 5327, Los Angeles County, California",0.2248279668,3377,518,763,94,744,98,3.6111,0.8148,2.7094,0.6087,0.971,0.971,2.1369,0.4478,9.4284,0.7276,3068,Medium to High,6267973.98046875,12319.0201893322
1691,532800,5328.00,6037532800,"Census Tract 5328, Los Angeles County, California",0.21275571557,4655,798,995,91,951,91,3.8707,0.8865,3.0909,0.8041,0.9912,0.9912,2.6864,0.6809,10.6392,0.8792,3069,High,5931393.33398438,10039.0798571455
1692,532900,5329.00,6037532900,"Census Tract 5329, Los Angeles County, California",0.29621127677,6674,950,1694,195,1630,187,4.497,0.9894,3.3097,0.8923,0.9731,0.9731,2.3876,0.5509,11.1674,0.9288,3070,High,8258066.06738281,11928.0202004136
1693,533001,5330.01,6037533001,"Census Tract 5330.01, Los Angeles County, California",0.18443127285,4488,902,1111,287,1088,288,4.1705,0.9495,4.0275,0.9965,0.9815,0.9815,2.019,0.3986,11.1985,0.9321,3071,High,5141720.33007813,11047.1600648516
1694,533002,5330.02,6037533002,"Census Tract 5330.02, Los Angeles County, California",0.11110741423,2636,439,628,63,587,65,4.1888,0.9518,2.5169,0.4993,0.9865,0.9865,2.087,0.4256,9.7792,0.7745,3072,High,3097568.76074219,7574.56684602794
1695,533103,5331.03,6037533103,"Census Tract 5331.03, Los Angeles County, California",0.20997385066,3238,424,788,62,755,56,3.6288,0.8207,3.0286,0.7783,0.9624,0.9624,2.7051,0.6898,10.3249,0.843,3073,High,5853879.49414063,10992.9062656881
1696,533104,5331.04,6037533104,"Census Tract 5331.04, Los Angeles County, California",0.1320464979,4548,858,1288,159,1288,159,3.8587,0.8839,3.3414,0.9024,0.978,0.978,4.0622,0.9906,12.2403,0.9864,3074,High,3681315.94335938,7694.33543491306
1697,533105,5331.05,6037533105,"Census Tract 5331.05, Los Angeles County, California",0.073703396882,2519,583,676,104,660,113,4.3553,0.9738,2.5581,0.5213,0.9948,0.9948,2.0625,0.4148,9.9707,0.7976,3075,High,2054755.60644531,5798.47327420876
1698,533108,5331.08,6037533108,"Census Tract 5331.08, Los Angeles County, California",0.24919795284,4872,452,1351,109,1267,109,4.6156,0.9972,3.0014,0.7666,0.9731,0.9731,3.6259,0.9557,12.216,0.9854,3076,High,6947384.34667969,13467.2312570216
1699,533201,5332.01,6037533201,"Census Tract 5332.01, Los Angeles County, California",0.14432029438,2709,353,681,78,659,84,3.9862,0.913,3.0142,0.7721,0.9948,0.9948,1.8675,0.3399,9.8627,0.786,3077,High,4023505.25,9389.96197258367
1700,533204,5332.04,6037533204,"Census Tract 5332.04, Los Angeles County, California",0.27480694019,4862,634,1060,111,1043,114,4.085,0.933,3.1876,0.8467,0.9936,0.9936,2.8721,0.7557,11.1383,0.9269,3078,High,7661348.87792969,13454.7698668798
1701,533300,5333.00,6037533300,"Census Tract 5333, Los Angeles County, California",0.13383221965,3494,514,914,113,879,110,3.6208,0.8177,2.9398,0.7343,0.9691,0.9691,3.065,0.819,10.5947,0.8732,3079,High,3731088.16601563,8552.87002807554
1702,533401,5334.01,6037533401,"Census Tract 5334.01, Los Angeles County, California",0.18340308322,4976,841,1300,191,1283,198,4.1166,0.9382,2.6812,0.5915,0.9844,0.9844,2.1223,0.4418,9.9045,0.7904,3080,High,5113063.29980469,11263.8900454179
1703,533402,5334.02,6037533402,"Census Tract 5334.02, Los Angeles County, California",0.18750116985,3798,551,1036,111,1018,112,4.2926,0.9661,2.6515,0.5742,0.9609,0.9609,2.4307,0.5689,10.3357,0.844,3081,High,5227309.40722656,9807.48357176998
1704,533403,5334.03,6037533403,"Census Tract 5334.03, Los Angeles County, California",0.18150963902,2799,394,802,182,802,182,3.4255,0.7617,3.4884,0.9419,0.9591,0.9591,3.4402,0.9181,11.3132,0.9405,3082,High,5060256.83398438,12364.7036590786
1705,533501,5335.01,6037533501,"Census Tract 5335.01, Los Angeles County, California",0.16302848068,3077,533,751,106,728,107,3.8687,0.8861,2.7977,0.662,0.9948,0.9948,2.448,0.5768,10.1092,0.8165,3083,High,4545068.57128906,8907.20864750791
1706,533504,5335.04,6037533504,"Census Tract 5335.04, Los Angeles County, California",0.15746359256,4175,561,978,127,963,128,3.967,0.9081,3.0852,0.8015,0.9609,0.9609,2.3892,0.5519,10.4023,0.8517,3084,High,4389903.99121094,8497.98199063688
1707,533601,5336.01,6037533601,"Census Tract 5336.01, Los Angeles County, California",0.21263370734,4674,985,1168,151,1152,147,4.071,0.9307,2.7948,0.6611,0.9438,0.9438,2.2193,0.4809,10.0289,0.8058,3085,High,5928001.40332031,12334.748791151
1708,533602,5336.02,6037533602,"Census Tract 5336.02, Los Angeles County, California",0.27096754191,5490,875,1383,167,1337,169,3.6396,0.8232,3.1057,0.8102,0.9073,0.9073,2.5714,0.63,10.224,0.8308,3086,High,7554341.68164063,14360.0505039908
1709,533603,5336.03,6037533603,"Census Tract 5336.03, Los Angeles County, California",0.31253721374,6863,753,1839,231,1788,229,4.404,0.9808,3.2784,0.8823,0.9026,0.9026,3.8736,0.9804,12.4586,0.9925,3087,High,8713329.91699219,16305.5002303508
1710,533701,5337.01,6037533701,"Census Tract 5337.01, Los Angeles County, California",0.15462072353,3082,551,899,91,862,95,3.1679,0.6891,3.0999,0.8076,0.9557,0.9557,2.4675,0.5846,9.691,0.7642,3088,High,4310664.296875,8283.83948984276
1711,533702,5337.02,6037533702,"Census Tract 5337.02, Los Angeles County, California",0.1229935643,3734,483,966,99,918,99,4.1631,0.9485,2.6403,0.5677,0.9948,0.9948,1.8143,0.3185,9.6125,0.7526,3089,High,3428939.22265625,7524.99885695608
1712,533703,5337.03,6037533703,"Census Tract 5337.03, Los Angeles County, California",0.21749897864,5244,737,991,103,991,103,4.0102,0.9187,3.1358,0.8247,0.9948,0.9948,1.4624,0.1993,9.6032,0.7511,3090,High,6063642.59570313,10976.3329513757
1713,533803,5338.03,6037533803,"Census Tract 5338.03, Los Angeles County, California",0.30414065354,5899,753,1608,147,1523,147,3.9341,0.9001,3.0687,0.7957,0.7272,0.7272,3.1893,0.8535,10.9193,0.906,3091,High,8479135.85253906,15462.9279829857
1714,533804,5338.04,6037533804,"Census Tract 5338.04, Los Angeles County, California",0.19881241404,3993,426,1127,130,1127,130,3.9502,0.9033,3.089,0.8032,0.9731,0.9731,2.8393,0.7417,10.8516,0.8994,3092,High,5542702.41503906,11202.1613659526
1715,533805,5338.05,6037533805,"Census Tract 5338.05, Los Angeles County, California",0.17188720497,4011,551,1107,155,1081,158,3.3034,0.727,2.5025,0.4897,0.9912,0.9912,2.0424,0.408,8.8395,0.6569,3093,Medium to High,4792039.13085938,11078.3311495513
1716,533806,5338.06,6037533806,"Census Tract 5338.06, Los Angeles County, California",0.30881364605,3604,671,941,113,922,117,3.7243,0.8461,2.296,0.3735,0.9557,0.9557,3.1049,0.8303,10.0809,0.8137,3094,High,10206252.9277344,19422.0072187126
1717,533901,5339.01,6037533901,"Census Tract 5339.01, Los Angeles County, California",0.29454601884,5476,450,1383,130,1351,126,4.0044,0.9171,2.6511,0.574,0.9318,0.9318,2.5851,0.6344,10.1724,0.8244,3095,High,8211697.55371094,15693.996166818
1718,533902,5339.02,6037533902,"Census Tract 5339.02, Los Angeles County, California",0.2938823095,4500,717,1037,98,1006,103,3.7796,0.8618,2.615,0.5504,0.9815,0.9815,2.3093,0.5187,9.6854,0.7635,3096,High,8193148.63378906,14501.947495856
1719,534001,5340.01,6037534001,"Census Tract 5340.01, Los Angeles County, California",0.30305956794,5387,780,1353,197,1343,195,4.3092,0.969,2.7675,0.6438,0.971,0.971,1.8497,0.333,9.8974,0.7899,3097,High,8449049.55761719,13447.0746875795
1720,534002,5340.02,6037534002,"Census Tract 5340.02, Los Angeles County, California",0.34654005857,4350,673,996,123,981,128,3.5148,0.7864,2.5534,0.5191,0.9087,0.9087,3.3486,0.8954,10.3255,0.8432,3098,High,9661218.65527344,16884.0262889725
1721,534101,5341.01,6037534101,"Census Tract 5341.01, Los Angeles County, California",0.1980896311,2399,433,494,71,494,71,3.8159,0.8729,2.8495,0.6917,0.971,0.971,2.0859,0.425,9.7223,0.7671,3099,High,5522544.30078125,14562.4665786422
1722,534102,5341.02,6037534102,"Census Tract 5341.02, Los Angeles County, California",0.30885187015,6227,931,1503,165,1453,165,4.6473,0.998,3.0216,0.7753,0.9912,0.9912,2.7067,0.6901,11.3668,0.9444,3100,High,8610503.07324219,14786.7223505943
1723,534201,5342.01,6037534201,"Census Tract 5342.01, Los Angeles County, California",0.19806800939,4641,675,975,103,975,103,3.5566,0.7982,2.9556,0.7427,0.9643,0.9643,4.0791,0.9909,11.5556,0.956,3101,High,5521962.22851563,10286.4984803142
1724,534202,5342.02,6037534202,"Census Tract 5342.02, Los Angeles County, California",0.22512449314,5350,674,1249,94,1187,90,4.6029,0.9964,3.1377,0.8258,0.9142,0.9142,3.9602,0.986,12.615,0.9948,3102,High,6276261.3359375,11474.4770361198
1725,534203,5342.03,6037534203,"Census Tract 5342.03, Los Angeles County, California",0.29080082944,3440,546,884,81,867,85,3.7351,0.849,3.4161,0.924,0.9591,0.9591,3.7758,0.9729,11.8861,0.9743,3103,High,8262299.23925781,14675.8555921814
1726,534301,5343.01,6037534301,"Census Tract 5343.01, Los Angeles County, California",0.33297320649,4185,522,1104,111,1051,110,4.3453,0.9731,3.1711,0.8393,0.9337,0.9337,3.1983,0.8569,11.6484,0.9622,3104,High,9283028.359375,14342.6964012317
1727,534302,5343.02,6037534302,"Census Tract 5343.02, Los Angeles County, California",0.19784870345,3875,515,878,114,864,115,3.9936,0.9149,3.2444,0.869,0.9815,0.9815,2.6642,0.6729,10.8837,0.9028,3105,High,6644134.03515625,12917.9456798701
1728,534403,5344.03,6037534403,"Census Tract 5344.03, Los Angeles County, California",0.12490245259,3147,591,815,123,774,128,3.8136,0.8724,2.9883,0.7598,0.897,0.897,1.5736,0.2306,9.2725,0.7102,3106,Medium to High,3482178.8046875,8501.54998115
1729,534404,5344.04,6037534404,"Census Tract 5344.04, Los Angeles County, California",0.15948715314,3459,393,946,103,940,102,3.8198,0.8735,2.7618,0.64,0.9253,0.9253,3.0425,0.8125,10.5494,0.8669,3107,High,4446351.60839844,9687.54732861874
1730,534405,5344.05,6037534405,"Census Tract 5344.05, Los Angeles County, California",0.20471514142,4280,612,1007,126,947,126,4.195,0.9526,3.4898,0.942,0.971,0.971,3.6455,0.9577,12.3013,0.9886,3108,High,5707270.03027344,10578.3623816735
1731,534406,5344.06,6037534406,"Census Tract 5344.06, Los Angeles County, California",0.1563133947,4660,491,1139,229,1124,230,4.3335,0.9719,2.8491,0.6914,0.9948,0.9948,2.4099,0.5619,10.5873,0.8719,3109,High,4641643.09765625,10898.1792529204
1732,534501,5345.01,6037534501,"Census Tract 5345.01, Los Angeles County, California",0.25841266317,5768,1667,1344,290,1323,289,4.4297,0.9832,2.4179,0.4416,0.9591,0.9591,3.3882,0.9054,11.1949,0.9315,3110,High,7204333.57910156,11050.5266356497
1733,534502,5345.02,6037534502,"Census Tract 5345.02, Los Angeles County, California",0.2175692492,3972,516,971,142,950,143,3.6735,0.8334,3.1639,0.8362,0.9142,0.9142,1.6901,0.2722,9.4417,0.729,3111,Medium to High,6095815.67871094,13917.300108357
1734,534700,5347.00,6037534700,"Census Tract 5347, Los Angeles County, California",0.21495070544,4393,540,1026,121,995,117,3.1574,0.6867,2.8835,0.7086,0.9574,0.9574,1.735,0.2882,8.7333,0.6408,3112,Medium to High,5992639.20996094,9911.23552710741
1735,534802,5348.02,6037534802,"Census Tract 5348.02, Los Angeles County, California",0.15594389509,2464,377,650,75,623,76,3.2976,0.7254,3.4439,0.9311,0.9591,0.9591,2.8095,0.7316,10.5101,0.8627,3113,High,4347556.49316406,8744.45218607964
1736,534803,5348.03,6037534803,"Census Tract 5348.03, Los Angeles County, California",0.23579828293,4605,649,1189,153,1163,153,3.9418,0.9019,3.5217,0.9497,0.971,0.971,1.9329,0.3648,10.3674,0.8477,3114,High,6573850.89648438,14163.9471044958
1737,534804,5348.04,6037534804,"Census Tract 5348.04, Los Angeles County, California",0.14271797108,4477,846,973,133,955,136,4.0344,0.9238,2.8846,0.7092,0.9865,0.9865,1.5829,0.2343,9.4884,0.7349,3115,Medium to High,3978855.18261719,9319.05548364583
1738,534900,5349.00,6037534900,"Census Tract 5349, Los Angeles County, California",0.40469705842,6202,842,1431,127,1389,129,3.9331,0.8998,1.7918,0.1415,0.9815,0.9815,2.2525,0.4941,8.9589,0.6716,3116,Medium to High,11282605.2636719,14947.6593824179
1739,535001,5350.01,6037535001,"Census Tract 5350.01, Los Angeles County, California",0.17366211587,3992,595,976,51,911,71,4.0447,0.926,3.1231,0.8188,0.9865,0.9865,1.7698,0.302,9.9241,0.7928,3117,High,4841546.92578125,8859.37987432185
1740,535002,5350.02,6037535002,"Census Tract 5350.02, Los Angeles County, California",0.18658572201,3919,655,902,98,902,98,3.5096,0.7854,3.2365,0.8667,0.9948,0.9948,2.7416,0.7049,10.4825,0.8593,3118,High,5201856.18066406,9325.69619151901
1741,535101,5351.01,6037535101,"Census Tract 5351.01, Los Angeles County, California",0.43781341306,8098,1134,2030,336,1981,335,4.5681,0.9945,2.5987,0.5412,0.9796,0.9796,3.033,0.8096,11.1794,0.9298,3119,High,12205899.2382813,16478.8427347302
1742,535102,5351.02,6037535102,"Census Tract 5351.02, Los Angeles County, California",0.22821755626,4541,673,1130,161,1071,165,3.7506,0.8538,3.0957,0.8062,0.9731,0.9731,1.9041,0.3539,9.7235,0.7672,3120,High,6362548.26269531,12479.3093590741
1743,535200,5352.00,6037535200,"Census Tract 5352, Los Angeles County, California",0.33416201455,6240,1217,1299,165,1197,180,4.4924,0.9887,2.9721,0.7524,0.9912,0.9912,2.8361,0.7405,11.2918,0.9387,3121,High,9316209.734375,17912.1933574914
1744,535300,5353.00,6037535300,"Census Tract 5353, Los Angeles County, California",0.41716660861,6670,933,1427,119,1389,125,3.9874,0.9134,2.6345,0.5631,0.9948,0.9948,2.6876,0.6817,10.3043,0.8413,3122,High,11630273.6474609,16781.0467104375
1745,535400,5354.00,6037535400,"Census Tract 5354, Los Angeles County, California",0.29770935253,3295,566,769,104,757,102,3.0319,0.654,3.4612,0.9344,0.9844,0.9844,2.2325,0.4868,9.71,0.7662,3123,High,8299926.84472656,16001.8266735574
1746,535501,5355.01,6037535501,"Census Tract 5355.01, Los Angeles County, California",0.18986256968,3549,397,972,92,938,90,4.3095,0.9691,3.4902,0.9421,0.971,0.971,2.412,0.5626,11.1827,0.9299,3124,High,5293204.421875,12074.2902010701
1747,535502,5355.02,6037535502,"Census Tract 5355.02, Los Angeles County, California",0.18244786688,5606,1052,1345,234,1331,235,3.8658,0.8851,2.2746,0.3638,0.9511,0.9511,3.3486,0.8954,10.4401,0.8557,3125,High,5086501.39746094,9073.05180563147
1748,535503,5355.03,6037535503,"Census Tract 5355.03, Los Angeles County, California",0.12254066666,2481,420,683,85,683,85,3.6845,0.8366,2.4305,0.4483,0.9893,0.9893,2.8541,0.7487,9.9584,0.796,3126,High,3416350.03808594,7664.37637203487
1749,535603,5356.03,6037535603,"Census Tract 5356.03, Los Angeles County, California",0.30288582204,3901,523,1029,76,1001,81,4.531,0.9916,3.4737,0.938,0.9912,0.9912,2.2703,0.5013,11.2662,0.9369,3127,High,8458968.29101563,15286.440729242
1750,535604,5356.04,6037535604,"Census Tract 5356.04, Los Angeles County, California",0.17074743187,4527,580,1052,138,1040,140,4.0039,0.917,2.9858,0.7584,0.9796,0.9796,1.7442,0.2928,9.7135,0.7667,3128,High,4760342.70214844,9741.85222166675
1751,535605,5356.05,6037535605,"Census Tract 5356.05, Los Angeles County, California",0.1814478627,4987,915,1157,159,1136,156,4.1538,0.946,3.2717,0.8798,0.9691,0.9691,2.1669,0.46,10.5615,0.8685,3129,High,5058629.87695313,9024.6628258163
1752,535606,5356.06,6037535606,"Census Tract 5356.06, Los Angeles County, California",0.071734276682,2143,537,495,69,465,73,3.5505,0.7961,3.0041,0.7674,0.9528,0.9528,2.9768,0.7917,10.4842,0.8594,3130,High,1999911.26464844,7508.65185404712
1753,535607,5356.07,6037535607,"Census Tract 5356.07, Los Angeles County, California",0.36344592074,4252,607,1008,113,1008,113,3.9193,0.8965,3.6917,0.9735,0.9844,0.9844,1.843,0.3303,10.4384,0.8552,3131,High,10132673.9326172,14535.3221500922
1754,535701,5357.01,6037535701,"Census Tract 5357.01, Los Angeles County, California",0.29790124522,5363,829,1440,146,1403,155,4.047,0.9265,3.3897,0.9175,0.9361,0.9361,1.6668,0.2645,10.0396,0.808,3132,High,8305237.51953125,12501.4795179345
1755,535702,5357.02,6037535702,"Census Tract 5357.02, Los Angeles County, California",0.37633477771,5854,1021,1426,131,1426,131,3.6942,0.8388,2.7676,0.6439,0.9401,0.9401,2.1241,0.4425,9.526,0.7397,3133,Medium to High,10491974.1474609,13532.5378337059
1756,535802,5358.02,6037535802,"Census Tract 5358.02, Los Angeles County, California",0.30708390909,6406,739,1593,114,1531,127,3.8217,0.8744,3.0217,0.7755,0.9511,0.9511,2.8033,0.7286,10.5978,0.8736,3134,High,8561347.22949219,12450.1773892536
1757,535803,5358.03,6037535803,"Census Tract 5358.03, Los Angeles County, California",0.16326052799,3799,454,978,62,978,62,3.9042,0.8936,3.2957,0.8876,0.9731,0.9731,1.817,0.3195,9.99,0.8,3135,High,4551608.71679688,8613.45335036608
1758,535804,5358.04,6037535804,"Census Tract 5358.04, Los Angeles County, California",0.18951198907,6051,1319,1476,188,1428,194,4.2553,0.962,3.4206,0.9247,0.9361,0.9361,1.6107,0.245,10.2227,0.8305,3136,High,5283458.17480469,9663.64763998269
1759,535901,5359.01,6037535901,"Census Tract 5359.01, Los Angeles County, California",0.32448243741,6185,1106,1641,267,1622,269,4.0241,0.9211,2.6357,0.5638,0.9544,0.9544,1.7818,0.3076,9.396,0.7231,3137,Medium to High,9046374.5,13206.0204001282
1760,535902,5359.02,6037535902,"Census Tract 5359.02, Los Angeles County, California",0.39113368126,6265,581,1462,94,1423,90,2.9565,0.6336,3.0494,0.7871,0.9286,0.9286,2.1275,0.4438,9.062,0.6851,3138,Medium to High,10904590.3798828,13541.4036455276
1761,536000,5360.00,6037536000,"Census Tract 5360, Los Angeles County, California",0.50467122149,3655,502,1031,104,995,102,3.8684,0.886,3.2395,0.8674,0.9691,0.9691,3.0233,0.8062,11.1003,0.924,3139,High,14069887.4326172,16164.2070271953
1762,536102,5361.02,6037536102,"Census Tract 5361.02, Los Angeles County, California",1.0703044739,3279,629,1046,102,1021,106,3.2212,0.7038,3.2827,0.8838,0.6902,0.6902,1.8472,0.3319,9.0413,0.6826,3140,Medium to High,33091050.53125,27726.2249415317
1763,536103,5361.03,6037536103,"Census Tract 5361.03, Los Angeles County, California",0.45572236823,5278,730,1472,144,1452,146,3.9498,0.9032,2.3838,0.4214,0.9457,0.9457,2.8152,0.7334,10.0945,0.8152,3141,High,12705298.9082031,16304.5106169042
1764,536104,5361.04,6037536104,"Census Tract 5361.04, Los Angeles County, California",0.75844602743,3841,431,1067,91,1030,95,3.6704,0.8319,2.8483,0.691,0.9142,0.9142,2.7279,0.6998,10.1608,0.8232,3142,High,21145108.7558594,26241.7525554366
1765,536201,5362.01,6037536201,"Census Tract 5362.01, Los Angeles County, California",0.538998392,3021,426,876,99,855,110,3.1019,0.6726,2.9641,0.7475,0.8252,0.8252,1.8485,0.3326,8.7397,0.6417,3143,Medium to High,16356164.3535156,21732.9990458143
1766,536202,5362.02,6037536202,"Census Tract 5362.02, Los Angeles County, California",0.35649029321,4462,713,1223,169,1223,169,3.4345,0.7639,2.8649,0.7008,0.8958,0.8958,2.432,0.5695,9.6272,0.7552,3144,High,9938861.98339844,19963.9646227657
1767,540000,5400.00,6037540000,"Census Tract 5400, Los Angeles County, California",0.56534792299,7304,928,1591,175,1561,181,4.1487,0.9452,2.7642,0.6414,0.9844,0.9844,2.8069,0.7301,10.7042,0.8863,3145,High,15761754.8789063,17451.2525245165
1768,540101,5401.01,6037540101,"Census Tract 5401.01, Los Angeles County, California",0.48360356586,6555,995,1565,213,1542,213,3.9732,0.9096,3.0611,0.7916,0.9286,0.9286,1.9672,0.3787,9.9301,0.7941,3146,High,13482674.2705078,17370.7077039717
1769,540102,5401.02,6037540102,"Census Tract 5401.02, Los Angeles County, California",0.48285298357,6278,913,1371,108,1363,110,3.9945,0.9154,2.8017,0.665,0.978,0.978,1.6783,0.2685,9.4525,0.7302,3147,Medium to High,13461838.3916016,15522.6503158042
1770,540201,5402.01,6037540201,"Census Tract 5402.01, Los Angeles County, California",0.10068536295,2413,321,569,61,557,57,4.157,0.9463,3.5377,0.9527,0.9865,0.9865,3.3676,0.9008,12.0488,0.9808,3148,High,2807089.83886719,10415.367186972
1771,540202,5402.02,6037540202,"Census Tract 5402.02, Los Angeles County, California",0.29228191671,6896,859,1607,172,1576,175,4.4719,0.987,3.0952,0.8056,0.9337,0.9337,3.9427,0.9854,12.4435,0.9924,3149,High,8148659.27246094,12548.6781635052
1772,540203,5402.03,6037540203,"Census Tract 5402.03, Los Angeles County, California",0.34796091393,5931,723,1374,153,1315,158,4.1765,0.9499,2.6157,0.5507,0.9731,0.9731,3.4231,0.9137,11.1884,0.9306,3150,High,9701045.30957031,13117.2633472039
1773,540300,5403.00,6037540300,"Census Tract 5403, Los Angeles County, California",0.59149706704,4834,721,1221,133,1221,133,3.5511,0.7966,2.4654,0.4664,0.978,0.978,1.6313,0.2524,8.6258,0.6268,3151,Medium to High,16490657.0058594,21932.0507949088
1774,540400,5404.00,6037540400,"Census Tract 5404, Los Angeles County, California",0.13112989175,2043,453,474,91,457,95,3.5108,0.7856,3.3161,0.8947,0.9643,0.9643,3.2607,0.8748,11.0519,0.9197,3152,High,3655873.68457031,8271.06517230312
1775,540501,5405.01,6037540501,"Census Tract 5405.01, Los Angeles County, California",0.56090504728,6013,860,994,128,937,138,3.6291,0.8208,1.6651,0.1083,0.8073,0.8073,3.7849,0.974,9.8864,0.789,3153,High,15637864.9658203,19057.4550505951
1776,540502,5405.02,6037540502,"Census Tract 5405.02, Los Angeles County, California",0.2320866844,6942,1122,1727,300,1645,298,4.5712,0.9947,2.9886,0.7601,0.9666,0.9666,3.5673,0.9453,12.0937,0.9826,3154,High,6470514.390625,11178.1972662962
1777,540600,5406.00,6037540600,"Census Tract 5406, Los Angeles County, California",0.36184012252,5102,1096,1119,166,1119,166,4.7051,0.9993,3.0837,0.8008,0.9815,0.9815,3.7328,0.9684,12.5031,0.993,3155,High,10088024.4003906,12916.1245607452
1778,540700,5407.00,6037540700,"Census Tract 5407, Los Angeles County, California",0.4430910413,3169,715,886,134,823,135,3.8012,0.8686,3.4414,0.9303,0.8815,0.8815,3.1118,0.8329,11.2359,0.9354,3156,High,12432417.234375,16223.026109946
1779,540800,5408.00,6037540800,"Census Tract 5408, Los Angeles County, California",0.76560860564,5511,1230,1587,257,1486,278,2.9456,0.6303,2.7352,0.6225,0.9948,0.9948,1.7366,0.2893,8.4122,0.598,3157,Medium to High,21476193.6650391,26448.5993166114
1780,540901,5409.01,6037540901,"Census Tract 5409.01, Los Angeles County, California",0.44920071935,4931,823,1223,130,1213,130,3.7176,0.8445,3.4326,0.9277,0.9438,0.9438,3.1561,0.8453,11.2501,0.9362,3158,High,12527118.7460938,15839.9425876635
1781,540902,5409.02,6037540902,"Census Tract 5409.02, Los Angeles County, California",0.9711044453,4452,782,1579,315,1503,314,3.6241,0.8189,3.204,0.8544,0.9643,0.9643,2.5106,0.6031,10.303,0.8409,3159,High,27085463.5253906,20791.9962194808
1782,541003,5410.03,6037541003,"Census Tract 5410.03, Los Angeles County, California",2.3352082167,4379,730,1346,161,1320,153,2.9694,0.6373,2.8431,0.689,0.835,0.835,2.9751,0.7912,9.6226,0.7538,3160,High,65111276.6894531,36767.2593792668
1783,541100,5411.00,6037541100,"Census Tract 5411, Los Angeles County, California",0.48048810882,3094,565,951,100,878,109,3.5357,0.7915,3.3985,0.9201,0.9557,0.9557,3.7257,0.9677,11.6156,0.9607,3161,High,13396088.1083984,15380.3045157133
1784,541200,5412.00,6037541200,"Census Tract 5412, Los Angeles County, California",0.81355011877,6416,1171,1892,232,1819,239,2.4068,0.4728,3.7371,0.979,0.9469,0.9469,3.1821,0.8517,10.2729,0.8371,3162,High,22806378.4072266,23092.2075578072
1785,541300,5413.00,6037541300,"Census Tract 5413, Los Angeles County, California",0.5176654843,5413,968,1450,168,1403,164,3.9112,0.8947,3.0437,0.785,0.978,0.978,2.0264,0.4009,9.9593,0.7961,3163,High,14593763.9892578,16295.5167470219
1786,541401,5414.01,6037541401,"Census Tract 5414.01, Los Angeles County, California",0.22157776017,3590,840,948,155,948,155,4.1626,0.9481,3.3579,0.9074,0.9574,0.9574,3.2631,0.8752,11.741,0.967,3164,High,6177579.58984375,11058.6503597185
1787,541402,5414.02,6037541402,"Census Tract 5414.02, Los Angeles County, California",0.13358743098,3991,696,910,141,841,146,3.4691,0.7746,2.9266,0.728,0.9948,0.9948,1.2419,0.143,8.6324,0.6276,3165,Medium to High,3724421.68457031,8434.31985944043
1788,541500,5415.00,6037541500,"Census Tract 5415, Los Angeles County, California",0.32521989223,5975,966,1436,178,1390,176,3.953,0.9042,2.7473,0.6314,0.9815,0.9815,3.0622,0.8181,10.744,0.8905,3166,High,9067083.28320313,13168.6235648151
1789,541603,5416.03,6037541603,"Census Tract 5416.03, Los Angeles County, California",0.48514604335,3221,476,703,83,692,85,3.9541,0.9045,3.0761,0.7987,0.9574,0.9574,4.0237,0.9887,12.0113,0.9788,3167,High,13525821.4228516,20607.8297273769
1790,541604,5416.04,6037541604,"Census Tract 5416.04, Los Angeles County, California",0.32044805761,5492,632,1407,134,1359,125,3.9599,0.9061,3.2457,0.8693,0.9865,0.9865,3.5036,0.9327,11.6957,0.9649,3168,High,8934101.19238281,12182.2591831972
1791,541605,5416.05,6037541605,"Census Tract 5416.05, Los Angeles County, California",0.33698673678,5069,916,1456,225,1404,225,4.4355,0.9839,2.9559,0.743,0.9796,0.9796,3.1564,0.8456,11.5274,0.9537,3169,High,9395213.71289063,14023.7394468806
1792,541606,5416.06,6037541606,"Census Tract 5416.06, Los Angeles County, California",0.13224379602,2537,445,637,95,637,95,3.7349,0.8487,3.1945,0.8497,0.9948,0.9948,2.2984,0.5144,10.2226,0.8304,3170,High,3686961.59277344,8136.61180684308
1793,541700,5417.00,6037541700,"Census Tract 5417, Los Angeles County, California",0.54146288107,6586,1177,1382,156,1358,154,4.142,0.9442,2.8721,0.7042,0.978,0.978,1.7316,0.2873,9.7237,0.7673,3171,High,15095861.8447266,17625.7306932742
1794,541801,5418.01,6037541801,"Census Tract 5418.01, Los Angeles County, California",0.27604053608,5127,542,1191,85,1154,83,4.2269,0.9578,2.7287,0.6191,0.9691,0.9691,2.5279,0.6113,10.4526,0.8569,3172,High,7695960.58105469,12246.7027010073
1795,541802,5418.02,6037541802,"Census Tract 5418.02, Los Angeles County, California",0.42862148275,5713,1432,1282,265,1269,266,4.0201,0.9202,2.367,0.4114,0.9762,0.9762,2.6364,0.6604,9.9997,0.8016,3173,High,11949953.2519531,14396.1311428519
1796,542000,5420.00,6037542000,"Census Tract 5420, Los Angeles County, California",0.37607454496,4493,834,1118,142,1087,148,3.8121,0.8716,3.2079,0.8558,0.9912,0.9912,2.8373,0.7411,10.8485,0.8988,3174,High,10484967.1474609,13935.8326069626
1797,542103,5421.03,6037542103,"Census Tract 5421.03, Los Angeles County, California",0.2205997638,3174,244,802,56,774,62,3.6685,0.8314,2.781,0.652,0.9815,0.9815,3.0778,0.822,10.5088,0.8625,3175,High,6150339.30273438,11362.2761419986
1798,542104,5421.04,6037542104,"Census Tract 5421.04, Los Angeles County, California",0.22417661273,4438,957,897,139,871,137,2.9088,0.6197,2.3887,0.4249,0.9417,0.9417,2.8809,0.7585,9.1201,0.6917,3176,Medium to High,6250031.33496094,11046.6425582294
1799,542105,5421.05,6037542105,"Census Tract 5421.05, Los Angeles County, California",0.24072919157,5032,824,1137,134,1101,144,4.4616,0.986,3.0761,0.7987,0.9666,0.9666,2.9063,0.7677,11.4106,0.9471,3177,High,6711569.60839844,12028.2821646264
1800,542106,5421.06,6037542106,"Census Tract 5421.06, Los Angeles County, California",0.32217856678,2917,317,765,88,736,90,3.6709,0.8324,3.5998,0.9618,0.978,0.978,3.8228,0.9769,12.0715,0.9816,3178,High,9409673.66113281,17384.894767228
1801,542200,5422.00,6037542200,"Census Tract 5422, Los Angeles County, California",0.5129755033,6999,1061,1528,113,1456,116,3.9443,0.9024,3.2036,0.8541,0.9731,0.9731,2.5395,0.6154,10.6605,0.8821,3179,High,14932610.4160156,16996.8420328626
1802,542401,5424.01,6037542401,"Census Tract 5424.01, Los Angeles County, California",0.49937776307,4309,463,1217,138,1166,137,4.0634,0.9296,3.5055,0.9465,0.9731,0.9731,2.6764,0.6779,11.2184,0.9341,3180,High,13922723.5292969,15743.5117941786
1803,542402,5424.02,6037542402,"Census Tract 5424.02, Los Angeles County, California",0.64335056564,3790,662,900,172,884,173,3.2914,0.723,2.9686,0.7497,0.9912,0.9912,2.7475,0.7074,9.9987,0.8014,3181,High,17936840.0205078,22961.9130960338
1804,542501,5425.01,6037542501,"Census Tract 5425.01, Los Angeles County, California",0.22296927178,4503,713,1256,243,1246,247,4.1849,0.9514,3.3278,0.8984,0.9948,0.9948,2.6005,0.6419,11.108,0.9246,3182,High,6299647.17675781,12013.5388719487
1805,542502,5425.02,6037542502,"Census Tract 5425.02, Los Angeles County, California",0.38045255554,5481,876,1384,148,1334,150,3.9562,0.9051,2.7891,0.6568,0.9796,0.9796,3.8891,0.9818,11.614,0.9604,3183,High,10710026.5439453,14205.2192828982
1806,542601,5426.01,6037542601,"Census Tract 5426.01, Los Angeles County, California",0.21234760576,3539,593,810,99,757,99,3.6682,0.8312,3.0851,0.8014,0.9815,0.9815,3.5119,0.9343,11.2467,0.9359,3184,High,5920248.25097656,10539.9777132049
1807,542602,5426.02,6037542602,"Census Tract 5426.02, Los Angeles County, California",0.33615545918,5504,740,1442,123,1317,133,4.1246,0.9406,2.8447,0.6894,0.9893,0.9893,3.2137,0.8604,11.1723,0.9291,3185,High,9372005.234375,12375.1228689646
1808,542700,5427.00,6037542700,"Census Tract 5427, Los Angeles County, California",0.37790042132,5853,792,1427,173,1380,160,4.0526,0.9277,2.7321,0.6206,0.9815,0.9815,2.9245,0.7726,10.6907,0.8851,3186,High,10727727.0957031,13611.6315098395
1809,542800,5428.00,6037542800,"Census Tract 5428, Los Angeles County, California",0.30545378644,2969,457,963,181,930,195,3.5574,0.7987,3.4821,0.9401,0.9624,0.9624,2.6799,0.6788,10.6818,0.8843,3187,High,8516084.52148438,11847.4799362249
1810,542900,5429.00,6037542900,"Census Tract 5429, Los Angeles County, California",0.31164724863,3299,350,806,104,787,105,3.4175,0.759,3.1662,0.8373,0.9762,0.9762,2.6989,0.6875,10.2588,0.8359,3188,High,8688773.06835938,14279.1294494538
1811,543000,5430.00,6037543000,"Census Tract 5430, Los Angeles County, California",0.50768436149,4487,601,1270,122,1187,140,3.3665,0.7451,3.4658,0.9357,0.9893,0.9893,2.6967,0.686,10.5183,0.8639,3189,High,14154354.9228516,15227.1125426006
1812,543100,5431.00,6037543100,"Census Tract 5431, Los Angeles County, California",1.1159100699,7445,961,1871,203,1798,196,3.9366,0.9009,3.2587,0.8739,0.9762,0.9762,3.1901,0.8541,11.3616,0.9438,3190,High,31111918.8320313,25651.4628888829
1813,543201,5432.01,6037543201,"Census Tract 5432.01, Los Angeles County, California",0.38863482912,3444,420,908,86,859,89,3.2528,0.7134,3.0746,0.7981,0.9762,0.9762,2.9128,0.7694,10.2164,0.8297,3191,High,10876948.3486328,13363.8531080877
1814,543203,5432.03,6037543203,"Census Tract 5432.03, Los Angeles County, California",1.4096792515,4460,648,1175,109,1162,114,4.3059,0.9684,2.9971,0.7639,0.9624,0.9624,2.9482,0.782,11.2136,0.9334,3192,High,39882812.5654297,34167.5229070895
1815,543304,5433.04,6037543304,"Census Tract 5433.04, Los Angeles County, California",0.62168561022,6506,923,2071,288,2028,284,2.2237,0.4196,1.803,0.1446,0.8649,0.8649,1.4552,0.1971,6.3468,0.3132,3193,Low to Medium,17333054.0869141,16704.7259820406
1816,543305,5433.05,6037543305,"Census Tract 5433.05, Los Angeles County, California",3.177017527,3808,547,1242,238,1242,238,2.8658,0.607,2.6386,0.5665,0.737,0.737,2.906,0.7674,9.1474,0.6948,3194,Medium to High,90279146.4199219,38293.5747361542
1817,543306,5433.06,6037543306,"Census Tract 5433.06, Los Angeles County, California",1.3517369244,7016,944,1758,186,1758,186,2.2385,0.4251,2.7885,0.6563,0.8467,0.8467,3.1493,0.8434,9.023,0.6807,3195,Medium to High,38418657.9169922,28581.6158745086
1818,543321,5433.21,6037543321,"Census Tract 5433.21, Los Angeles County, California",1.642398371,5768,763,1954,274,1954,274,2.735,0.5677,2.9273,0.7283,0.905,0.905,2.3942,0.554,8.9615,0.672,3196,Medium to High,45791011.4384766,30124.406017026
1819,543322,5433.22,6037543322,"Census Tract 5433.22, Los Angeles County, California",0.75833946328,7283,1077,2140,335,2081,327,1.8991,0.3263,2.7449,0.6301,0.9438,0.9438,1.5641,0.2279,7.1519,0.4265,3197,Low to Medium,21143078.4228516,18335.9848004382
1820,543400,5434.00,6037543400,"Census Tract 5434, Los Angeles County, California",1.1302367707,3542,531,922,91,910,93,2.356,0.4587,3.0723,0.7973,0.8677,0.8677,1.6975,0.2746,7.9935,0.5399,3198,Medium to High,33454102.09375,27062.5105205821
1821,543501,5435.01,6037543501,"Census Tract 5435.01, Los Angeles County, California",1.0273483097,6890,808,1947,191,1822,138,3.0839,0.6672,3.3622,0.9091,0.8958,0.8958,4.093,0.9914,11.4349,0.9487,3199,High,28710611.2382813,34677.2918973775
1822,543502,5435.02,6037543502,"Census Tract 5435.02, Los Angeles County, California",0.42486509639,4790,901,1777,263,1656,261,3.0367,0.6556,1.7483,0.1296,0.8185,0.8185,2.1252,0.4427,7.7287,0.5033,3200,Medium to High,12074395.6025391,15819.2452807057
1823,543503,5435.03,6037543503,"Census Tract 5435.03, Los Angeles County, California",0.6423200594,5889,731,2021,306,1937,317,2.5911,0.5267,2.5245,0.5038,0.762,0.762,3.9804,0.9868,9.858,0.7856,3201,High,18038367.2421875,20163.6861794546
1824,543601,5436.01,6037543601,"Census Tract 5436.01, Los Angeles County, California",0.2508898518,4334,1423,1101,202,1024,202,2.7659,0.577,2.3224,0.3872,0.9026,0.9026,3.3919,0.9069,9.3828,0.7216,3202,Medium to High,6995154.33984375,10907.78165667
1825,543603,5436.03,6037543603,"Census Tract 5436.03, Los Angeles County, California",0.57072362114,4170,539,1570,228,1562,227,2.328,0.4508,2.6002,0.5422,0.6934,0.6934,1.9947,0.3884,7.6163,0.4866,3203,Low to Medium,15912602.6640625,17543.1375838761
1826,543605,5436.05,6037543605,"Census Tract 5436.05, Los Angeles County, California",0.3692683389,4042,491,1667,184,1572,166,1.8779,0.3194,1.9793,0.2164,0.652,0.652,0.9929,0.0918,5.5021,0.2021,3204,Low,10295711.0869141,13204.5471458391
1827,543606,5436.06,6037543606,"Census Tract 5436.06, Los Angeles County, California",0.25867830135,3806,861,1362,177,1273,203,2.2966,0.4429,3.18,0.8424,0.6947,0.6947,3.359,0.8982,9.5303,0.7404,3205,Medium to High,7212259.57324219,11257.6991960612
1828,543607,5436.07,6037543607,"Census Tract 5436.07, Los Angeles County, California",0.51145889465,5112,553,1340,126,1300,114,1.5881,0.2382,2.8912,0.7116,0.842,0.842,1.8499,0.3333,7.1712,0.4288,3206,Low to Medium,14260154.0703125,14960.7649538721
1829,543701,5437.01,6037543701,"Census Tract 5437.01, Los Angeles County, California",0.24535623794,3104,369,649,73,637,76,2.3866,0.4676,2.4717,0.4707,0.8994,0.8994,0.8064,0.0638,6.5641,0.3424,3207,Low to Medium,6840817.62890625,11169.8672346127
1830,543703,5437.03,6037543703,"Census Tract 5437.03, Los Angeles County, California",0.40025456881,3621,723,1059,172,975,166,2.865,0.6067,2.9048,0.7179,0.842,0.842,2.1968,0.4724,8.8086,0.6525,3208,Medium to High,11159725.9404297,13580.8696549275
1831,543704,5437.04,6037543704,"Census Tract 5437.04, Los Angeles County, California",0.25841459368,2836,381,839,153,780,129,1.9594,0.3414,2.3423,0.3976,0.829,0.829,1.3367,0.1643,6.4674,0.329,3209,Low to Medium,7204983.79003906,15457.136085135
1832,543705,5437.05,6037543705,"Census Tract 5437.05, Los Angeles County, California",0.24949332087,3281,442,972,73,921,78,2.1531,0.3972,2.094,0.267,0.892,0.892,2.5586,0.6253,7.6977,0.4975,3210,Low to Medium,6956205.43066406,10921.2437701709
1833,543801,5438.01,6037543801,"Census Tract 5438.01, Los Angeles County, California",0.83487028511,4573,503,1347,139,1272,137,2.4041,0.4716,2.5324,0.5082,0.7813,0.7813,2.7045,0.6896,8.4223,0.5992,3211,Medium to High,23724216.9208984,22472.5947152572
1834,543803,5438.03,6037543803,"Census Tract 5438.03, Los Angeles County, California",0.29176299563,3969,672,1382,264,1268,272,1.3478,0.1751,2.3449,0.3994,0.8567,0.8567,2.543,0.6176,7.0924,0.4177,3212,Low to Medium,8134672.25195313,15554.4551862354
1835,543804,5438.04,6037543804,"Census Tract 5438.04, Los Angeles County, California",0.23176390313,2887,1603,751,187,700,211,1.9325,0.3348,2.6109,0.5483,0.9026,0.9026,1.3964,0.1793,6.8424,0.3848,3213,Low to Medium,6461840.54785156,12895.6078184263
1836,543903,5439.03,6037543903,"Census Tract 5439.03, Los Angeles County, California",0.51798286014,3536,771,1155,132,1038,120,2.4665,0.4908,2.4686,0.4694,0.7862,0.7862,3.4454,0.9189,9.1667,0.6977,3214,Medium to High,14602751.7509766,21544.623969998
1837,543905,5439.05,6037543905,"Census Tract 5439.05, Los Angeles County, California",1.0589152371,4408,558,1045,166,1000,165,3.5778,0.8048,3.0368,0.783,0.9493,0.9493,2.4224,0.5655,9.9863,0.7994,3215,High,29538912.1308594,24257.6247075059
1838,544001,5440.01,6037544001,"Census Tract 5440.01, Los Angeles County, California",0.71591264501,4399,590,1216,238,1191,234,2.7227,0.5649,3.1455,0.8287,0.8624,0.8624,1.8639,0.3383,8.5945,0.6216,3216,Medium to High,20161641.3232422,19683.789286158
1839,544002,5440.02,6037544002,"Census Tract 5440.02, Los Angeles County, California",0.61710142117,3717,1044,796,71,770,73,3.1801,0.6941,2.9701,0.751,0.8744,0.8744,1.5971,0.2388,8.6217,0.6259,3217,Medium to High,17205469.0908203,21176.3320683172
1840,550101,5501.01,6037550101,"Census Tract 5501.01, Los Angeles County, California",0.27726563773,4163,729,1090,266,1090,266,2.0878,0.3798,2.6204,0.5545,0.8555,0.8555,1.4743,0.2027,7.038,0.4105,3218,Low to Medium,7730051.96679688,11296.5781342693
1841,550201,5502.01,6037550201,"Census Tract 5502.01, Los Angeles County, California",0.20437112454,2973,396,790,88,776,89,2.1945,0.4101,2.4041,0.4336,0.886,0.886,2.2447,0.4908,7.7293,0.5036,3219,Medium to High,5697803.70605469,11919.7997080743
1842,550202,5502.02,6037550202,"Census Tract 5502.02, Los Angeles County, California",0.48652597189,5611,599,1482,168,1482,168,2.6506,0.5424,2.1964,0.3234,0.8402,0.8402,3.091,0.8258,8.7782,0.648,3220,Medium to High,13564231.578125,16690.672844347
1843,550301,5503.01,6037550301,"Census Tract 5503.01, Los Angeles County, California",0.61218557051,5030,1365,1093,89,1063,111,2.8458,0.6006,2.6839,0.5926,0.842,0.842,2.9964,0.7966,9.3681,0.7199,3221,Medium to High,17817508.1699219,17478.4311546856
1844,550501,5505.01,6037550501,"Census Tract 5505.01, Los Angeles County, California",0.31993454195,3674,606,1105,144,1105,144,2.605,0.5303,2.507,0.4936,0.8368,0.8368,2.3221,0.5244,8.2709,0.5786,3222,Medium to High,9588422.27636719,17036.9068728448
1845,550502,5505.02,6037550502,"Census Tract 5505.02, Los Angeles County, California",0.67508197241,4165,616,1299,182,1182,170,1.2121,0.1439,2.5286,0.5062,0.6404,0.6404,1.0413,0.102,5.4224,0.1914,3223,Low,19125743.9042969,19230.217326907
1846,550601,5506.01,6037550601,"Census Tract 5506.01, Los Angeles County, California",0.45254050165,6385,687,1883,189,1810,187,2.9923,0.6427,2.5195,0.5013,0.8154,0.8154,2.1289,0.4444,8.4561,0.6028,3224,Medium to High,12616466.4960938,14580.3427768323
1847,550602,5506.02,6037550602,"Census Tract 5506.02, Los Angeles County, California",0.57026377365,3951,465,1141,76,1095,74,2.0805,0.3778,2.6617,0.5805,0.6914,0.6914,1.7888,0.3101,7.2224,0.4345,3225,Low to Medium,15898558.6455078,16653.9514464984
1848,550700,5507.00,6037550700,"Census Tract 5507, Los Angeles County, California",0.83389692197,6311,1091,1975,264,1836,277,2.0983,0.3825,3.0834,0.8006,0.6025,0.6025,2.6298,0.6562,8.414,0.5983,3226,Medium to High,23986263.0996094,22073.9951762496
1849,550801,5508.01,6037550801,"Census Tract 5508.01, Los Angeles County, California",0.61277476216,4939,745,1592,286,1545,293,1.8243,0.3033,2.7071,0.6071,0.6601,0.6601,1.7233,0.2841,6.9148,0.3957,3227,Low to Medium,17083726.7138672,17087.3727210102
1850,550802,5508.02,6037550802,"Census Tract 5508.02, Los Angeles County, California",0.49250437526,2239,317,648,54,595,74,2.2697,0.4345,2.4985,0.4874,0.75,0.75,2.6497,0.6663,8.1679,0.565,3228,Medium to High,14121380.2636719,16711.9520003054
1851,550901,5509.01,6037550901,"Census Tract 5509.01, Los Angeles County, California",0.43463733801,4405,741,1390,115,1346,124,3.5707,0.8021,2.7601,0.6389,0.7523,0.7523,3.2114,0.8601,10.2945,0.8392,3229,High,12117455.5019531,15191.9632141566
1852,550902,5509.02,6037550902,"Census Tract 5509.02, Los Angeles County, California",0.37358959249,5350,574,1824,126,1791,127,3.3494,0.7392,2.5798,0.5323,0.7511,0.7511,1.831,0.3246,8.5113,0.6091,3230,Medium to High,10415455.5712891,14238.1013016374
1853,551001,5510.01,6037551001,"Census Tract 5510.01, Los Angeles County, California",0.53365782914,2966,389,1013,93,911,88,1.7353,0.2786,2.429,0.4475,0.6998,0.6998,1.934,0.3655,6.7981,0.3781,3231,Low to Medium,15498171.1904297,20744.7800746862
1854,551002,5510.02,6037551002,"Census Tract 5510.02, Los Angeles County, California",0.37528651078,4235,796,1423,273,1372,278,2.9017,0.6169,3.2106,0.857,0.6892,0.6892,1.412,0.184,8.2135,0.5723,3232,Medium to High,10462782.3623047,14631.7721236662
1855,551101,5511.01,6037551101,"Census Tract 5511.01, Los Angeles County, California",0.65112086839,3738,520,1338,388,1282,392,3.1373,0.6814,2.7789,0.6509,0.8662,0.8662,4.1398,0.994,10.9222,0.9062,3233,High,18153094.3710938,22027.8633032218
1856,551102,5511.02,6037551102,"Census Tract 5511.02, Los Angeles County, California",0.6337856608,5546,768,1787,186,1739,187,3.501,0.7833,2.5269,0.505,0.8848,0.8848,3.1687,0.8482,10.0814,0.8138,3234,High,18174743.1650391,20645.4229427434
1857,551201,5512.01,6037551201,"Census Tract 5512.01, Los Angeles County, California",0.30452405283,3529,720,1192,169,1148,167,3.0757,0.6649,2.7492,0.6323,0.7978,0.7978,2.9349,0.7778,9.5576,0.7442,3235,Medium to High,8490020.76269531,12891.1870625113
1858,551203,5512.03,6037551203,"Census Tract 5512.03, Los Angeles County, California",0.27906255644,3747,850,1101,255,1101,255,2.8557,0.6034,2.6367,0.5651,0.7481,0.7481,1.099,0.1153,7.3395,0.4486,3236,Low to Medium,7780195.0703125,12034.6894329611
1859,551204,5512.04,6037551204,"Census Tract 5512.04, Los Angeles County, California",0.2618926005,3390,493,1098,180,1071,182,2.4471,0.4842,3.2303,0.865,0.8086,0.8086,1.9002,0.3526,8.3862,0.5936,3237,Medium to High,7301476.40917969,12369.8485136491
1860,551300,5513.00,6037551300,"Census Tract 5513, Los Angeles County, California",0.59080671667,5708,590,1877,173,1768,174,3.7751,0.8603,2.551,0.5177,0.8112,0.8112,2.9305,0.7751,10.0678,0.8126,3238,High,16471438.46875,16647.2761114253
1861,551401,5514.01,6037551401,"Census Tract 5514.01, Los Angeles County, California",0.2796150684,4141,447,1292,108,1256,112,3.6651,0.8302,2.8312,0.6815,0.7927,0.7927,2.8562,0.7496,10.1452,0.8212,3239,High,7795514.078125,11651.4625706721
1862,551402,5514.02,6037551402,"Census Tract 5514.02, Los Angeles County, California",0.44629182688,4973,779,1393,182,1370,185,2.6254,0.5361,2.9748,0.754,0.763,0.763,3.2037,0.8587,9.5669,0.7454,3240,Medium to High,12442400.7978516,13893.2410755083
1863,551501,5515.01,6037551501,"Census Tract 5515.01, Los Angeles County, California",0.56190234874,4742,751,1445,159,1381,162,2.9467,0.6309,2.6272,0.5589,0.7075,0.7075,2.3718,0.5445,8.6532,0.6305,3241,Medium to High,15877385.3466797,18345.0966621835
1864,551502,5515.02,6037551502,"Census Tract 5515.02, Los Angeles County, California",0.42511953761,4885,688,1380,229,1353,232,2.099,0.3827,2.5639,0.525,0.7906,0.7906,2.5466,0.6192,8.0001,0.5414,3242,Medium to High,11852243.9394531,18384.3821452101
1865,551700,5517.00,6037551700,"Census Tract 5517, Los Angeles County, California",0.50082294285,6066,738,1647,157,1647,157,3.4426,0.7664,3.0659,0.7941,0.8501,0.8501,1.2383,0.1417,8.5969,0.6218,3243,Medium to High,13962882.7324219,15848.2957902962
1866,551801,5518.01,6037551801,"Census Tract 5518.01, Los Angeles County, California",0.44048601111,3122,553,943,134,943,134,2.3108,0.4475,1.9545,0.2044,0.729,0.729,1.8194,0.3202,6.8137,0.38,3244,Low to Medium,12280690.7919922,14534.2649410163
1867,551802,5518.02,6037551802,"Census Tract 5518.02, Los Angeles County, California",0.40898124621,4081,705,1406,147,1406,147,2.8028,0.5874,2.9439,0.7362,0.7943,0.7943,2.0644,0.4156,8.6054,0.6231,3245,Medium to High,11722001.6894531,14318.0934591661
1868,551900,5519.00,6037551900,"Census Tract 5519, Los Angeles County, California",0.59594689259,5290,823,1396,153,1377,152,2.2812,0.4386,2.4686,0.4694,0.766,0.766,2.69,0.6829,8.2058,0.5715,3246,Medium to High,16894515.0322266,17346.1463644611
1869,552001,5520.01,6037552001,"Census Tract 5520.01, Los Angeles County, California",0.30995766627,4143,425,1062,106,1036,111,2.2304,0.4219,2.2687,0.3603,0.8368,0.8368,3.2318,0.866,8.5677,0.6175,3247,Medium to High,8641585.17382813,12380.4876642672
1870,552002,5520.02,6037552002,"Census Tract 5520.02, Los Angeles County, California",0.27272083109,3379,456,990,110,918,114,2.6646,0.5474,3.0615,0.7919,0.8609,0.8609,3.1468,0.8428,9.7338,0.7691,3248,High,7606499.41601563,11571.5340971109
1871,552100,5521.00,6037552100,"Census Tract 5521, Los Angeles County, California",0.56442822803,6570,1072,1859,192,1820,196,3.2543,0.7138,3.2594,0.874,0.8624,0.8624,3.0528,0.8155,10.4289,0.854,3249,High,15736279.3476563,17538.2241619558
1872,552200,5522.00,6037552200,"Census Tract 5522, Los Angeles County, California",0.65211044782,5804,657,1726,144,1621,160,3.6125,0.8154,2.9036,0.7174,0.8744,0.8744,2.6331,0.658,10.0236,0.8052,3250,High,18191295.7197266,22322.3721624667
1873,552301,5523.01,6037552301,"Census Tract 5523.01, Los Angeles County, California",0.48231282687,4376,596,1190,103,1134,117,2.8986,0.616,2.9247,0.727,0.8501,0.8501,2.8127,0.7329,9.4861,0.7347,3251,Medium to High,13446807.5683594,17382.4999216967
1874,552302,5523.02,6037552302,"Census Tract 5523.02, Los Angeles County, California",0.37123823131,4304,1226,1352,265,1332,266,2.4499,0.4851,1.5122,0.0787,0.5287,0.5287,3.5951,0.9498,8.0859,0.5536,3252,Medium to High,10350115.0849609,15066.883272569
1875,552400,5524.00,6037552400,"Census Tract 5524, Los Angeles County, California",0.35995285595,2339,440,574,77,554,78,2.7776,0.5811,2.8337,0.683,0.8555,0.8555,1.9906,0.3876,8.4574,0.6029,3253,Medium to High,10035510.1650391,15598.7989922187
1876,552601,5526.01,6037552601,"Census Tract 5526.01, Los Angeles County, California",0.27466524076,5560,1077,1225,157,1203,160,3.298,0.7257,2.4757,0.4728,0.8994,0.8994,2.3221,0.5244,8.9952,0.6771,3254,Medium to High,7657744.43457031,11109.5332498047
1877,552602,5526.02,6037552602,"Census Tract 5526.02, Los Angeles County, California",0.53073117598,3974,388,1042,70,1019,77,3.3013,0.7265,2.9488,0.7393,0.8609,0.8609,2.8748,0.7567,9.9858,0.7991,3255,High,14796886.6298828,16639.4663514123
1878,552700,5527.00,6037552700,"Census Tract 5527, Los Angeles County, California",0.53105820437,6712,950,1694,160,1622,171,3.0839,0.6672,2.9069,0.7186,0.8047,0.8047,2.3298,0.5276,9.1253,0.6925,3256,Medium to High,14805976.5097656,16500.310386306
1879,552800,5528.00,6037552800,"Census Tract 5528, Los Angeles County, California",0.49952062081,5771,538,1718,148,1626,148,3.1921,0.697,2.4449,0.4565,0.7927,0.7927,2.3876,0.5509,8.8173,0.654,3257,Medium to High,13926657.4677734,15865.659636627
1880,552900,5529.00,6037552900,"Census Tract 5529, Los Angeles County, California",0.50579130339,7286,1045,2004,204,1959,210,3.4233,0.7612,2.9246,0.7269,0.7065,0.7065,3.26,0.8744,10.3144,0.8421,3258,High,14101549.0419922,16008.3356018472
1881,553000,5530.00,6037553000,"Census Tract 5530, Los Angeles County, California",0.49052598861,4988,654,1218,148,1185,138,2.1319,0.3915,2.3406,0.397,0.788,0.788,1.3431,0.1656,6.6036,0.3491,3259,Low to Medium,13675967.859375,16319.543736279
1882,553100,5531.00,6037553100,"Census Tract 5531, Los Angeles County, California",0.76643293341,6737,831,1983,185,1874,187,3.5344,0.7908,2.9185,0.7241,0.7257,0.7257,2.5737,0.6313,9.7523,0.7712,3260,High,22121672.0292969,22766.2500557739
1883,553201,5532.01,6037553201,"Census Tract 5532.01, Los Angeles County, California",0.40038545739,3969,728,1001,140,980,142,1.8227,0.3028,2.0597,0.2527,0.7481,0.7481,2.1026,0.4326,6.7331,0.3681,3261,Low to Medium,11162770.5136719,15658.9428774299
1884,553202,5532.02,6037553202,"Census Tract 5532.02, Los Angeles County, California",0.31790866476,3526,284,962,89,927,82,1.8014,0.2971,2.4182,0.4418,0.7564,0.7564,2.86,0.7507,7.836,0.5179,3262,Medium to High,9518705.90625,12855.2605010138
1885,553300,5533.00,6037553300,"Census Tract 5533, Los Angeles County, California",0.32464344195,3211,631,1003,124,954,131,2.7384,0.5686,2.391,0.4262,0.7906,0.7906,2.6882,0.6821,8.6082,0.6235,3263,Medium to High,9051052.14257813,14219.7343385235
1886,553400,5534.00,6037553400,"Census Tract 5534, Los Angeles County, California",0.28309616403,3497,403,1016,117,962,124,2.4469,0.484,2.4163,0.4408,0.8501,0.8501,3.3522,0.8963,9.0655,0.6854,3264,Medium to High,7892688.52636719,11760.4621301478
1887,553502,5535.02,6037553502,"Census Tract 5535.02, Los Angeles County, California",0.48864219696,3920,538,1209,138,1130,138,2.5936,0.5276,3.0696,0.7959,0.7888,0.7888,3.4822,0.9275,9.9342,0.7944,3265,High,13623335.5449219,15451.8499029776
1888,553503,5535.03,6037553503,"Census Tract 5535.03, Los Angeles County, California",0.16341921591,3330,656,853,138,829,141,3.2747,0.719,2.4757,0.4728,0.9643,0.9643,2.7915,0.7234,9.5062,0.7371,3266,Medium to High,4556093.57324219,9558.94497929127
1889,553504,5535.04,6037553504,"Census Tract 5535.04, Los Angeles County, California",0.24637052789,4998,507,1308,148,1308,148,3.7161,0.844,2.9757,0.7545,0.8624,0.8624,3.0158,0.8043,10.57,0.87,3267,High,6868830.48828125,13796.5016963972
1890,553601,5536.01,6037553601,"Census Tract 5536.01, Los Angeles County, California",0.8169346889,4542,703,1310,158,1294,160,3.8292,0.876,2.7915,0.6587,0.8945,0.8945,3.7825,0.9735,11.2977,0.9395,3268,High,23414587.0175781,28174.3023688382
1891,553602,5536.02,6037553602,"Census Tract 5536.02, Los Angeles County, California",0.23300985429,4568,778,1402,179,1343,184,3.9068,0.894,2.6948,0.5993,0.9229,0.9229,3.0009,0.7989,10.5254,0.8644,3269,High,6496310.16503906,11048.1587825766
1892,553701,5537.01,6037553701,"Census Tract 5537.01, Los Angeles County, California",0.38688926198,4056,693,915,124,901,137,3.3157,0.7299,2.7556,0.6361,0.9361,0.9361,2.0986,0.4307,9.106,0.69,3270,Medium to High,11796992.0478516,18847.6234286278
1893,553702,5537.02,6037553702,"Census Tract 5537.02, Los Angeles County, California",0.32165462636,4600,554,1250,228,1207,232,3.5818,0.8057,2.7585,0.6376,0.9796,0.9796,2.6245,0.6548,9.9444,0.7954,3271,High,10009757.0429688,19049.43369569
1894,553801,5538.01,6037553801,"Census Tract 5538.01, Los Angeles County, California",0.49993683876,4575,564,1027,97,1027,97,3.9304,0.8988,2.72,0.6142,0.9643,0.9643,3.5068,0.9331,11.1215,0.9254,3272,High,13938320.1396484,15855.23461372
1895,553802,5538.02,6037553802,"Census Tract 5538.02, Los Angeles County, California",0.66893020924,7229,1068,2087,240,2087,240,4.2427,0.9603,2.9424,0.7355,0.835,0.835,3.1327,0.8385,11.1528,0.9278,3273,High,19012669.0751953,24460.1499058094
1896,553901,5539.01,6037553901,"Census Tract 5539.01, Los Angeles County, California",0.49322754431,6502,835,1665,190,1540,213,3.0826,0.6669,3.0956,0.8061,0.9026,0.9026,2.5642,0.6272,9.645,0.7576,3274,High,13751249.9082031,15765.3889022093
1897,553902,5539.02,6037553902,"Census Tract 5539.02, Los Angeles County, California",0.40764958042,5629,1019,1634,193,1490,204,3.731,0.8474,2.68,0.5909,0.8555,0.8555,3.0785,0.8222,10.345,0.8451,3275,High,11365367.25,14750.9938178162
1898,554001,5540.01,6037554001,"Census Tract 5540.01, Los Angeles County, California",0.41804730728,4143,818,1255,217,1155,234,2.8327,0.5961,2.9558,0.7429,0.6461,0.6461,0.7118,0.0502,7.1464,0.4256,3276,Low to Medium,11655206.3857422,16116.5887962685
1899,554002,5540.02,6037554002,"Census Tract 5540.02, Los Angeles County, California",0.49022135414,5301,708,1706,139,1591,148,3.748,0.8527,2.8294,0.6801,0.7888,0.7888,3.7752,0.9727,11.1414,0.9272,3277,High,13667447.4375,20544.1215942174
1900,554101,5541.01,6037554101,"Census Tract 5541.01, Los Angeles County, California",0.18297914323,3181,449,1055,97,943,127,3.8956,0.892,2.5125,0.497,0.8112,0.8112,3.7699,0.9725,10.9892,0.9123,3278,High,5101466.3671875,12582.3074567599
1901,554105,5541.05,6037554105,"Census Tract 5541.05, Los Angeles County, California",0.13018741677,4594,875,1569,164,1450,184,4.1377,0.943,2.9181,0.724,0.7511,0.7511,4.0971,0.992,11.904,0.9749,3279,High,3629641.76660156,10099.873951788
1902,554106,5541.06,6037554106,"Census Tract 5541.06, Los Angeles County, California",0.2830320711,3810,422,1292,111,1204,118,3.1883,0.6959,2.6238,0.5564,0.737,0.737,3.0257,0.8066,9.5748,0.7472,3280,Medium to High,7890983.95898438,14111.3149456025
1903,554201,5542.01,6037554201,"Census Tract 5542.01, Los Angeles County, California",0.37496720442,3890,445,1083,95,1065,97,2.5483,0.514,2.8258,0.6784,0.7443,0.7443,2.8452,0.7444,8.9636,0.6725,3281,Medium to High,10454205.5224609,13186.0301587498
1904,554203,5542.03,6037554203,"Census Tract 5542.03, Los Angeles County, California",0.26420573758,3877,548,1259,166,1253,164,3.7936,0.8666,2.6724,0.5869,0.7031,0.7031,3.216,0.8609,10.3851,0.8502,3282,High,7366132.40527344,13835.198824307
1905,554204,5542.04,6037554204,"Census Tract 5542.04, Los Angeles County, California",0.25457944252,4705,766,1786,195,1685,219,4.1914,0.9522,2.7935,0.66,0.8217,0.8217,2.9009,0.7654,10.7075,0.8869,3283,High,7097729.20410156,12961.7900426026
1906,554301,5543.01,6037554301,"Census Tract 5543.01, Los Angeles County, California",0.26084819459,3412,518,1077,122,1009,117,2.3951,0.4702,2.4334,0.4497,0.7594,0.7594,2.7658,0.7149,8.3537,0.5898,3284,Medium to High,7272514.62304688,14242.7440568783
1907,554302,5543.02,6037554302,"Census Tract 5543.02, Los Angeles County, California",0.27763822616,4384,671,1135,103,1135,103,3.6981,0.84,2.5184,0.5006,0.8884,0.8884,2.8865,0.7611,9.9914,0.8003,3285,High,7740679.11035156,11136.9838337824
1908,554403,5544.03,6037554403,"Census Tract 5544.03, Los Angeles County, California",0.32459324869,5564,837,1915,210,1739,210,3.8939,0.8915,2.899,0.7155,0.7759,0.7759,3.7604,0.9713,11.3292,0.9418,3286,High,9049817.83105469,12198.6560979843
1909,554404,5544.04,6037554404,"Census Tract 5544.04, Los Angeles County, California",0.32501603038,4286,521,1326,123,1281,125,2.8847,0.612,2.7311,0.6203,0.758,0.758,3.6085,0.9518,9.9823,0.7988,3287,High,9061611.87402344,12142.5613104239
1910,554405,5544.05,6037554405,"Census Tract 5544.05, Los Angeles County, California",0.29556880304,3543,660,1419,196,1289,217,3.7673,0.8581,2.8673,0.7017,0.6229,0.6229,2.7847,0.7212,10.0422,0.8086,3288,High,8240568.98242188,11740.7949420786
1911,554406,5544.06,6037554406,"Census Tract 5544.06, Los Angeles County, California",0.42599251423,4206,536,1515,113,1464,115,2.9763,0.6391,3.4706,0.9374,0.5834,0.5834,2.962,0.7865,9.9923,0.8006,3289,High,11876860.7197266,15944.1398933032
1912,554511,5545.11,6037554511,"Census Tract 5545.11, Los Angeles County, California",0.90026746967,4096,711,1149,120,1118,127,1.0803,0.1139,2.7351,0.6224,0.7783,0.7783,1.2867,0.1533,5.8804,0.253,3290,Low to Medium,25497631.0166016,19924.6849954029
1913,554512,5545.12,6037554512,"Census Tract 5545.12, Los Angeles County, California",1.4800108196,6336,594,2234,189,2118,194,1.8094,0.2996,2.5259,0.5041,0.7828,0.7828,1.3364,0.1642,6.4545,0.3264,3291,Low to Medium,41263313.84375,26498.547493253
1914,554513,5545.13,6037554513,"Census Tract 5545.13, Los Angeles County, California",0.2189005289,2630,239,827,98,821,98,0.9232,0.0798,2.7925,0.6592,0.8062,0.8062,2.0345,0.4046,6.5564,0.3416,3292,Low to Medium,6103014.10742188,10499.4815232627
1915,554514,5545.14,6037554514,"Census Tract 5545.14, Los Angeles County, California",0.58167810708,4784,521,1574,226,1574,226,2.4066,0.4725,2.6772,0.5896,0.7783,0.7783,1.9975,0.3894,7.8596,0.5206,3293,Medium to High,16217395.0498047,21747.9897482986
1916,554515,5545.15,6037554515,"Census Tract 5545.15, Los Angeles County, California",0.46680812886,3341,441,1164,160,1076,175,0.8207,0.0623,2.0637,0.2545,0.7846,0.7846,2.0187,0.3985,5.6877,0.2251,3294,Low,13014977.5410156,16355.3457831494
1917,554516,5545.16,6037554516,"Census Tract 5545.16, Los Angeles County, California",0.56131856252,3872,681,1256,175,1215,178,1.767,0.2866,2.1462,0.2953,0.8501,0.8501,0.5485,0.0359,5.3118,0.1774,3295,Low,15649964.1767578,21523.3713044308
1918,554517,5545.17,6037554517,"Census Tract 5545.17, Los Angeles County, California",0.51037665074,4353,353,1423,121,1352,130,1.1161,0.1209,2.3756,0.4164,0.8368,0.8368,2.0583,0.4137,6.3868,0.3194,3296,Low to Medium,14229624.6230469,15920.2152380732
1919,554518,5545.18,6037554518,"Census Tract 5545.18, Los Angeles County, California",0.67541286182,5129,466,1594,117,1558,124,1.3702,0.1809,2.4902,0.4811,0.7906,0.7906,1.069,0.1085,5.72,0.2301,3297,Low,19455070.3935547,21288.7195020034
1920,554519,5545.19,6037554519,"Census Tract 5545.19, Los Angeles County, California",0.63453315427,3671,692,1238,156,1216,152,1.4923,0.2116,2.2023,0.3267,0.766,0.766,1.2591,0.1475,5.7197,0.23,3298,Low,18662536.4667969,19583.3297966511
1921,554521,5545.21,6037554521,"Census Tract 5545.21, Los Angeles County, California",1.8661112752,6072,732,1951,183,1863,197,2.0155,0.3573,2.9396,0.734,0.6197,0.6197,2.5385,0.6148,8.1133,0.5577,3299,Medium to High,53255326.4248047,38697.0337049192
1922,554522,5545.22,6037554522,"Census Tract 5545.22, Los Angeles County, California",0.83154556079,5104,656,1524,141,1495,144,1.3988,0.1884,2.4527,0.4609,0.8017,0.8017,1.7252,0.2851,6.3784,0.3181,3300,Low to Medium,23609086.2480469,20804.270857819
1923,554600,5546.00,6037554600,"Census Tract 5546, Los Angeles County, California",0.4071831692,4074,672,1308,132,1177,145,2.1748,0.4039,2.7099,0.609,0.7594,0.7594,3.3415,0.8938,8.9856,0.6753,3301,Medium to High,11352386.4150391,14572.4209172765
1924,554700,5547.00,6037554700,"Census Tract 5547, Los Angeles County, California",0.30943720078,4112,601,1010,94,956,103,3.0646,0.6625,2.5171,0.4997,0.9026,0.9026,1.9514,0.3729,8.4357,0.6006,3302,Medium to High,8627202.76757813,13803.126476734
1925,554801,5548.01,6037554801,"Census Tract 5548.01, Los Angeles County, California",0.34897520388,2964,416,784,110,739,116,3.1327,0.6803,2.8542,0.6935,0.842,0.842,1.962,0.3769,8.7909,0.65,3303,Medium to High,9729546.52539063,15143.6834688878
1926,554802,5548.02,6037554802,"Census Tract 5548.02, Los Angeles County, California",0.59284610743,6201,599,1859,239,1710,257,3.0914,0.6695,2.5508,0.5175,0.7511,0.7511,3.3673,0.9006,9.7606,0.772,3304,High,16528832.7441406,19175.121144692
1927,554900,5549.00,6037554900,"Census Tract 5549, Los Angeles County, California",0.67864337726,7291,678,2080,194,2045,186,2.6616,0.5463,3.0587,0.7911,0.6989,0.6989,3.4826,0.9278,9.9018,0.7902,3305,High,18920995.0292969,25776.2162776601
1928,555001,5550.01,6037555001,"Census Tract 5550.01, Los Angeles County, California",0.48742945057,5215,608,1557,160,1557,160,3.0883,0.6686,3.303,0.8907,0.7606,0.7606,2.8837,0.7594,10.0356,0.8069,3306,High,13869127.8476563,17435.4159830717
1929,555002,5550.02,6037555002,"Census Tract 5550.02, Los Angeles County, California",0.3419512363,3705,493,1193,165,1193,165,2.1851,0.4066,1.8747,0.1705,0.5843,0.5843,2.1398,0.4486,6.7839,0.376,3307,Low to Medium,9800320.21289063,12798.6687027977
1930,555105,5551.05,6037555105,"Census Tract 5551.05, Los Angeles County, California",0.42491374524,5667,692,1815,188,1664,190,2.9044,0.6177,2.4813,0.4761,0.8131,0.8131,2.2885,0.5099,8.4873,0.6061,3308,Medium to High,11847002.3017578,18475.8459452773
1931,555106,5551.06,6037555106,"Census Tract 5551.06, Los Angeles County, California",0.34047902937,2903,336,966,79,922,100,3.7569,0.8557,2.5676,0.5267,0.8729,0.8729,2.7205,0.6971,9.9179,0.7922,3309,High,9492930.03320313,14600.2743021693
1932,555107,5551.07,6037555107,"Census Tract 5551.07, Los Angeles County, California",0.46597067362,5990,603,1886,178,1844,161,3.0833,0.667,2.0661,0.2561,0.6653,0.6653,1.9414,0.3689,7.7561,0.5068,3310,Medium to High,13646789.6787109,18334.5862288124
1933,555202,5552.02,6037555202,"Census Tract 5552.02, Los Angeles County, California",0.41218859553,3965,763,1111,147,1104,147,1.3452,0.1739,1.8804,0.1722,0.3336,0.3336,1.1809,0.1308,4.7401,0.1172,3311,Low,11886564.0732422,17710.9316110307
1934,555211,5552.11,6037555211,"Census Tract 5552.11, Los Angeles County, California",0.30345918351,5835,545,1448,143,1397,140,3.6912,0.8381,3.1945,0.8497,0.9438,0.9438,2.7314,0.7013,10.5609,0.8683,3312,High,8460731.04492188,11821.0792377132
1935,555212,5552.12,6037555212,"Census Tract 5552.12, Los Angeles County, California",0.30096496459,5474,535,1436,168,1385,175,3.1141,0.6752,1.9964,0.2234,0.7346,0.7346,3.3676,0.9008,9.2127,0.7028,3313,Medium to High,8717767.05273438,14099.7621391084
1936,555300,5553.00,6037555300,"Census Tract 5553, Los Angeles County, California",0.66072785836,5195,801,1041,193,1011,198,2.9647,0.6357,2.9846,0.758,0.643,0.643,2.6319,0.6567,9.2242,0.7042,3314,Medium to High,18420967.3398438,20623.7741087046
1937,570001,5700.01,6037570001,"Census Tract 5700.01, Los Angeles County, California",0.59167235735,5017,584,1562,171,1540,173,2.3326,0.4519,2.0318,0.2402,0.5744,0.5744,1.8486,0.3327,6.7874,0.3766,3315,Low to Medium,16496177.2216797,17436.4226027627
1938,570002,5700.02,6037570002,"Census Tract 5700.02, Los Angeles County, California",0.30047461505,2501,308,819,73,792,75,1.6261,0.2495,1.8734,0.17,0.3968,0.3968,0.811,0.0643,4.7073,0.1142,3316,Low,8377397.28808594,11629.5539259449
1939,570003,5700.03,6037570003,"Census Tract 5700.03, Los Angeles County, California",0.44191844953,4011,532,1320,114,1275,120,1.6246,0.249,1.9095,0.1854,0.4383,0.4383,1.6778,0.2683,5.6502,0.2211,3317,Low,12320969.7353516,14213.518103831
1940,570100,5701.00,6037570100,"Census Tract 5701, Los Angeles County, California",0.44570302133,2982,582,754,74,699,73,2.7188,0.5638,2.9836,0.7576,0.6747,0.6747,2.9742,0.7907,9.3513,0.7183,3318,Medium to High,12426468.2011719,14656.5394138927
1941,570202,5702.02,6037570202,"Census Tract 5702.02, Los Angeles County, California",0.64591196631,6214,641,1758,230,1730,232,3.9526,0.9041,2.6932,0.5984,0.8904,0.8904,1.9997,0.3907,9.5359,0.741,3319,Medium to High,18008239.0625,19080.6403553218
1942,570203,5702.03,6037570203,"Census Tract 5702.03, Los Angeles County, California",0.50257352932,4069,589,1258,181,1200,183,4.1774,0.9503,2.7019,0.6035,0.9269,0.9269,3.2223,0.8631,11.0285,0.9176,3320,High,14011934.4091797,15898.4273884894
1943,570204,5702.04,6037570204,"Census Tract 5702.04, Los Angeles County, California",0.21161941738,4511,798,1332,178,1287,189,3.5719,0.8027,2.4545,0.4619,0.7783,0.7783,3.3307,0.8924,10.1354,0.8195,3321,High,5900050.96875,9857.7643201685
1944,570303,5703.03,6037570303,"Census Tract 5703.03, Los Angeles County, California",0.23184382625,4552,917,1318,201,1273,216,3.1986,0.6985,2.4421,0.4545,0.897,0.897,2.6232,0.6545,9.1609,0.697,3322,Medium to High,6631187.6796875,11564.9582276324
1945,570304,5703.04,6037570304,"Census Tract 5703.04, Los Angeles County, California",0.21079895063,4899,587,1490,161,1443,164,3.5938,0.8095,2.8666,0.7012,0.8729,0.8729,3.9553,0.9858,11.2886,0.9385,3323,High,6152458.76953125,13783.2819921557
1946,570305,5703.05,6037570305,"Census Tract 5703.05, Los Angeles County, California",0.2677802699,4060,846,1392,160,1343,175,3.6367,0.8222,2.6001,0.5421,0.8588,0.8588,3.6378,0.957,10.7334,0.8895,3324,High,7943279.36132813,17669.6661098664
1947,570306,5703.06,6037570306,"Census Tract 5703.06, Los Angeles County, California",0.17989187164,2906,525,892,180,892,180,2.9157,0.6218,2.395,0.4281,0.7523,0.7523,1.6954,0.2742,7.7584,0.507,3325,Medium to High,5015497.11230469,8854.7918412404
1948,570402,5704.02,6037570402,"Census Tract 5704.02, Los Angeles County, California",0.54748298345,3376,379,1026,117,999,123,3.5613,0.7997,2.9327,0.7307,0.9401,0.9401,1.9125,0.3567,9.3466,0.7179,3326,Medium to High,16319231.4580078,20197.399910461
1949,570403,5704.03,6037570403,"Census Tract 5704.03, Los Angeles County, California",0.22026887439,4196,478,1145,94,1060,108,3.3882,0.7504,2.8115,0.6706,0.9591,0.9591,2.9449,0.7805,10.1037,0.8162,3327,High,6141175.09375,10564.9741881856
1950,570404,5704.04,6037570404,"Census Tract 5704.04, Los Angeles County, California",0.31533876985,3980,769,926,122,889,119,3.717,0.8443,2.4568,0.4629,0.9318,0.9318,1.4385,0.1923,8.5441,0.615,3328,Medium to High,9317557.88183594,15596.866594152
1951,570502,5705.02,6037570502,"Census Tract 5705.02, Los Angeles County, California",0.77136461425,6027,592,1905,226,1883,229,3.4581,0.7716,3.4693,0.9373,0.8368,0.8368,3.2046,0.859,10.9688,0.9105,3329,High,21506057.9501953,19952.4514600237
1952,570503,5705.03,6037570503,"Census Tract 5705.03, Los Angeles County, California",0.20808658408,4624,1000,1212,263,1212,263,3.9329,0.8997,3.0754,0.7983,0.842,0.842,2.2833,0.5067,10.1336,0.8193,3330,High,5801545.45703125,9875.96749545472
1953,570504,5705.04,6037570504,"Census Tract 5705.04, Los Angeles County, California",0.36563627739,3838,675,997,103,997,103,3.8896,0.8905,3.362,0.909,0.8729,0.8729,1.2059,0.1357,9.3304,0.7158,3331,Medium to High,10194101.7890625,12940.7290002823
1954,570601,5706.01,6037570601,"Census Tract 5706.01, Los Angeles County, California",0.3013329198,5925,1073,1646,148,1576,169,3.833,0.8767,2.8245,0.6777,0.8815,0.8815,3.1227,0.8358,10.6617,0.8823,3332,High,8401349.31152344,12356.3285645949
1955,570602,5706.02,6037570602,"Census Tract 5706.02, Los Angeles County, California",0.40254840079,5692,603,1730,124,1715,130,3.5545,0.7979,2.9628,0.7469,0.8567,0.8567,2.1143,0.4379,9.4883,0.7348,3333,Medium to High,11223312.1210938,14077.57854249
1956,570603,5706.03,6037570603,"Census Tract 5706.03, Los Angeles County, California",0.28363670683,4964,564,1743,112,1659,115,3.2133,0.7014,3.0046,0.7675,0.8252,0.8252,4.0125,0.9884,11.0556,0.9198,3334,High,7908006.53417969,12116.9336038076
1957,570701,5707.01,6037570701,"Census Tract 5707.01, Los Angeles County, California",0.68606927702,7545,1074,2555,239,2542,240,2.1756,0.404,2.7709,0.6455,0.655,0.655,3.101,0.8291,8.7025,0.6373,3335,Medium to High,19149170.8164063,21080.575549835
1958,570703,5707.03,6037570703,"Census Tract 5707.03, Los Angeles County, California",0.35897215687,2826,213,945,51,933,53,1.3932,0.1867,2.6684,0.5842,0.6235,0.6235,1.5165,0.2139,6.2016,0.295,3336,Low to Medium,10008460.2285156,13310.784135447
1959,570800,5708.00,6037570800,"Census Tract 5708, Los Angeles County, California",0.92416563906,5364,635,1732,128,1662,132,1.1288,0.1233,1.6268,0.1012,0.4047,0.4047,1.7619,0.2993,4.9222,0.1352,3337,Low,25773973.6308594,20441.3178274455
1960,570901,5709.01,6037570901,"Census Tract 5709.01, Los Angeles County, California",0.70100563289,5684,767,1792,175,1732,185,2.1986,0.4115,1.9678,0.21,0.4253,0.4253,0.9808,0.0898,5.5725,0.2098,3338,Low,19544560.5234375,18513.6941941054
1961,570902,5709.02,6037570902,"Census Tract 5709.02, Los Angeles County, California",0.40764803601,3395,519,1181,134,1137,139,1.512,0.217,2.0799,0.2612,0.4118,0.4118,1.3914,0.1779,5.3951,0.188,3339,Low,11365545.6669922,14170.0210840909
1962,571000,5710.00,6037571000,"Census Tract 5710, Los Angeles County, California",0.67729047585,5437,458,1933,160,1814,132,1.069,0.1106,2.3411,0.3972,0.3492,0.3492,0.4915,0.0305,4.2508,0.0721,3340,Low,18883494.7519531,17797.5783949565
1963,571101,5711.01,6037571101,"Census Tract 5711.01, Los Angeles County, California",0.51109364215,4922,678,1623,213,1595,216,0.7155,0.0448,1.4064,0.0615,0.326,0.326,0.8731,0.0716,3.321,0.0203,3341,Low,14249746.3642578,15900.5871461265
1964,571102,5711.02,6037571102,"Census Tract 5711.02, Los Angeles County, California",0.48555029214,3450,311,1216,100,1178,96,1.2934,0.1633,1.6015,0.0969,0.3173,0.3173,1.1802,0.1306,4.3924,0.0827,3342,Low,13537623.4746094,15649.7855792312
1965,571201,5712.01,6037571201,"Census Tract 5712.01, Los Angeles County, California",0.5039217975,3884,780,1445,209,1427,211,1.3844,0.1846,3.3329,0.8999,0.2739,0.2739,1.473,0.2023,6.4642,0.3282,3343,Low to Medium,14049861.3613281,15898.1418805512
1966,571202,5712.02,6037571202,"Census Tract 5712.02, Los Angeles County, California",0.50487855826,4028,640,1688,211,1603,195,2.3857,0.4672,1.6681,0.1089,0.417,0.417,2.0312,0.4032,6.502,0.3334,3344,Low to Medium,14076474.8632813,16101.9694783668
1967,571300,5713.00,6037571300,"Census Tract 5713, Los Angeles County, California",0.79290061161,4258,409,1518,172,1449,181,1.2043,0.1414,2.1862,0.3181,0.4504,0.4504,1.2779,0.151,5.1188,0.1576,3345,Low,22571659.5566406,19074.6849053673
1968,571400,5714.00,6037571400,"Census Tract 5714, Los Angeles County, California",0.73798223533,4761,584,1723,221,1684,218,1.7726,0.2888,2.6103,0.548,0.548,0.548,2.0683,0.4175,6.9992,0.4064,3346,Low to Medium,20659473.0332031,24614.6029025276
1969,571502,5715.02,6037571502,"Census Tract 5715.02, Los Angeles County, California",0.5307165041,4779,842,1887,170,1780,162,3.009,0.6467,3.3681,0.9106,0.6449,0.6449,2.9464,0.7814,9.9684,0.7974,3347,High,14822500.3046875,16163.2407355889
1970,571504,5715.04,6037571504,"Census Tract 5715.04, Los Angeles County, California",0.58365996865,4901,947,2082,354,2001,350,2.4635,0.4901,2.076,0.2601,0.4659,0.4659,1.8959,0.3514,6.9013,0.393,3348,Low to Medium,16273015.1074219,16683.9630644255
1971,571505,5715.05,6037571505,"Census Tract 5715.05, Los Angeles County, California",0.25320800821,3034,723,957,115,919,126,2.2703,0.4347,2.4289,0.4474,0.7523,0.7523,1.0503,0.1045,6.5018,0.3333,3349,Low to Medium,7059647.86328125,11043.6636491318
1972,571600,5716.00,6037571600,"Census Tract 5716, Los Angeles County, California",0.11156185629,2314,378,856,103,845,105,3.4888,0.7801,3.5622,0.9564,0.905,0.905,2.5729,0.6308,10.5289,0.865,3350,High,3110452.62207031,9709.99117722237
1973,571701,5717.01,6037571701,"Census Tract 5717.01, Los Angeles County, California",0.66284987495,6647,1565,1762,142,1724,147,4.0629,0.9294,2.9649,0.7476,0.8305,0.8305,2.5495,0.6206,10.4078,0.8519,3351,High,20578554.4833984,24661.2374148675
1974,571703,5717.03,6037571703,"Census Tract 5717.03, Los Angeles County, California",0.15346743686,3367,476,1045,100,998,95,3.2363,0.7081,3.0992,0.8072,0.8848,0.8848,3.5565,0.9435,10.7768,0.8942,3352,High,4278800.19824219,9704.98900082281
1975,571704,5717.04,6037571704,"Census Tract 5717.04, Los Angeles County, California",0.18594170387,4026,643,1220,165,1220,165,3.6536,0.827,2.5542,0.5197,0.8336,0.8336,2.5546,0.6229,9.596,0.7498,3353,Medium to High,5184206.99902344,11196.166999461
1976,571800,5718.00,6037571800,"Census Tract 5718, Los Angeles County, California",1.0253984946,3176,490,1332,121,1250,116,1.4862,0.2093,3.0112,0.7704,0.3534,0.3534,2.4488,0.5772,7.2996,0.4443,3354,Low to Medium,30573904.5546875,26529.2248077668
1977,571900,5719.00,6037571900,"Census Tract 5719, Los Angeles County, California",0.74716876022,5403,890,2300,197,2167,201,2.3941,0.4698,2.3515,0.403,0.4208,0.4208,1.8159,0.3189,6.9823,0.4043,3355,Low to Medium,20831828.7324219,23761.211102004
1978,572001,5720.01,6037572001,"Census Tract 5720.01, Los Angeles County, California",0.65475022719,6201,808,2291,270,2179,295,2.067,0.3735,2.3528,0.4041,0.3847,0.3847,1.503,0.2095,6.3075,0.3073,3356,Low to Medium,18255190.7158203,19490.300770542
1979,572201,5722.01,6037572201,"Census Tract 5722.01, Los Angeles County, California",0.5941333715,6038,1070,2001,246,2001,246,3.7903,0.8651,2.3792,0.4184,0.7051,0.7051,3.1115,0.8327,9.9861,0.7992,3357,High,16791606.4707031,18493.9293342025
1980,572202,5722.02,6037572202,"Census Tract 5722.02, Los Angeles County, California",0.587878133,3297,360,1069,93,1036,107,1.8134,0.3008,2.6655,0.5825,0.7272,0.7272,2.3975,0.5557,7.6036,0.4849,3358,Low to Medium,16713607.2421875,17970.0618967848
1981,572301,5723.01,6037572301,"Census Tract 5723.01, Los Angeles County, California",0.31630904417,3764,484,972,79,913,89,3.772,0.8593,2.6901,0.5963,0.8872,0.8872,2.8861,0.761,10.2354,0.8322,3359,High,8819127.54199219,19342.7897588531
1982,572500,5725.00,6037572500,"Census Tract 5725, Los Angeles County, California",0.22884458591,3973,677,1422,226,1404,227,3.5522,0.7968,4.1979,0.9994,0.7978,0.7978,3.5083,0.9337,12.0562,0.9809,3360,High,6380483.73925781,10650.1261222441
1983,572600,5726.00,6037572600,"Census Tract 5726, Los Angeles County, California",0.47233479288,5058,643,1249,119,1182,133,3.3082,0.7277,2.3762,0.4168,0.9318,0.9318,2.5487,0.6203,9.1649,0.6974,3361,Medium to High,13700119.1855469,15732.4354010065
1984,572700,5727.00,6037572700,"Census Tract 5727, Los Angeles County, California",0.38699621223,4850,641,1339,141,1328,142,3.0191,0.6497,2.1468,0.2957,0.9417,0.9417,2.4535,0.579,8.5611,0.6166,3362,Medium to High,11565994.703125,14017.5144784052
1985,573002,5730.02,6037573002,"Census Tract 5730.02, Los Angeles County, California",0.12529202951,3721,526,1144,83,1071,102,4.3031,0.9681,2.4436,0.4556,0.8833,0.8833,2.4089,0.5612,10.0389,0.8077,3363,High,3493340.04296875,7924.94116587868
1986,573003,5730.03,6037573003,"Census Tract 5730.03, Los Angeles County, California",0.1548855895,1788,241,642,68,596,56,3.1225,0.6772,1.8021,0.144,0.6449,0.6449,2.2739,0.5027,7.8434,0.5186,3364,Medium to High,4824001.88183594,9050.00845754148
1987,573004,5730.04,6037573004,"Census Tract 5730.04, Los Angeles County, California",0.15865433113,4866,988,1691,224,1599,217,3.3885,0.7505,2.7941,0.6608,0.8467,0.8467,3.3225,0.8904,10.3518,0.8461,3365,High,4423554.49902344,8641.32184669941
1988,573101,5731.01,6037573101,"Census Tract 5731.01, Los Angeles County, California",0.20338154511,4741,1043,1453,256,1407,260,4.1772,0.9502,2.4564,0.4627,0.842,0.842,3.1129,0.8332,10.5885,0.8721,3366,High,5670599.1953125,11227.3824292141
1989,573102,5731.02,6037573102,"Census Tract 5731.02, Los Angeles County, California",0.2368921099,2785,564,1029,87,999,99,2.4681,0.4916,1.752,0.1303,0.7257,0.7257,1.8345,0.3258,6.7803,0.3753,3367,Low to Medium,7172019.3359375,12339.3452457446
1990,573201,5732.01,6037573201,"Census Tract 5732.01, Los Angeles County, California",0.23220019839,4339,714,1344,146,1247,118,3.8856,0.8897,3.0294,0.7788,0.9026,0.9026,3.6754,0.9619,11.493,0.9518,3368,High,6474110.96484375,10368.0924443037
1991,573202,5732.02,6037573202,"Census Tract 5732.02, Los Angeles County, California",0.25059525598,6348,1096,1730,184,1670,194,3.9295,0.8982,2.8494,0.6916,0.9286,0.9286,3.3151,0.8878,11.0226,0.9167,3369,High,6987063.91503906,10572.6479415948
1992,573300,5733.00,6037573300,"Census Tract 5733, Los Angeles County, California",0.303320959,4112,563,1057,89,1030,94,4.2949,0.9669,2.953,0.7416,0.9165,0.9165,2.8389,0.7416,11.0033,0.9136,3370,High,8457085.60449219,13243.1045611148
1993,573401,5734.01,6037573401,"Census Tract 5734.01, Los Angeles County, California",0.39995070654,1458,280,572,99,556,96,2.116,0.3876,3.2501,0.8708,0.6152,0.6152,1.7117,0.2798,7.693,0.4972,3371,Low to Medium,11199027.4394531,18583.2258991787
1994,573402,5734.02,6037573402,"Census Tract 5734.02, Los Angeles County, California",1.1441947441,6778,705,2717,259,2572,230,3.2433,0.7097,1.6276,0.1014,0.6163,0.6163,3.3938,0.9077,8.881,0.6624,3372,Medium to High,31901908.7353516,34539.8953713188
1995,573403,5734.03,6037573403,"Census Tract 5734.03, Los Angeles County, California",0.64276832383,3194,523,1411,221,1368,226,1.2647,0.1559,1.4294,0.0651,0.5336,0.5336,1.2438,0.1436,4.4715,0.091,3373,Low,17921371.4042969,26864.0221154141
1996,573601,5736.01,6037573601,"Census Tract 5736.01, Los Angeles County, California",1.438211031,6522,715,2342,293,2285,272,1.2009,0.1407,1.8215,0.1503,0.3226,0.3226,0.6664,0.045,4.0114,0.0558,3374,Low,40117908.3125,32332.8380196584
1997,573700,5737.00,6037573700,"Census Tract 5737, Los Angeles County, California",0.70157822216,5091,628,1724,165,1696,167,1.0508,0.107,1.8234,0.1508,0.3547,0.3547,0.8902,0.0747,4.1191,0.0631,3375,Low,19580898.2949219,18415.1809230763
1998,573800,5738.00,6037573800,"Census Tract 5738, Los Angeles County, California",0.59228587343,4335,482,1545,143,1511,151,1.1804,0.1366,2.4122,0.4376,0.2241,0.2241,0.5687,0.0371,4.3854,0.0817,3376,Low,16513664.4003906,17866.6016608531
1999,573902,5739.02,6037573902,"Census Tract 5739.02, Los Angeles County, California",0.27032197936,1981,209,911,102,874,108,0.3696,0.0092,2.282,0.3668,0.2731,0.2731,1.3713,0.1732,4.296,0.0744,3377,Low,7662023.73828125,13898.2522961599
2000,574000,5740.00,6037574000,"Census Tract 5740, Los Angeles County, California",0.70266509929,5086,511,1988,182,1924,189,0.7335,0.0477,1.4598,0.0695,0.24,0.24,0.7569,0.0573,3.1902,0.0167,3378,Low,19591244.6142578,19153.3221291497
2001,574100,5741.00,6037574100,"Census Tract 5741, Los Angeles County, California",0.70639175579,5058,667,1839,154,1809,168,1.0474,0.106,1.7903,0.1409,0.2903,0.2903,1.2524,0.1459,4.3804,0.0814,3379,Low,19798567.2304688,20329.7158542944
2002,574201,5742.01,6037574201,"Census Tract 5742.01, Los Angeles County, California",0.49385804887,3001,407,1099,138,1036,101,1.1507,0.1302,2.6747,0.5887,0.296,0.296,1.2543,0.1466,5.3757,0.185,3380,Low,13937005.1455078,15839.760383704
2003,574202,5742.02,6037574202,"Census Tract 5742.02, Los Angeles County, California",0.51602648131,2400,331,757,81,757,81,0.9426,0.0839,2.4125,0.4378,0.4037,0.4037,2.1358,0.4473,5.8946,0.256,3381,Low to Medium,14420010.2421875,19923.6402345814
2004,574300,5743.00,6037574300,"Census Tract 5743, Los Angeles County, California",0.94630704435,5942,1173,2238,313,2182,301,1.3859,0.185,1.5647,0.0895,0.1646,0.1646,2.0502,0.4108,5.1654,0.1621,3382,Low,26708526.7519531,25331.4991221479
2005,574400,5744.00,6037574400,"Census Tract 5744, Los Angeles County, California",1.2862034458,5509,700,1978,212,1978,212,0.9152,0.078,2.3024,0.3769,0.2101,0.2101,0.9402,0.0827,4.3679,0.0805,3383,Low,36606689.1542969,24464.7911638735
2006,574500,5745.00,6037574500,"Census Tract 5745, Los Angeles County, California",0.98428596758,6625,578,2320,187,2237,170,0.8608,0.0693,1.8966,0.1801,0.2286,0.2286,1.4207,0.1866,4.4067,0.0848,3384,Low,29317538.3369141,25100.525622537
2007,574602,5746.02,6037574602,"Census Tract 5746.02, Los Angeles County, California",0.22172139011,1273,210,583,105,562,107,0.6425,0.0357,1.9538,0.2041,0.2663,0.2663,1.0818,0.1114,3.9444,0.0503,3385,Low,6356869.66796875,10119.2011220256
2008,574800,5748.00,6037574800,"Census Tract 5748, Los Angeles County, California",0.42782765704,3069,473,1596,241,1528,238,2.0188,0.3591,1.3096,0.0494,0.2518,0.2518,2.0147,0.3962,5.5949,0.2123,3386,Low,11928656.3447266,15300.5195380533
2009,574901,5749.01,6037574901,"Census Tract 5749.01, Los Angeles County, California",0.51791104517,3897,533,1400,144,1360,153,1.2981,0.1649,1.447,0.067,0.24,0.24,1.1133,0.1183,4.0984,0.0616,3387,Low,14440218.0195313,16979.3265618092
2010,574902,5749.02,6037574902,"Census Tract 5749.02, Los Angeles County, California",0.31016268644,5481,711,1888,161,1743,167,3.1608,0.6874,1.2045,0.0389,0.4917,0.4917,3.2544,0.8729,8.1114,0.5574,3388,Medium to High,8647872.91015625,13140.9026238503
2011,575001,5750.01,6037575001,"Census Tract 5750.01, Los Angeles County, California",0.37647570494,4283,767,1839,173,1769,186,3.1824,0.6945,1.4458,0.0668,0.6152,0.6152,1.8205,0.3206,7.0639,0.4131,3389,Low to Medium,10496782.3007813,18231.3135918581
2012,575002,5750.02,6037575002,"Census Tract 5750.02, Los Angeles County, California",0.37259460763,4583,418,2084,188,1914,186,2.5983,0.5292,1.7916,0.1413,0.4372,0.4372,2.5442,0.6182,7.3713,0.4524,3390,Low to Medium,10388610.8134766,14929.1009529367
2013,575101,5751.01,6037575101,"Census Tract 5751.01, Los Angeles County, California",0.16234469404,4231,643,1588,169,1516,177,3.9592,0.9056,2.8813,0.7079,0.7906,0.7906,2.5533,0.6221,10.1844,0.8264,3391,High,4526448.29394531,10168.4825983948
2014,575102,5751.02,6037575102,"Census Tract 5751.02, Los Angeles County, California",0.15674042351,4066,484,1303,155,1287,158,4.0139,0.9193,2.635,0.5632,0.8711,0.8711,3.3907,0.9066,10.9107,0.9053,3392,High,4370208.00292969,9258.17253897574
2015,575103,5751.03,6037575103,"Census Tract 5751.03, Los Angeles County, California",0.18537838106,5131,631,2171,288,2090,297,4.0146,0.9194,2.4728,0.4712,0.7272,0.7272,2.7985,0.727,10.0131,0.8038,3393,High,5168694.59863281,9179.63540841684
2016,575201,5752.01,6037575201,"Census Tract 5752.01, Los Angeles County, California",0.21876423489,4745,728,1374,128,1239,133,4.0447,0.926,3.1931,0.8492,0.9381,0.9381,3.9036,0.9831,12.0795,0.9821,3394,High,6099515.56445313,10557.1250424837
2017,575202,5752.02,6037575202,"Census Tract 5752.02, Los Angeles County, California",0.15602111549,3796,444,1211,97,1113,96,4.543,0.9924,3.5561,0.9552,0.9269,0.9269,2.5704,0.6296,11.5964,0.9595,3395,High,4350166.34863281,9234.07334373747
2018,575300,5753.00,6037575300,"Census Tract 5753, Los Angeles County, California",0.25021919263,4382,781,1317,161,1250,168,4.4589,0.9856,3.5268,0.9506,0.8579,0.8579,4.2401,0.9962,13.0837,0.9994,3396,High,6976557.9921875,10568.6410265316
2019,575401,5754.01,6037575401,"Census Tract 5754.01, Los Angeles County, California",0.3171631018,4602,643,1340,237,1270,239,4.5967,0.996,3.3899,0.9176,0.8711,0.8711,3.7244,0.9674,12.5821,0.9942,3397,High,9580217.625,12588.8704397213
2020,575402,5754.02,6037575402,"Census Tract 5754.02, Los Angeles County, California",0.12502175811,3935,501,1137,175,1068,180,4.1467,0.9449,3.4436,0.931,0.9493,0.9493,4.3141,0.9981,12.8537,0.9977,3398,High,3485864.38769531,7932.4838618437
2021,575801,5758.01,6037575801,"Census Tract 5758.01, Los Angeles County, California",0.14845969392,2240,468,792,164,755,163,3.7994,0.8683,3.4284,0.927,0.8131,0.8131,3.2667,0.8764,11.3076,0.9403,3399,High,4695994.75292969,8615.54580489607
2022,575802,5758.02,6037575802,"Census Tract 5758.02, Los Angeles County, California",0.12391596198,5499,773,1755,187,1673,180,4.7007,0.9992,2.9637,0.7473,0.7906,0.7906,3.9216,0.9846,12.3766,0.9909,3400,High,3454989.84667969,7901.9356559852
2023,575803,5758.03,6037575803,"Census Tract 5758.03, Los Angeles County, California",0.077061712078,3205,488,1350,211,1282,213,4.0334,0.9233,3.9534,0.9944,0.6565,0.6565,3.5296,0.9384,12.1729,0.9843,3401,High,2148618.94824219,6905.1988521598
2024,575901,5759.01,6037575901,"Census Tract 5759.01, Los Angeles County, California",0.16124082842,3695,570,1620,235,1483,233,4.2196,0.9566,2.8059,0.6679,0.7405,0.7405,2.555,0.6232,10.321,0.8428,3402,High,5227773.76367188,9697.10927523277
2025,575902,5759.02,6037575902,"Census Tract 5759.02, Los Angeles County, California",0.13533492863,5411,646,3346,310,3019,308,3.7838,0.8638,2.1015,0.2715,0.4963,0.4963,2.6012,0.6425,8.9828,0.6748,3403,Medium to High,3773423.02929688,7831.6090228033
2026,576001,5760.01,6037576001,"Census Tract 5760.01, Los Angeles County, California",0.69596661569,5416,780,4004,411,3298,375,2.271,0.4349,0.564,0.0076,0.3413,0.3413,3.2179,0.8615,6.3942,0.3202,3404,Low to Medium,33871714.6396484,26767.7559296144
2027,576200,5762.00,6037576200,"Census Tract 5762, Los Angeles County, California",0.26898143322,5079,523,3272,308,3010,314,4.1054,0.9366,2.238,0.347,0.5237,0.5237,3.3837,0.9043,10.2508,0.8348,3405,High,7499840.90136719,11216.6426901752
2028,576301,5763.01,6037576301,"Census Tract 5763.01, Los Angeles County, California",0.21179084667,4409,739,1965,186,1846,190,3.7418,0.8509,3.018,0.7735,0.7728,0.7728,2.728,0.6999,10.2606,0.836,3406,High,5905119.92871094,9753.97341091756
2029,576302,5763.02,6037576302,"Census Tract 5763.02, Los Angeles County, California",0.12498507842,3526,420,1244,136,1115,126,4.5041,0.9901,2.8195,0.675,0.8026,0.8026,3.4256,0.9145,11.5518,0.9555,3407,High,3484769.05273438,7919.6139713607
2030,576401,5764.01,6037576401,"Census Tract 5764.01, Los Angeles County, California",0.12510477004,5172,781,1334,170,1307,175,4.2509,0.9615,3.8385,0.9874,0.8884,0.8884,2.6949,0.6851,11.6727,0.9636,3408,High,3488157.55761719,7928.1387231827
2031,576402,5764.02,6037576402,"Census Tract 5764.02, Los Angeles County, California",0.1252704078,4805,717,1412,137,1335,156,4.3785,0.9771,3.0897,0.8035,0.8521,0.8521,4.2953,0.9979,12.6156,0.9949,3409,High,3492769.50585938,7930.52752550604
2032,576403,5764.03,6037576403,"Census Tract 5764.03, Los Angeles County, California",0.12530631528,5043,921,1463,137,1381,147,4.4296,0.9831,2.8804,0.7071,0.7813,0.7813,3.3856,0.9045,11.4769,0.9508,3410,High,3493768.51464844,7935.17240135584
2033,576501,5765.01,6037576501,"Census Tract 5765.01, Los Angeles County, California",0.11249969805,2986,477,1546,148,1372,144,4.2725,0.9641,3.2661,0.8771,0.6414,0.6414,3.364,0.8997,11.544,0.9548,3411,High,3136718.55273438,7291.40500124422
2034,576502,5765.02,6037576502,"Census Tract 5765.02, Los Angeles County, California",0.11876922232,5176,1094,2180,224,2029,223,3.1704,0.6899,2.3185,0.3851,0.6541,0.6541,3.2221,0.863,9.3651,0.7196,3412,Medium to High,3311538.63378906,8030.26819574032
2035,576503,5765.03,6037576503,"Census Tract 5765.03, Los Angeles County, California",0.12038003987,3941,358,1856,124,1799,136,3.1239,0.6779,1.4934,0.0751,0.5365,0.5365,3.2413,0.8693,8.3951,0.595,3413,Medium to High,3356437.58984375,7911.51439917561
2036,576601,5766.01,6037576601,"Census Tract 5766.01, Los Angeles County, California",0.188417776,3758,546,2867,203,2577,219,3.3653,0.7448,1.5028,0.077,0.3163,0.3163,2.5421,0.6166,7.7265,0.503,3414,Medium to High,5291865.74707031,11623.9648145147
2037,576602,5766.02,6037576602,"Census Tract 5766.02, Los Angeles County, California",0.21613796909,4781,607,2979,329,2716,350,2.5157,0.505,1.5428,0.0853,0.3368,0.3368,2.5948,0.6391,6.9901,0.4054,3415,Low to Medium,53759613.6269531,44322.7107028368
2038,576700,5767.00,6037576700,"Census Tract 5767, Los Angeles County, California",0.33089945265,4015,623,2256,209,1939,232,2.3832,0.4666,1.1423,0.0335,0.2504,0.2504,2.5617,0.6263,6.3376,0.3117,3416,Low to Medium,26999985.2714844,32291.0458949633
2039,576801,5768.01,6037576801,"Census Tract 5768.01, Los Angeles County, California",0.19853055958,3699,546,2021,152,1773,197,2.7132,0.5624,2.1783,0.314,0.5025,0.5025,2.5395,0.6154,7.9335,0.5314,3417,Medium to High,5535431.51757813,9955.33666989337
2040,576802,5768.02,6037576802,"Census Tract 5768.02, Los Angeles County, California",0.1806189017,3938,597,1911,135,1765,148,2.8501,0.6015,1.5409,0.0847,0.4431,0.4431,2.4557,0.5799,7.2898,0.4428,3418,Low to Medium,5036017.56445313,9265.78522901338
2041,576901,5769.01,6037576901,"Census Tract 5769.01, Los Angeles County, California",0.17177484929,4992,743,1950,207,1764,219,4.4265,0.9828,2.2095,0.3302,0.6989,0.6989,3.0742,0.821,10.4091,0.8523,3419,High,4789418.515625,9246.30169739156
2042,576903,5769.03,6037576903,"Census Tract 5769.03, Los Angeles County, California",0.12536963601,3327,543,1414,159,1275,174,3.638,0.8225,2.362,0.4089,0.7257,0.7257,3.7989,0.9752,10.5246,0.8643,3420,High,3495520.22851563,7937.92527939337
2043,576904,5769.04,6037576904,"Census Tract 5769.04, Los Angeles County, California",0.14134730898,3050,477,1286,153,1225,156,3.3312,0.7341,2.0721,0.2583,0.5664,0.5664,2.5234,0.6086,8.4931,0.6067,3421,Medium to High,3941030.99511719,8609.28980442584
2044,577000,5770.00,6037577000,"Census Tract 5770, Los Angeles County, California",0.7128218985,7064,844,3303,296,3258,300,2.4273,0.4787,1.271,0.0453,0.4551,0.4551,2.2978,0.5143,6.4512,0.3259,3422,Low to Medium,19901761.9658203,21697.8516355559
2045,577100,5771.00,6037577100,"Census Tract 5771, Los Angeles County, California",0.4692679847,6966,970,3370,291,3237,303,2.0716,0.3752,1.0996,0.0308,0.2825,0.2825,2.2609,0.498,5.7146,0.2292,3423,Low,13084152.4140625,14526.3879146767
2046,577200,5772.00,6037577200,"Census Tract 5772, Los Angeles County, California",0.38844872796,5758,733,3443,403,3178,373,2.6979,0.558,1.0836,0.0302,0.2294,0.2294,2.1213,0.4413,6.1322,0.2878,3424,Low to Medium,37876203.1015625,39420.7306907849
2047,577300,5773.00,6037577300,"Census Tract 5773, Los Angeles County, California",0.34984509169,5594,579,3849,475,3641,473,1.9996,0.3529,0.9832,0.0241,0.1993,0.1993,0.9957,0.0934,4.1778,0.0671,3425,Low,34606159.5488281,29195.8276496545
2048,577400,5774.00,6037577400,"Census Tract 5774, Los Angeles County, California",0.24917671723,2771,459,1668,101,1447,146,1.5944,0.2406,1.0347,0.0275,0.07,0.07,1.7941,0.3116,4.4932,0.0939,3426,Low,6947575.859375,11864.4558512455
2049,577501,5775.01,6037577501,"Census Tract 5775.01, Los Angeles County, California",0.32014767026,3398,348,1906,188,1710,144,1.4526,0.2015,2.1715,0.3099,0.0847,0.0847,1.5079,0.2108,5.2167,0.1666,3427,Low,14662833.0332031,15478.6242748484
2050,577504,5775.04,6037577504,"Census Tract 5775.04, Los Angeles County, California",0.15900298123,1420,236,820,100,763,101,1.178,0.1357,1.625,0.1008,0.0997,0.0997,1.1669,0.1276,4.0696,0.06,3428,Low,43614038.484375,36835.2350211767
2051,577602,5776.02,6037577602,"Census Tract 5776.02, Los Angeles County, California",0.50964653186,3016,276,1594,115,1493,137,1.3776,0.1827,1.7571,0.1312,0.2036,0.2036,2.2539,0.4945,5.5922,0.212,3429,Low,14955763.9628906,17327.6976692149
2052,577604,5776.04,6037577604,"Census Tract 5776.04, Los Angeles County, California",0.33457321318,1632,474,868,125,789,136,0.6189,0.0318,1.3808,0.0573,0.0865,0.0865,1.0386,0.1016,3.1248,0.0143,3430,Low,16450250.8037109,29070.5221674356
2053,577605,5776.05,6037577605,"Census Tract 5776.05, Los Angeles County, California",0.58875381233,4301,444,2107,148,2054,137,1.5766,0.2348,1.6715,0.1095,0.1626,0.1626,1.0313,0.1004,4.442,0.0886,3431,Low,19627861.4697266,19916.3376799169
2054,577606,5776.06,6037577606,"Census Tract 5776.06, Los Angeles County, California",0.44697677183,4067,953,1769,301,1536,289,0.6146,0.0316,2.0481,0.2477,0.1691,0.1691,1.2247,0.1392,4.0565,0.0583,3432,Low,12462583.296875,17502.187753416
2055,577700,5777.00,6037577700,"Census Tract 5777, Los Angeles County, California",0.45177177257,4516,563,1244,195,1214,196,2.6867,0.555,2.8162,0.6729,0.9511,0.9511,1.6982,0.275,8.1522,0.5629,3433,Medium to High,13544904.9248047,18946.234223819
2056,577800,5778.00,6037577800,"Census Tract 5778, Los Angeles County, California",0.65314095406,4659,679,1399,192,1322,202,1.8126,0.3004,2.7962,0.6614,0.662,0.662,1.3461,0.1663,6.6169,0.3504,3434,Low to Medium,18927236.8681641,22581.9541668897
2057,577900,5779.00,6037577900,"Census Tract 5779, Los Angeles County, California",0.66494602271,5754,508,2588,290,2463,282,2.6811,0.5533,2.8227,0.6767,0.5025,0.5025,3.018,0.8054,9.0243,0.681,3435,Medium to High,19068001.9746094,21080.8138248134
2058,578000,5780.00,6037578000,"Census Tract 5780, Los Angeles County, California",0.68427930815,6380,862,1596,171,1569,172,4.3948,0.9797,3.517,0.9485,0.892,0.892,3.5627,0.9446,12.3665,0.9905,3436,High,19879882.0517578,22544.0252131239
2059,578100,5781.00,6037578100,"Census Tract 5781, Los Angeles County, California",0.66315335112,2371,334,0,13,0,13,1.7766,0.2901,0.1775,0.0015,0.2768,0.2768,-999,-999,-999,-999,3437,,18489959.2353516,19002.073880466
2060,599000,5990.00,6037599000,"Census Tract 5990, Los Angeles County, California",1.2260491403,3696,68,2398,240,1637,196,2.4218,0.4771,2.5084,0.4949,0.3858,0.3858,3.6357,0.9569,8.9517,0.6711,3438,Medium to High,41403738.8740234,30722.6595255907
2061,599100,5991.00,6037599100,"Census Tract 5991, Los Angeles County, California",130.25235604,710,497,179,68,79,46,1.0163,0.099,1.4982,0.076,0.1272,0.1272,2.4564,0.5802,5.0981,0.1548,3439,Low,15464609830.1406,778160.940986669
2062,600100,6001.00,6037600100,"Census Tract 6001, Los Angeles County, California",0.29250353926,7419,1020,2266,227,2193,232,4.4318,0.9834,3.1703,0.8391,0.9893,0.9893,2.7671,0.7156,11.3585,0.9437,3440,High,8154795.44140625,12355.0287872477
2063,600201,6002.01,6037600201,"Census Tract 6002.01, Los Angeles County, California",0.22614187191,4720,893,1431,150,1305,172,4.1085,0.9372,3.1313,0.823,0.9624,0.9624,2.7971,0.7263,10.9993,0.9134,3441,High,6304691.20507813,11426.6774102237
2064,600202,6002.02,6037600202,"Census Tract 6002.02, Los Angeles County, California",0.3201372455,7857,1384,2292,310,2220,313,4.3673,0.9755,4.1016,0.9979,0.9469,0.9469,2.9696,0.7898,12.3854,0.9913,3442,High,8925264.92285156,14579.082558635
2065,600302,6003.02,6037600302,"Census Tract 6003.02, Los Angeles County, California",0.31638858119,3074,393,1082,104,977,114,3.2512,0.7128,2.7765,0.6494,0.9948,0.9948,1.4777,0.2034,8.5002,0.6075,3443,Medium to High,8820765.8046875,11976.5298969738
2066,600303,6003.03,6037600303,"Census Tract 6003.03, Los Angeles County, California",0.14074846477,4038,840,1351,175,1262,185,4.4893,0.9884,3.4997,0.9451,0.9528,0.9528,2.852,0.7478,11.7938,0.9696,3444,High,3924007.67578125,9114.64327956065
2067,600304,6003.04,6037600304,"Census Tract 6003.04, Los Angeles County, California",0.17210844142,4010,567,1143,109,1046,117,4.0285,0.9222,3.3711,0.9116,0.9936,0.9936,2.5733,0.6312,10.9665,0.9103,3445,High,4798305.85742188,9662.2402888702
2068,600400,6004.00,6037600400,"Census Tract 6004, Los Angeles County, California",0.37910583176,4070,614,1516,184,1453,180,2.851,0.6018,2.7194,0.6135,0.9574,0.9574,3.4602,0.9223,9.988,0.7996,3446,High,10569326.8652344,16007.0577116449
2069,600501,6005.01,6037600501,"Census Tract 6005.01, Los Angeles County, California",0.25369835775,2767,414,910,91,869,94,1.624,0.2485,3.1903,0.8479,0.9666,0.9666,1.8713,0.3416,7.6522,0.4909,3447,Low to Medium,7073018.68847656,10722.3591250174
2070,600601,6006.01,6037600601,"Census Tract 6006.01, Los Angeles County, California",0.24974274276,2456,276,928,69,881,72,2.3292,0.451,2.5359,0.5097,0.978,0.978,1.3746,0.1741,7.2177,0.4337,3448,Low to Medium,6962718.89160156,10542.6110970346
2071,600602,6006.02,6037600602,"Census Tract 6006.02, Los Angeles County, California",0.26651694415,2795,622,779,85,704,94,3.8214,0.8741,3.3999,0.9204,0.9457,0.9457,2.4105,0.562,10.5775,0.8707,3449,High,7430325.73046875,10861.6364976113
2072,600702,6007.02,6037600702,"Census Tract 6007.02, Los Angeles County, California",0.9216826171,4703,919,1664,222,1598,204,1.8875,0.3224,2.4178,0.4412,0.9269,0.9269,2.1302,0.4451,7.3624,0.4516,3450,Low to Medium,26162751.8525391,24173.2118130509
2073,600703,6007.03,6037600703,"Census Tract 6007.03, Los Angeles County, California",0.20062825175,1709,201,894,56,766,53,1.63,0.2503,2.5197,0.5015,0.9844,0.9844,1.0265,0.0991,6.1606,0.2913,3451,Low to Medium,5598920.84863281,10887.9848835148
2074,600704,6007.04,6037600704,"Census Tract 6007.04, Los Angeles County, California",0.36748145885,3254,432,1259,138,1176,133,2.6831,0.5538,2.6372,0.5655,0.8609,0.8609,1.6779,0.2684,7.8591,0.5205,3452,Medium to High,10377163.0947266,13200.4834157559
2075,600801,6008.01,6037600801,"Census Tract 6008.01, Los Angeles County, California",0.37491739726,3204,627,1342,193,1259,190,1.8709,0.3171,2.1804,0.3153,0.9815,0.9815,2.2498,0.4925,7.2826,0.4417,3453,Low to Medium,10452395.7001953,13346.961277135
2076,600802,6008.02,6037600802,"Census Tract 6008.02, Los Angeles County, California",0.7490386522,2586,502,1206,229,1161,230,2.9231,0.6238,2.6418,0.5685,0.971,0.971,2.5725,0.6306,9.1084,0.6907,3454,Medium to High,20919590.3896484,20363.9372671207
2077,600902,6009.02,6037600902,"Census Tract 6009.02, Los Angeles County, California",0.30904839606,6352,1171,2567,322,2394,332,4.0415,0.9254,3.7833,0.9833,0.9381,0.9381,4.1244,0.9935,12.8873,0.9982,3455,High,8615976.18066406,13421.1392055136
2078,600911,6009.11,6037600911,"Census Tract 6009.11, Los Angeles County, California",0.26374820671,3577,996,1130,117,1086,115,2.9864,0.6415,2.2746,0.3638,0.8305,0.8305,1.5644,0.2281,7.6559,0.4915,3456,Low to Medium,7353051.34179688,11395.3814772199
2079,600912,6009.12,6037600912,"Census Tract 6009.12, Los Angeles County, California",0.41890522592,5038,519,1470,144,1424,150,3.5604,0.7996,2.5461,0.5142,0.9204,0.9204,2.2593,0.4974,9.2862,0.7116,3457,Medium to High,11710912.6279297,15517.8701655178
2080,601001,6010.01,6037601001,"Census Tract 6010.01, Los Angeles County, California",0.34132227614,2554,671,1174,189,1122,189,3.1042,0.6728,2.9418,0.7351,0.9457,0.9457,3.2338,0.867,10.2255,0.8311,3458,High,9515760.63574219,14262.1659860584
2081,601002,6010.02,6037601002,"Census Tract 6010.02, Los Angeles County, California",0.2444990915,5093,784,2195,318,1997,339,3.8492,0.8804,3.0342,0.7822,0.9557,0.9557,3.6397,0.9572,11.4788,0.951,3459,High,6816443.19433594,11226.4579480065
2082,601100,6011.00,6037601100,"Census Tract 6011, Los Angeles County, California",0.24732728865,7123,932,2142,173,2023,199,4.5344,0.9917,3.376,0.913,0.9493,0.9493,3.5153,0.9351,12.375,0.9908,3460,High,6895336.38769531,10510.8583892804
2083,601202,6012.02,6037601202,"Census Tract 6012.02, Los Angeles County, California",0.25261456944,4191,722,1101,171,1059,170,3.0988,0.6714,3.0968,0.8066,0.9007,0.9007,2.3951,0.5544,9.4914,0.7354,3461,Medium to High,7042733.87402344,10682.0501927989
2084,601211,6012.11,6037601211,"Census Tract 6012.11, Los Angeles County, California",0.2238627118,3086,652,1207,189,1104,185,3.6063,0.8133,3.0145,0.7723,0.9185,0.9185,3.1053,0.8304,10.6446,0.8798,3462,High,6241067.77636719,10199.3802998114
2085,601212,6012.12,6037601212,"Census Tract 6012.12, Los Angeles County, California",0.22589476663,6508,755,2020,151,1987,151,3.7446,0.852,2.8861,0.7099,0.9269,0.9269,2.3719,0.5447,9.9295,0.7939,3463,High,6297809.91113281,10124.4865180225
2086,601301,6013.01,6037601301,"Census Tract 6013.01, Los Angeles County, California",0.23724577933,1728,199,767,86,733,94,2.2912,0.4409,2.4318,0.449,0.7716,0.7716,2.3176,0.5221,7.8122,0.5141,3464,Medium to High,6614180.8671875,11072.3689030301
2087,601302,6013.02,6037601302,"Census Tract 6013.02, Los Angeles County, California",0.47091509583,6934,848,2967,238,2656,226,3.6618,0.8295,2.8014,0.6648,0.8402,0.8402,2.3952,0.5546,9.6986,0.765,3465,High,13128637.4091797,19669.3956270932
2088,601303,6013.03,6037601303,"Census Tract 6013.03, Los Angeles County, California",0.1692860358,5363,696,2267,222,2163,233,3.8038,0.8697,3.2327,0.8656,0.8501,0.8501,2.6741,0.6772,10.5607,0.8681,3466,High,4719524.78808594,8901.57121247332
2089,601401,6014.01,6037601401,"Census Tract 6014.01, Los Angeles County, California",0.6073774423,6354,1055,1873,187,1709,194,3.9692,0.9084,3.1712,0.8394,0.8624,0.8624,3.5081,0.9336,11.5109,0.953,3467,High,16933194.3867188,18287.0669764116
2090,601402,6014.02,6037601402,"Census Tract 6014.02, Los Angeles County, California",0.37965718542,4803,715,1400,242,1375,247,3.354,0.7411,2.2204,0.3354,0.9087,0.9087,1.9348,0.3658,8.4179,0.5987,3468,Medium to High,10584567.2675781,13265.2169080523
2091,601501,6015.01,6037601501,"Census Tract 6015.01, Los Angeles County, California",0.18267373655,3847,578,1064,100,1036,95,3.7803,0.8624,2.5308,0.5073,0.978,0.978,2.6428,0.664,9.9319,0.7942,3469,High,5092858.12792969,10545.4175901422
2092,601502,6015.02,6037601502,"Census Tract 6015.02, Los Angeles County, California",0.1894980894,4134,966,967,194,888,198,4.2822,0.9646,3.1309,0.8227,0.9438,0.9438,2.8333,0.7396,11.1902,0.9308,3470,High,5283115.37109375,11514.4757577826
2093,601600,6016.00,6037601600,"Census Tract 6016, Los Angeles County, California",0.35229645329,4347,670,1307,315,1255,316,3.5486,0.7955,2.5841,0.5345,0.9731,0.9731,1.8369,0.3266,8.9427,0.6696,3471,Medium to High,9821883.2265625,12866.0456297947
2094,601700,6017.00,6037601700,"Census Tract 6017, Los Angeles County, California",0.2926838489,5324,715,1410,170,1344,179,4.5628,0.9939,2.9133,0.722,0.9865,0.9865,3.4162,0.9127,11.8788,0.9741,3472,High,8159873.66210938,12647.1543057289
2095,601801,6018.01,6037601801,"Census Tract 6018.01, Los Angeles County, California",0.18792472375,2793,377,896,133,852,128,3.5262,0.7888,2.8794,0.7064,0.9912,0.9912,1.7096,0.2785,9.1064,0.6903,3473,Medium to High,5239211.35253906,10548.5363577435
2096,601802,6018.02,6037601802,"Census Tract 6018.02, Los Angeles County, California",0.1869123643,3885,461,1026,110,1009,110,3.3508,0.7398,2.8208,0.6756,0.9337,0.9337,2.6291,0.6561,9.7344,0.7692,3474,High,5211014.90136719,10562.9374732409
2097,601900,6019.00,6037601900,"Census Tract 6019, Los Angeles County, California",0.26897988881,4758,730,1385,186,1365,189,4.1395,0.9435,2.9479,0.7389,0.9666,0.9666,3.2724,0.8777,11.3264,0.9417,3475,High,7499025.46484375,11034.7026454379
2098,602002,6020.02,6037602002,"Census Tract 6020.02, Los Angeles County, California",0.20495954399,3093,457,850,90,812,91,3.0534,0.66,3.0117,0.7709,0.9253,0.9253,2.8672,0.7546,9.8576,0.7855,3476,High,5763859.60253906,10775.7547936038
2099,602003,6020.03,6037602003,"Census Tract 6020.03, Los Angeles County, California",0.24136471546,4279,603,1287,121,1231,121,4.3325,0.9718,3.2507,0.8711,0.9528,0.9528,2.4421,0.574,10.9781,0.9113,3477,High,6729146.76464844,10337.4013309836
2100,602103,6021.03,6037602103,"Census Tract 6021.03, Los Angeles County, California",0.3227426618,5574,915,1886,149,1709,143,4.2967,0.9671,2.694,0.5989,0.9417,0.9417,4.1162,0.9933,12.0486,0.9806,3478,High,8997950.96191406,11939.413137554
2101,602104,6021.04,6037602104,"Census Tract 6021.04, Los Angeles County, California",0.28716722352,6013,808,1719,192,1719,192,4.1154,0.9381,3.0101,0.7697,0.8815,0.8815,1.8877,0.3484,9.8947,0.7895,3479,High,8006164.72363281,11595.8589268088
2102,602105,6021.05,6037602105,"Census Tract 6021.05, Los Angeles County, California",0.24656743991,3634,443,1332,211,1266,208,3.4693,0.7747,2.2314,0.3429,0.8232,0.8232,3.1597,0.8465,9.6836,0.7627,3480,High,6874249.65625,10463.5267061683
2103,602106,6021.06,6037602106,"Census Tract 6021.06, Los Angeles County, California",0.31655383284,6067,1118,2258,335,2174,340,2.9253,0.6244,1.9576,0.2062,0.8131,0.8131,3.051,0.8144,8.747,0.6433,3481,Medium to High,8825443.3984375,13276.514233974
2104,602201,6022.01,6037602201,"Census Tract 6022.01, Los Angeles County, California",0.62314777849,4093,753,1756,173,1535,196,1.1302,0.1239,2.3588,0.4073,0.4783,0.4783,1.9477,0.3718,5.915,0.2581,3482,Low to Medium,17383561.8164063,19997.2060389033
2105,602202,6022.02,6037602202,"Census Tract 6022.02, Los Angeles County, California",0.19142087736,2603,775,954,146,917,156,3.027,0.6527,2.4327,0.4494,0.762,0.762,2.8707,0.7554,9.0924,0.688,3483,Medium to High,5336756.84179688,9924.25385227632
2106,602301,6023.01,6037602301,"Census Tract 6023.01, Los Angeles County, California",0.68971871313,6694,1082,2105,217,1927,229,2.8248,0.5943,2.8265,0.6788,0.5599,0.5599,1.9581,0.3753,8.1693,0.5651,3484,Medium to High,19229308.4287109,19331.9361113104
2107,602302,6023.02,6037602302,"Census Tract 6023.02, Los Angeles County, California",0.75194986128,4518,411,1784,142,1736,149,1.2176,0.1455,1.7914,0.141,0.3426,0.3426,1.2994,0.1561,4.651,0.1088,3485,Low,20964324.2988281,22810.6387958669
2108,602402,6024.02,6037602402,"Census Tract 6024.02, Los Angeles County, California",0.51000560672,6847,1223,2072,244,1907,238,2.8926,0.6146,2.4735,0.4717,0.8073,0.8073,2,0.391,8.1734,0.5657,3486,Medium to High,14218944.4482422,17499.8750466615
2109,602403,6024.03,6037602403,"Census Tract 6024.03, Los Angeles County, California",0.22615152446,4578,423,1572,105,1508,104,3.6729,0.8331,1.9974,0.2244,0.8815,0.8815,3.2651,0.876,9.8169,0.7801,3487,High,6305101.35644531,10061.7808826078
2110,602404,6024.04,6037602404,"Census Tract 6024.04, Los Angeles County, California",0.24933386074,5526,1035,1909,142,1760,159,4.4492,0.9848,3.0073,0.7688,0.8624,0.8624,2.3906,0.5528,10.7095,0.8871,3488,High,6951424.11816406,11317.6265396101
2111,602504,6025.04,6037602504,"Census Tract 6025.04, Los Angeles County, California",0.1241124879,4914,626,1766,189,1730,198,3.8792,0.8887,2.8126,0.6713,0.8765,0.8765,3.0463,0.8134,10.6146,0.8764,3489,High,3460243.23046875,7905.66230939895
2112,602505,6025.05,6037602505,"Census Tract 6025.05, Los Angeles County, California",0.12493951838,4259,572,1603,137,1516,152,4.2625,0.9628,3.228,0.8639,0.8958,0.8958,3.4019,0.9097,11.7882,0.9689,3490,High,3483307.69238281,7914.11320005802
2113,602506,6025.06,6037602506,"Census Tract 6025.06, Los Angeles County, California",0.12535419193,3931,431,1720,149,1625,172,3.8122,0.8718,2.8216,0.6758,0.9142,0.9142,3.2218,0.8628,10.7698,0.8934,3491,High,3494869.27636719,7898.46793492021
2114,602507,6025.07,6037602507,"Census Tract 6025.07, Los Angeles County, California",0.12456692995,5033,546,1897,189,1815,182,3.5831,0.8061,2.6322,0.5612,0.9126,0.9126,3.8064,0.9761,10.9343,0.9077,3492,High,3472928.15039063,7912.74796531948
2115,602510,6025.10,6037602510,"Census Tract 6025.10, Los Angeles County, California",0.12532137326,3495,879,1115,203,1069,200,3.8076,0.8708,3.2241,0.8623,0.8217,0.8217,3.5171,0.9353,11.3705,0.9448,3493,High,3493955.80175781,7935.09612864095
2116,602511,6025.11,6037602511,"Census Tract 6025.11, Los Angeles County, California",0.13195344732,4685,1399,1444,262,1420,261,3.4213,0.7607,3.1593,0.8341,0.9493,0.9493,2.592,0.6373,10.1219,0.8184,3494,High,3678853.95117188,8634.70999483309
2117,602512,6025.12,6037602512,"Census Tract 6025.12, Los Angeles County, California",0.1164668961,2378,341,619,100,601,103,2.4274,0.4788,2.8079,0.6691,0.9269,0.9269,1.6562,0.2591,7.8184,0.5151,3495,Medium to High,3247093.77539063,7903.04465343397
2118,602513,6025.13,6037602513,"Census Tract 6025.13, Los Angeles County, California",0.69010288462,1881,467,523,124,518,123,2.6661,0.5477,2.6679,0.5837,0.8567,0.8567,2.7529,0.7095,8.9436,0.6698,3496,Medium to High,19366693.875,21253.0646634708
2119,602601,6026.01,6037602601,"Census Tract 6026.01, Los Angeles County, California",0.4892692266,5076,771,1698,158,1654,151,2.0431,0.3664,2.9699,0.7508,0.8872,0.8872,2.2545,0.4949,8.1547,0.5632,3497,Medium to High,13974858.7294922,15883.8106464517
2120,602602,6026.02,6037602602,"Census Tract 6026.02, Los Angeles County, California",0.24417553802,3067,715,1099,177,1099,177,2.8475,0.6011,3.4818,0.9399,0.886,0.886,2.568,0.6285,9.7833,0.7753,3498,High,6985004.453125,10568.3294889163
2121,602700,6027.00,6037602700,"Census Tract 6027, Los Angeles County, California",0.95422792688,3532,537,1245,148,1222,152,2.1505,0.3958,2.8525,0.693,0.9142,0.9142,1.2051,0.1355,7.1223,0.4223,3499,Low to Medium,26728464.3291016,21546.3393369282
2122,602801,6028.01,6037602801,"Census Tract 6028.01, Los Angeles County, California",0.48406688826,3921,882,1320,201,1259,201,4.0418,0.9257,3.8423,0.9877,0.9796,0.9796,3.8908,0.9821,12.7545,0.9966,3500,High,13495609.5195313,15771.1836975903
2123,602802,6028.02,6037602802,"Census Tract 6028.02, Los Angeles County, California",0.51555736738,4946,873,1332,137,1320,138,2.4871,0.4958,2.6046,0.5444,0.9865,0.9865,1.8694,0.341,7.9476,0.5331,3501,Medium to High,14373633.1953125,16036.5081276164
2124,602900,6029.00,6037602900,"Census Tract 6029, Los Angeles County, California",1.0798828923,4301,605,1387,243,1373,245,3.5873,0.8076,2.8869,0.7103,0.9304,0.9304,3.583,0.9479,10.9876,0.912,3502,High,30119431.4599609,27267.792024777
2125,603004,6030.04,6037603004,"Census Tract 6030.04, Los Angeles County, California",0.087094186446,1742,240,650,48,621,45,2.5886,0.5256,2.1975,0.3243,0.9361,0.9361,3.5372,0.9394,9.2594,0.7087,3503,Medium to High,2428204.72753906,8219.20217243536
2126,603005,6030.05,6037603005,"Census Tract 6030.05, Los Angeles County, California",0.25124854056,6647,1132,1980,161,1963,166,3.1815,0.6943,2.6811,0.5913,0.9337,0.9337,2.6748,0.6775,9.4711,0.7328,3504,Medium to High,7004838.328125,10585.9307617908
2127,603006,6030.06,6037603006,"Census Tract 6030.06, Los Angeles County, California",0.26545825247,1680,225,808,79,782,85,1.2645,0.1558,2.2602,0.3564,0.7978,0.7978,2.9917,0.7955,7.3142,0.4459,3505,Low to Medium,7401009.55566406,10962.7239084427
2128,603007,6030.07,6037603007,"Census Tract 6030.07, Los Angeles County, California",0.2587852516,3748,664,1295,174,1223,184,2.8825,0.611,2.7581,0.6373,0.9574,0.9574,3.0371,0.8106,9.6351,0.7564,3506,High,7214936.69238281,14310.1570932904
2129,603008,6030.08,6037603008,"Census Tract 6030.08, Los Angeles County, California",0.18076407605,3147,578,1140,252,1140,252,2.7426,0.5695,3.0862,0.8017,0.9511,0.9511,4.3951,0.999,11.175,0.9296,3507,High,5039761.27929688,10823.2837286117
2130,603101,6031.01,6037603101,"Census Tract 6031.01, Los Angeles County, California",0.3403682181,4535,697,1576,158,1488,165,3.053,0.6599,2.4457,0.4568,0.7388,0.7388,2.6091,0.6468,8.8466,0.6581,3508,Medium to High,9489590.22460938,12652.1906510341
2131,603102,6031.02,6037603102,"Census Tract 6031.02, Los Angeles County, California",0.2879359526,3418,531,1352,116,1167,125,2.6575,0.5449,3.057,0.7904,0.8711,0.8711,2.8373,0.7411,9.4229,0.7271,3509,Medium to High,8027753.66796875,11372.6921467079
2132,603200,6032.00,6037603200,"Census Tract 6032, Los Angeles County, California",0.42693730583,3286,501,1321,183,1268,201,1.7996,0.2968,2.4489,0.4594,0.7888,0.7888,2.1292,0.4446,7.1665,0.4281,3510,Low to Medium,12261884.7734375,21938.799554493
2133,603301,6033.01,6037603301,"Census Tract 6033.01, Los Angeles County, California",0.3763525384,3531,481,1568,154,1350,137,3.0347,0.6552,3.0812,0.8,0.8467,0.8467,2.6039,0.6436,9.5665,0.7452,3511,Medium to High,10492836.8076172,14162.0234703846
2134,603302,6033.02,6037603302,"Census Tract 6033.02, Los Angeles County, California",0.43418250986,3857,587,1668,214,1585,213,3.1136,0.6751,2.8415,0.6878,0.8112,0.8112,2.7427,0.7057,9.509,0.7375,3512,Medium to High,12218790.5693359,15276.0561057957
2135,603400,6034.00,6037603400,"Census Tract 6034, Los Angeles County, California",0.43796437895,3821,492,1512,189,1444,196,2.6086,0.5315,2.9618,0.7465,0.655,0.655,1.3487,0.1675,7.5741,0.4808,3513,Low to Medium,12210552.171875,15598.309148363
2136,603500,6035.00,6037603500,"Census Tract 6035, Los Angeles County, California",0.30675688069,3129,373,897,84,857,85,2.0513,0.3682,3.1152,0.8154,0.8154,0.8154,2.5008,0.5979,8.4827,0.606,3514,Medium to High,8564196.30859375,13085.5777490524
2137,603600,6036.00,6037603600,"Census Tract 6036, Los Angeles County, California",0.36197487212,4416,592,1422,188,1377,194,2.48,0.4941,2.4961,0.4854,0.6588,0.6588,1.9157,0.3581,7.5506,0.4768,3515,Low to Medium,10091920.7792969,13098.2572711667
2138,603702,6037.02,6037603702,"Census Tract 6037.02, Los Angeles County, California",0.97862957328,4836,612,1779,251,1700,266,1.9373,0.3364,2.8042,0.6668,0.5261,0.5261,1.9372,0.3672,7.2048,0.4325,3516,Low to Medium,28072909.046875,21879.2108027864
2139,603703,6037.03,6037603703,"Census Tract 6037.03, Los Angeles County, California",0.25172112941,2368,275,829,110,829,110,1.2633,0.1555,2.9301,0.73,0.6163,0.6163,1.2059,0.1357,6.0156,0.2736,3517,Low to Medium,7017997.03515625,10877.3539754571
2140,603705,6037.05,6037603705,"Census Tract 6037.05, Los Angeles County, California",0.10459696231,2976,619,902,120,902,120,2.5679,0.5201,2.096,0.2681,0.9142,0.9142,2.095,0.4286,7.6731,0.4941,3518,Low to Medium,2916160.12890625,7696.92320818068
2141,603706,6037.06,6037603706,"Census Tract 6037.06, Los Angeles County, California",0.13646620749,3227,698,1110,95,1074,116,3.726,0.8463,2.7876,0.6555,0.9007,0.9007,4.026,0.9889,11.4403,0.9489,3519,High,4025814.91601563,10235.1132426214
2142,603801,6038.01,6037603801,"Census Tract 6038.01, Los Angeles County, California",0.25738177083,4926,650,1601,157,1556,154,3.8591,0.884,2.4765,0.4737,0.7481,0.7481,3.3244,0.8909,10.4081,0.852,3520,High,7175831.77539063,10842.804783328
2143,603802,6038.02,6037603802,"Census Tract 6038.02, Los Angeles County, California",0.24356009144,4072,664,1195,171,1139,184,2.8321,0.596,2.9066,0.7185,0.8062,0.8062,3.4612,0.9228,10.0061,0.8029,3521,High,6790503.37695313,10519.0736169634
2144,603901,6039.01,6037603901,"Census Tract 6039.01, Los Angeles County, California",0.28404288614,3551,393,1275,130,1264,130,2.6057,0.5306,2.1592,0.3021,0.723,0.723,3.4258,0.9146,8.9137,0.6668,3522,Medium to High,7919131.33007813,15734.3727838166
2145,603902,6039.02,6037603902,"Census Tract 6039.02, Los Angeles County, California",0.29009928211,3757,994,1180,274,1162,276,4.0471,0.9266,2.429,0.4475,0.8662,0.8662,2.8649,0.754,10.2072,0.8284,3523,High,8088020.18066406,12042.8072643252
2146,604001,6040.01,6037604001,"Census Tract 6040.01, Los Angeles County, California",0.25444932614,4992,1131,1342,133,1209,103,3.9972,0.9157,2.2826,0.3672,0.8185,0.8185,2.5293,0.6119,9.6276,0.7554,3524,High,7094128.81933594,10693.2112934196
2147,604002,6040.02,6037604002,"Census Tract 6040.02, Los Angeles County, California",0.25122653275,4250,457,1607,162,1442,175,3.7331,0.8478,1.9186,0.1884,0.6376,0.6376,2.6079,0.6458,8.8972,0.6644,3525,Medium to High,7004316.52246094,10362.9438290428
2148,604101,6041.01,6037604101,"Census Tract 6041.01, Los Angeles County, California",0.18543243534,4307,866,1195,155,1195,155,3.863,0.8846,2.1497,0.2973,0.7716,0.7716,1.4415,0.1934,8.2258,0.5738,3526,Medium to High,5169917.80175781,9620.25604823372
2149,604102,6041.02,6037604102,"Census Tract 6041.02, Los Angeles County, California",0.20596804241,2678,555,873,123,759,149,2.1711,0.4023,2.13,0.288,0.6601,0.6601,1.6395,0.2545,6.6007,0.3489,3527,Low to Medium,5742489.42578125,12105.6703514457
2150,604200,6042.00,6037604200,"Census Tract 6042, Los Angeles County, California",0.48518619795,6009,855,1713,208,1659,211,3.6179,0.8166,2.6099,0.5478,0.8677,0.8677,2.1582,0.4567,9.2537,0.7075,3528,Medium to High,13536824.5078125,17893.7863721077
2151,609900,6099.00,6037609900,"Census Tract 6099, Los Angeles County, California",0.20533483513,2015,310,670,120,644,116,2.6417,0.5401,3.3688,0.911,0.6262,0.6262,2.5939,0.6386,9.2306,0.7046,3529,Medium to High,5725250.35351563,14121.9820199251
2152,620001,6200.01,6037620001,"Census Tract 6200.01, Los Angeles County, California",0.4569509448,4216,416,1578,189,1521,199,1.0944,0.116,2.4149,0.4397,0.2615,0.2615,1.3486,0.1672,5.1194,0.1577,3530,Low,12739633.0439453,14713.632188744
2153,620002,6200.02,6037620002,"Census Tract 6200.02, Los Angeles County, California",0.45743125568,3540,343,1493,144,1456,142,2.0801,0.3777,1.767,0.1334,0.2768,0.2768,1.8657,0.3391,5.9896,0.2702,3531,Low to Medium,12753097.4189453,15826.0381456986
2154,620101,6201.01,6037620101,"Census Tract 6201.01, Los Angeles County, California",0.52188750967,5292,484,2152,191,2038,177,1.7194,0.2738,2.1134,0.2782,0.2374,0.2374,1.3911,0.1777,5.4613,0.1969,3532,Low,14583042.6220703,16146.2418764173
2155,620102,6201.02,6037620102,"Census Tract 6201.02, Los Angeles County, California",0.33664735313,3527,482,1740,252,1630,268,1.5966,0.2411,1.7157,0.1206,0.1663,0.1663,1.3234,0.1612,4.802,0.1235,3533,Low,9385626.42578125,16012.1653037169
2156,620201,6202.01,6037620201,"Census Tract 6202.01, Los Angeles County, California",0.088642455466,1643,341,976,112,903,109,0.5706,0.0261,0.7368,0.0135,0.0187,0.0187,0.6266,0.0412,1.9527,0.0008,3534,Low,4443435.1875,10913.7036301493
2157,620301,6203.01,6037620301,"Census Tract 6203.01, Los Angeles County, California",0.40103295044,4403,452,1620,112,1542,137,0.4796,0.0176,2.3534,0.4047,0.0565,0.0565,1.5604,0.2271,4.4499,0.0895,3535,Low,11180838.6582031,14217.5146180747
2158,620303,6203.03,6037620303,"Census Tract 6203.03, Los Angeles County, California",0.4471454984,4819,549,1936,240,1790,274,0.9387,0.0829,2.2911,0.3702,0.0622,0.0622,1.8396,0.3282,5.1316,0.159,3536,Low,12466522.5996094,15940.4254174015
2159,620305,6203.05,6037620305,"Census Tract 6203.05, Los Angeles County, California",0.48864258306,5848,788,3081,297,2362,268,1.0448,0.1055,1.5967,0.0952,0.1084,0.1084,0.6593,0.0441,3.4092,0.0234,3537,Low,27349289.0498047,23678.6405961295
2160,620400,6204.00,6037620400,"Census Tract 6204, Los Angeles County, California",0.99138869997,5309,725,2073,167,1936,164,1.3254,0.1704,2.2806,0.3659,0.3247,0.3247,0.9388,0.0825,4.8695,0.1293,3538,Low,27751603.9775391,21116.2200485642
2161,620501,6205.01,6037620501,"Census Tract 6205.01, Los Angeles County, California",1.0001435628,5675,661,2089,239,2089,239,1.1976,0.1402,1.5978,0.0955,0.3271,0.3271,1.3444,0.1662,4.4669,0.0903,3539,Low,27884251.9550781,21153.8855623076
2162,620521,6205.21,6037620521,"Census Tract 6205.21, Los Angeles County, California",0.24873192773,4323,738,1780,209,1669,237,1.4188,0.1934,1.5242,0.0812,0.2275,0.2275,1.7006,0.276,4.8711,0.1298,3540,Low,6934763.33984375,10531.0130717349
2163,620522,6205.22,6037620522,"Census Tract 6205.22, Los Angeles County, California",0.28894290662,4656,440,1950,191,1825,187,0.896,0.0747,1.938,0.1965,0.2673,0.2673,1.2076,0.1361,4.3089,0.0751,3541,Low,8055864.71289063,11356.7872210571
2164,620601,6206.01,6037620601,"Census Tract 6206.01, Los Angeles County, California",0.52729255156,5159,562,2444,217,2111,222,2.7897,0.584,2.1325,0.2897,0.4361,0.4361,2.4117,0.5625,7.77,0.5083,3542,Medium to High,14701194.8183594,19878.485452195
2165,620602,6206.02,6037620602,"Census Tract 6206.02, Los Angeles County, California",0.52074966707,5224,789,2106,268,1927,267,0.956,0.0869,1.2871,0.0471,0.2863,0.2863,1.5791,0.2323,4.1085,0.0624,3543,Low,14518824.2216797,18768.26291764
2166,620701,6207.01,6037620701,"Census Tract 6207.01, Los Angeles County, California",0.39346419294,7207,822,2963,347,2834,338,1.602,0.2427,1.597,0.0953,0.2903,0.2903,1.6085,0.2443,5.0978,0.1547,3544,Low,10969959.0390625,15221.8518336776
2167,620703,6207.03,6037620703,"Census Tract 6207.03, Los Angeles County, California",0.22295035278,3436,630,1220,136,1220,136,0.3435,0.0075,1.4808,0.0727,0.2219,0.2219,0.532,0.0339,2.5782,0.0034,3545,Low,6215973.02539063,11291.5296021787
2168,620704,6207.04,6037620704,"Census Tract 6207.04, Los Angeles County, California",0.28858151515,3555,622,1263,158,1134,143,0.7148,0.0446,1.4776,0.0722,0.3053,0.3053,1.2144,0.1371,3.7121,0.0382,3546,Low,8045836.24609375,13496.0942049257
2169,620801,6208.01,6037620801,"Census Tract 6208.01, Los Angeles County, California",0.46091582623,4167,467,1452,78,1396,96,1.7722,0.2887,2.4252,0.4458,0.2494,0.2494,1.0339,0.1007,5.4807,0.1989,3547,Low,12850505.0507813,15853.0926626746
2170,620802,6208.02,6037620802,"Census Tract 6208.02, Los Angeles County, California",0.49672755894,3198,846,1415,366,1275,386,0.246,0.0025,0.8486,0.0183,0.1116,0.1116,1.683,0.2698,2.8892,0.0076,3548,Low,13848948.0009766,15789.7311581695
2171,620901,6209.01,6037620901,"Census Tract 6209.01, Los Angeles County, California",0.33722457562,2921,406,1131,183,1081,184,0.325,0.006,2.2045,0.3278,0.1803,0.1803,0.4773,0.0286,3.1871,0.0166,3549,Low,9401915.96484375,12903.2751729338
2172,620904,6209.04,6037620904,"Census Tract 6209.04, Los Angeles County, California",0.22246347816,2756,342,1268,96,1028,92,0.6082,0.0305,1.9501,0.2021,0.0298,0.0298,0.6217,0.0407,3.2098,0.0173,3550,Low,10653631.3984375,14283.7126011197
2173,621001,6210.01,6037621001,"Census Tract 6210.01, Los Angeles County, California",0.36750848599,4426,402,2071,218,1900,192,1.2129,0.1442,1.576,0.0911,0.1043,0.1043,1.9752,0.3813,4.8684,0.1292,3551,Low,10246304.0380859,16101.6972469117
2174,621005,6210.05,6037621005,"Census Tract 6210.05, Los Angeles County, California",0.4433412354,4674,406,2955,293,2406,244,0.999,0.0948,1.2421,0.0424,0.0432,0.0432,2.2682,0.5005,4.5525,0.1011,3552,Low,22536838.6396484,19515.7572259392
2175,621102,6211.02,6037621102,"Census Tract 6211.02, Los Angeles County, California",0.20996110929,3193,451,1216,137,1162,146,0.8476,0.0667,1.405,0.0609,0.1497,0.1497,0.7503,0.0564,3.1526,0.015,3553,Low,5853873.35546875,10895.934603422
2176,621104,6211.04,6037621104,"Census Tract 6211.04, Los Angeles County, California",0.4049623105,6854,549,3577,267,3128,201,1.5582,0.2292,0.8738,0.0194,0.1139,0.1139,2.2518,0.4936,4.7977,0.1229,3554,Low,17818842.7226563,17007.7746483129
2177,621201,6212.01,6037621201,"Census Tract 6212.01, Los Angeles County, California",0.63331847738,6807,868,2894,446,2742,459,1.3405,0.1729,1.7703,0.1343,0.2719,0.2719,1.8686,0.3407,5.2513,0.1704,3555,Low,17657400.4707031,17424.5378604547
2178,621204,6212.04,6037621204,"Census Tract 6212.04, Los Angeles County, California",0.45096829431,2825,293,2153,198,1790,193,0.8489,0.067,1.759,0.1318,0.1803,0.1803,2.2807,0.5048,5.0689,0.1511,3556,Low,23381786.2724609,19983.192383345
2179,621301,6213.01,6037621301,"Census Tract 6213.01, Los Angeles County, California",0.603439588,6742,846,3017,255,2677,286,1.8826,0.3212,2.0046,0.2277,0.2064,0.2064,2.6852,0.6805,6.7788,0.375,3557,Low to Medium,16824509.3466797,17385.5213442076
2180,621324,6213.24,6037621324,"Census Tract 6213.24, Los Angeles County, California",0.24695701683,3704,726,2177,181,1924,205,1.3982,0.1883,1.1415,0.0334,0.1172,0.1172,1.6714,0.266,4.3283,0.0767,3558,Low,14816494.2695313,17426.8686498413
2181,621326,6213.26,6037621326,"Census Tract 6213.26, Los Angeles County, California",0.28561779619,3028,514,1932,232,1717,244,1.2188,0.1456,1.1785,0.036,0.132,0.132,1.7189,0.2823,4.2482,0.0719,3559,Low,18340117.9345703,17803.6947136661
2182,621400,6214.00,6037621400,"Census Tract 6214, Los Angeles County, California",0.49432870721,4322,543,1916,146,1755,176,0.7531,0.0508,2.0842,0.2633,0.2094,0.2094,2.2312,0.486,5.2779,0.1739,3560,Low,13782481.3056641,16166.9294156994
2183,650001,6500.01,6037650001,"Census Tract 6500.01, Los Angeles County, California",0.61164155279,5676,645,2483,380,2220,352,2.4337,0.4806,2.3045,0.3776,0.6282,0.6282,2.6872,0.6815,8.0536,0.5487,3561,Medium to High,17333640.0410156,17028.5271035625
2184,650003,6500.03,6037650003,"Census Tract 6500.03, Los Angeles County, California",0.19611664988,3024,360,1266,128,1100,109,2.8017,0.5872,2.3992,0.431,0.6461,0.6461,2.7929,0.7239,8.6399,0.629,3562,Medium to High,5467803.18164063,9617.79344241632
2185,650004,6500.04,6037650004,"Census Tract 6500.04, Los Angeles County, California",0.29176724275,4349,636,1611,149,1511,168,2.4876,0.4961,1.7745,0.1352,0.6981,0.6981,1.9194,0.3595,6.8796,0.3901,3563,Low to Medium,8240861.1640625,11730.1631754786
2186,650101,6501.01,6037650101,"Census Tract 6501.01, Los Angeles County, California",0.73227140065,5778,871,2187,300,2043,300,2.4162,0.4757,2.4353,0.4515,0.6728,0.6728,2.5453,0.6187,8.0696,0.5515,3564,Medium to High,20490526.2480469,18516.4389663005
2187,650102,6501.02,6037650102,"Census Tract 6501.02, Los Angeles County, California",0.3290932675,2148,269,754,82,732,85,2.081,0.378,2.1158,0.2799,0.5058,0.5058,1.1209,0.1195,5.8235,0.2442,3565,Low,9175299.6640625,13434.4884355521
2188,650200,6502.00,6037650200,"Census Tract 6502, Los Angeles County, California",0.93597997416,5794,596,1896,142,1796,146,1.4701,0.206,2.0751,0.2593,0.5097,0.5097,2.6093,0.647,6.6642,0.3567,3566,Low to Medium,26095701.046875,30191.1966843698
2189,650300,6503.00,6037650300,"Census Tract 6503, Los Angeles County, California",0.72451345316,6790,1014,2491,233,2399,243,2.3071,0.4462,2.0394,0.2439,0.613,0.613,3.3946,0.9079,8.3541,0.59,3567,Medium to High,20199812.1738281,21224.1482121974
2190,650401,6504.01,6037650401,"Census Tract 6504.01, Los Angeles County, California",1.3541824944,4667,562,1550,152,1485,171,1.0727,0.1114,1.8158,0.1489,0.4478,0.4478,2.059,0.414,5.3953,0.1881,3568,Low,37763560.453125,32199.9669064673
2191,650501,6505.01,6037650501,"Census Tract 6505.01, Los Angeles County, California",0.38334677613,2850,360,982,76,967,78,0.6614,0.037,2.6883,0.5954,0.4281,0.4281,1.4115,0.1836,5.1893,0.164,3569,Low,10688010.4589844,13603.9483698538
2192,650502,6505.02,6037650502,"Census Tract 6505.02, Los Angeles County, California",0.5147326535,4318,595,1645,166,1509,175,1.2357,0.1499,1.891,0.1774,0.4078,0.4078,2.108,0.4347,5.6425,0.2198,3570,Low,14351138.7314453,15581.5739280725
2193,650603,6506.03,6037650603,"Census Tract 6506.03, Los Angeles County, California",0.49275920258,3672,476,1519,140,1406,144,1.8907,0.3233,2.7548,0.6356,0.4741,0.4741,2.6344,0.6595,7.754,0.5066,3571,Medium to High,13738585.5957031,16171.8156342066
2194,650604,6506.04,6037650604,"Census Tract 6506.04, Los Angeles County, California",0.19900083182,6228,1264,2856,349,2581,372,2.8417,0.5988,2.0998,0.2704,0.5909,0.5909,3.1959,0.8559,8.7283,0.6404,3572,Medium to High,5548335.74609375,9489.82469678834
2195,650605,6506.05,6037650605,"Census Tract 6506.05, Los Angeles County, California",0.18694518297,2713,336,1017,87,1006,92,1.0152,0.0986,1.8057,0.1463,0.5762,0.5762,3.4872,0.9289,6.8843,0.3912,3573,Low to Medium,5251352.70800781,9226.06648440857
2196,650606,6506.06,6037650606,"Census Tract 6506.06, Los Angeles County, California",0.2831479017,4264,477,1845,264,1674,251,2.9046,0.6178,2.8305,0.6807,0.6414,0.6414,4.2921,0.9977,10.6686,0.8834,3574,High,7894439.47070313,16005.2367134195
2197,650607,6506.07,6037650607,"Census Tract 6506.07, Los Angeles County, California",0.19525950344,2670,393,1147,161,1059,121,1.8734,0.3182,2.0079,0.2291,0.6163,0.6163,1.8791,0.3451,6.3767,0.3178,3575,Low to Medium,5444010.01757813,11200.1925661199
2198,650701,6507.01,6037650701,"Census Tract 6507.01, Los Angeles County, California",0.77464725346,2538,239,1012,78,940,71,0.6192,0.032,2.2123,0.331,0.3598,0.3598,1.7165,0.2815,4.9078,0.1339,3576,Low,21598048.0576172,18666.7493478105
2199,650702,6507.02,6037650702,"Census Tract 6507.02, Los Angeles County, California",0.54014357053,4613,484,1611,147,1562,149,1.1416,0.1277,1.9254,0.1909,0.3682,0.3682,1.9782,0.3822,5.4134,0.1902,3577,Low,15059765.3271484,16481.1574094959
2200,650801,6508.01,6037650801,"Census Tract 6508.01, Los Angeles County, California",0.28598845411,3879,520,1681,140,1603,155,1.4371,0.198,1.9297,0.1922,0.7312,0.7312,2.7579,0.712,6.8559,0.3868,3578,Low to Medium,7973688.53613281,13784.8257755014
2201,650802,6508.02,6037650802,"Census Tract 6508.02, Los Angeles County, California",0.21148350948,3181,518,1451,279,1259,260,1.5553,0.2284,2.485,0.4787,0.6565,0.6565,1.9813,0.3835,6.6781,0.3597,3579,Low to Medium,5896397.09570313,12386.0476518698
2202,650901,6509.01,6037650901,"Census Tract 6509.01, Los Angeles County, California",1.3688203935,4909,475,2639,190,2261,241,2.4004,0.4708,2.5111,0.4965,0.5247,0.5247,2.8382,0.7415,8.2744,0.5793,3580,Medium to High,38164122.0419922,29584.5620909032
2203,650903,6509.03,6037650903,"Census Tract 6509.03, Los Angeles County, California",0.40872912161,4934,1491,1768,296,1695,307,2.6647,0.5475,1.224,0.0406,0.6317,0.6317,2.9548,0.7843,7.4752,0.4652,3581,Low to Medium,11395810.2255859,17065.9793335979
2204,650904,6509.04,6037650904,"Census Tract 6509.04, Los Angeles County, California",0.36093123842,2612,373,1055,152,938,103,0.6219,0.0327,2.1996,0.3256,0.7594,0.7594,2.1163,0.4391,5.6972,0.2269,3582,Low,10063205.8144531,16179.4083414753
2205,651001,6510.01,6037651001,"Census Tract 6510.01, Los Angeles County, California",0.54700190036,5242,533,2004,230,1857,230,2.0604,0.371,2.8845,0.709,0.5228,0.5228,3.3874,0.9051,8.8551,0.6586,3583,Medium to High,15270388.7675781,19082.6096456823
2206,651002,6510.02,6037651002,"Census Tract 6510.02, Los Angeles County, California",0.45717758667,4531,487,1787,184,1721,193,1.3781,0.1829,1.9761,0.2145,0.5409,0.5409,3.1757,0.8501,7.0708,0.4148,3584,Low to Medium,12746761.328125,15498.8819612894
2207,651101,6511.01,6037651101,"Census Tract 6511.01, Los Angeles County, California",2.1511402659,4753,557,1734,95,1649,111,1.6333,0.2512,2.381,0.4197,0.5341,0.5341,2.9962,0.7965,7.5446,0.4761,3585,Low to Medium,60002744.4960938,37593.9920375948
2208,651102,6511.02,6037651102,"Census Tract 6511.02, Los Angeles County, California",0.32410096864,3706,557,1843,183,1705,211,1.7744,0.2892,2.649,0.5731,0.3483,0.3483,2.3444,0.5343,7.1161,0.4217,3586,Low to Medium,9036319.16113281,14019.5876633712
2209,651201,6512.01,6037651201,"Census Tract 6512.01, Los Angeles County, California",0.67290821815,4985,780,1795,222,1676,237,1.0737,0.1117,1.779,0.1363,0.34,0.34,1.6612,0.261,4.8539,0.1278,3587,Low,18761512.625,17306.1303380069
2210,651221,6512.21,6037651221,"Census Tract 6512.21, Los Angeles County, California",0.26881656766,3925,561,1520,154,1429,163,2.1323,0.3917,2.4978,0.4869,0.643,0.643,2.935,0.7779,8.2081,0.5719,3588,Medium to High,7494941.23339844,11370.4207506518
2211,651222,6512.22,6037651222,"Census Tract 6512.22, Los Angeles County, California",0.58042520609,6193,684,2574,324,2363,328,2.5084,0.503,2.3596,0.4077,0.5036,0.5036,2.4242,0.5667,7.7958,0.5111,3589,Medium to High,16464084.40625,18095.5792588144
2212,651302,6513.02,6037651302,"Census Tract 6513.02, Los Angeles County, California",0.92209536013,5836,963,2526,288,2177,270,2.2497,0.4285,2.7108,0.6098,0.2275,0.2275,1.7358,0.2886,6.9238,0.3964,3590,Low to Medium,25709385.0341797,31447.7644873472
2213,651304,6513.04,6037651304,"Census Tract 6513.04, Los Angeles County, California",0.55435752956,4920,628,2644,243,2277,267,1.5191,0.2183,1.6539,0.1059,0.2149,0.2149,1.3707,0.1729,4.7586,0.119,3591,Low,24155123.0683594,26565.2670551196
2214,651401,6514.01,6037651401,"Census Tract 6514.01, Los Angeles County, California",0.38829969258,2509,368,1259,227,1178,233,1.7657,0.2864,2.3304,0.3915,0.2844,0.2844,2.7197,0.6967,7.1002,0.419,3592,Low to Medium,10826482.2744141,22279.8870327418
2215,651402,6514.02,6037651402,"Census Tract 6514.02, Los Angeles County, California",0.70573847121,6223,790,2242,206,2217,205,2.0416,0.3661,3.1979,0.852,0.5372,0.5372,2.1668,0.4599,7.9435,0.5327,3593,Medium to High,19689815.2753906,23718.0029421264
2216,670001,6700.01,6037670001,"Census Tract 6700.01, Los Angeles County, California",0.36260267397,3498,509,1407,152,1339,131,1.9982,0.352,2.5606,0.5229,0.4756,0.4756,2.9213,0.7717,7.9557,0.5342,3594,Medium to High,10109923.9238281,16601.0561935503
2217,670002,6700.02,6037670002,"Census Tract 6700.02, Los Angeles County, California",0.33472417906,3908,473,1478,165,1410,172,2.1561,0.3982,2.7694,0.6447,0.5691,0.5691,3.1874,0.8524,8.682,0.6346,3595,Medium to High,9332663.19628906,12745.5454988581
2218,670003,6700.03,6037670003,"Census Tract 6700.03, Los Angeles County, California",0.57764527169,5677,665,2369,201,2276,215,2.5541,0.5155,1.8366,0.1547,0.3483,0.3483,2.8737,0.7563,7.6127,0.4859,3596,Low to Medium,16105730.4472656,18493.5633313132
2219,670101,6701.01,6037670101,"Census Tract 6701.01, Los Angeles County, California",0.42512146812,3156,732,1203,177,1188,176,1.9344,0.3356,3.248,0.87,0.4769,0.4769,2.6547,0.6683,8.314,0.5849,3597,Medium to High,11853179.640625,22682.7202762408
2220,670102,6701.02,6037670102,"Census Tract 6701.02, Los Angeles County, California",0.2121638212,3973,651,1632,188,1552,219,2.9971,0.6435,2.8539,0.6934,0.5633,0.5633,1.5963,0.2384,8.0106,0.5429,3598,Medium to High,5915487.93457031,12632.3252613712
2221,670201,6702.01,6037670201,"Census Tract 6702.01, Los Angeles County, California",1.8815302586,3565,409,1452,133,1375,145,1.2915,0.1628,2.7405,0.6261,0.1501,0.1501,1.1418,0.1225,5.3239,0.1787,3599,Low,52547040.2099609,51580.8871901858
2222,670202,6702.02,6037670202,"Census Tract 6702.02, Los Angeles County, California",1.1521391789,2206,373,802,137,733,116,0.3029,0.0048,2.0899,0.2653,0.2615,0.2615,0.4206,0.025,3.0749,0.0133,3600,Low,32123648.2177734,27112.4826397669
2223,670324,6703.24,6037670324,"Census Tract 6703.24, Los Angeles County, California",1.8319752252,5550,692,2287,198,1995,221,0.6511,0.0364,2.375,0.4159,0.0997,0.0997,1.1657,0.1268,4.2915,0.0742,3601,Low,57412797.5673828,47697.096293254
2224,670326,6703.26,6037670326,"Census Tract 6703.26, Los Angeles County, California",1.5593659776,3275,396,1439,163,1272,161,0.8186,0.0617,2.2567,0.3552,0.2113,0.2113,0.6377,0.0421,3.9243,0.0497,3602,Low,48972956.7021484,40931.330617477
2225,670328,6703.28,6037670328,"Census Tract 6703.28, Los Angeles County, California",1.3844127366,4534,597,1715,191,1599,181,0.5751,0.0266,2.131,0.2889,0.2952,0.2952,1.1044,0.1162,4.1057,0.0623,3603,Low,53731006.2470703,38988.5928968651
2226,670405,6704.05,6037670405,"Census Tract 6704.05, Los Angeles County, California",0.57915493051,2600,334,1173,109,1075,119,1.0146,0.0985,3.1381,0.8259,0.3327,0.3327,2.0008,0.3913,6.4862,0.3311,3604,Low to Medium,16148042.9423828,22226.7496661949
2227,670406,6704.06,6037670406,"Census Tract 6704.06, Los Angeles County, California",0.4587671686,1600,319,590,95,577,94,0.8517,0.0676,2.4516,0.4606,0.4927,0.4927,0.5003,0.0314,4.2963,0.0745,3605,Low,12791417.015625,14594.7870338349
2228,670407,6704.07,6037670407,"Census Tract 6704.07, Los Angeles County, California",0.48571979092,6289,927,2415,304,2351,309,2.0373,0.3645,2.5566,0.5209,0.5287,0.5287,1.8427,0.3302,6.9653,0.4016,3606,Low to Medium,13542857.5419922,17461.7825790166
2229,670413,6704.13,6037670413,"Census Tract 6704.13, Los Angeles County, California",0.84453171546,4574,472,1800,117,1672,145,1.1359,0.1256,2.5413,0.5121,0.4683,0.4683,1.573,0.23,5.7185,0.2298,3607,Low,23547265.3632813,21041.0630358756
2230,670416,6704.16,6037670416,"Census Tract 6704.16, Los Angeles County, California",1.3770231305,4476,712,1717,202,1609,188,2.0506,0.368,2.642,0.5688,0.4649,0.4649,1.7544,0.297,6.9119,0.3949,3608,Low to Medium,50492669.4003906,33423.0438066405
2231,670417,6704.17,6037670417,"Census Tract 6704.17, Los Angeles County, California",0.78061252936,2728,244,1053,94,1026,98,0.6895,0.0404,2.8239,0.6775,0.3426,0.3426,1.0808,0.1112,4.9368,0.1367,3609,Low,21765018.5087891,20647.4638712482
2232,670418,6704.18,6037670418,"Census Tract 6704.18, Los Angeles County, California",0.97577936832,4130,604,1605,170,1408,183,0.4546,0.0156,2.1735,0.3114,0.2689,0.2689,0.8682,0.0712,3.7652,0.0411,3610,Low,27206445.0341797,25118.6340320642
2233,670500,6705.00,6037670500,"Census Tract 6705, Los Angeles County, California",2.9908005324,1439,241,692,59,550,69,0.8935,0.0743,2.5979,0.5409,0.2793,0.2793,0.6186,0.0402,4.3893,0.0822,3611,Low,83390188.9453125,48249.626525398
2234,670603,6706.03,6037670603,"Census Tract 6706.03, Los Angeles County, California",1.5055738608,1978,354,672,114,594,133,0.0839,0.0008,1.9462,0.1998,0.4707,0.4707,0.9669,0.0873,3.4677,0.0263,3612,Low,41978989.5351563,36893.0491322358
2235,670604,6706.04,6037670604,"Census Tract 6706.04, Los Angeles County, California",3.9942885107,4934,620,2383,257,1968,253,0.439,0.0146,2.0242,0.2366,0.1663,0.1663,1.764,0.3001,4.3935,0.083,3613,Low,189484175.15918,107545.739070849
2236,670701,6707.01,6037670701,"Census Tract 6707.01, Los Angeles County, California",1.1132104447,6555,599,2242,163,2228,160,1.1749,0.1348,2.102,0.2716,0.4069,0.4069,1.5488,0.2248,5.2326,0.1686,3614,Low,31038764.7783203,33464.1766180452
2237,670702,6707.02,6037670702,"Census Tract 6707.02, Los Angeles County, California",2.5855258654,5839,1013,2234,327,2084,324,0.8736,0.0709,1.9457,0.1995,0.1452,0.1452,0.8404,0.0673,3.8049,0.0432,3615,Low,73102623.9765625,61559.6763132901
2238,700101,7001.01,6037700101,"Census Tract 7001.01, Los Angeles County, California",0.26026479447,4944,707,3728,357,3269,356,2.598,0.529,1.867,0.1667,0.0779,0.0779,2.4929,0.5946,7.0358,0.4104,3616,Low to Medium,7255567.45410156,13621.8153988502
2239,700102,7001.02,6037700102,"Census Tract 7001.02, Los Angeles County, California",0.18956488504,4496,672,3126,491,2948,514,3.3129,0.7292,2.7363,0.6231,0.1803,0.1803,2.9013,0.7656,9.1308,0.693,3617,Medium to High,5284605.4609375,13568.1878851156
2240,700200,7002.00,6037700200,"Census Tract 7002, Los Angeles County, California",0.26988182308,7324,804,4531,535,4424,505,2.5598,0.517,0.9649,0.023,0.2504,0.2504,2.914,0.7699,6.6891,0.3617,3618,Low to Medium,7523640.40429688,14072.8662578154
2241,700300,7003.00,6037700300,"Census Tract 7003, Los Angeles County, California",0.23442067099,6014,688,4311,484,3910,475,2.757,0.5741,1.9509,0.2022,0.0779,0.0779,1.8671,0.3394,6.6529,0.3552,3619,Low to Medium,6535097.87695313,14233.8137282193
2242,700400,7004.00,6037700400,"Census Tract 7004, Los Angeles County, California",0.50808667978,4902,613,3402,337,2974,334,2.1489,0.3954,1.4606,0.0697,0.0646,0.0646,2.4569,0.5804,6.131,0.2876,3620,Low to Medium,14164288.3222656,21301.4441440844
2243,700501,7005.01,6037700501,"Census Tract 7005.01, Los Angeles County, California",0.23067818431,3576,468,2898,325,2430,337,2.6263,0.5362,1.6405,0.1033,0.1258,0.1258,1.9362,0.3665,6.3288,0.3106,3621,Low to Medium,6430758.30273438,15072.4229946275
2244,700502,7005.02,6037700502,"Census Tract 7005.02, Los Angeles County, California",0.19461007988,4250,621,3505,348,2890,350,2.4986,0.4992,1.5117,0.0785,0.1215,0.1215,2.3927,0.5536,6.5245,0.3372,3622,Low to Medium,5425279.8359375,10805.4210343557
2245,700600,7006.00,6037700600,"Census Tract 7006, Los Angeles County, California",2.1938798267,5563,813,2137,192,1755,187,1.7561,0.2838,2.2399,0.3479,0.0067,0.0067,1.2667,0.1487,5.2694,0.1723,3623,Low,61184707.7617188,47191.8553975507
2246,700700,7007.00,6037700700,"Census Tract 7007, Los Angeles County, California",1.3631701768,3534,577,1336,141,1147,151,0.7874,0.056,1.9951,0.223,0.0076,0.0076,0.4903,0.0302,3.2804,0.0188,3624,Low,38002136.4150391,32140.976495082
2247,700801,7008.01,6037700801,"Census Tract 7008.01, Los Angeles County, California",0.56168806213,3706,567,2945,245,2206,334,2.6132,0.5327,3.2859,0.8846,0.0786,0.0786,1.9971,0.3892,7.9748,0.5372,3625,Medium to High,15658674.9130859,20079.4620496028
2248,700802,7008.02,6037700802,"Census Tract 7008.02, Los Angeles County, California",0.26461037248,4426,587,2380,245,2085,241,3.1637,0.6882,2.3961,0.4289,0.1305,0.1305,2.7771,0.7191,8.4674,0.6043,3626,Medium to High,7376785.24511719,15092.7494621242
2249,700901,7009.01,6037700901,"Census Tract 7009.01, Los Angeles County, California",0.40681984722,3856,755,1628,193,1444,192,1.2659,0.1565,2.5957,0.5399,0.2036,0.2036,1.5794,0.2324,5.6446,0.2205,3627,Low,11341285.1171875,18848.9630314753
2250,700902,7009.02,6037700902,"Census Tract 7009.02, Los Angeles County, California",0.36850617355,7332,967,3825,402,3459,452,2.5618,0.5179,2.5873,0.5359,0.1472,0.1472,2.2119,0.4785,7.5082,0.4699,3628,Low to Medium,10273223.6464844,12943.3694402751
2251,701000,7010.00,6037701000,"Census Tract 7010, Los Angeles County, California",0.54924476688,5292,675,3018,308,2589,273,2.86,0.6053,1.8917,0.1782,0.0338,0.0338,1.5259,0.2163,6.3114,0.3083,3629,Low to Medium,15311685.6933594,18861.2809525707
2252,701201,7012.01,6037701201,"Census Tract 7012.01, Los Angeles County, California",0.74980853959,3842,386,1654,136,1425,152,1.078,0.1127,2.2955,0.3732,0.0873,0.0873,0.2937,0.0157,3.7545,0.0403,3630,Low,20903323.4921875,18461.2539659048
2253,701202,7012.02,6037701202,"Census Tract 7012.02, Los Angeles County, California",0.15626281534,3590,464,1992,199,1722,195,1.4057,0.1904,1.46,0.0696,0.0496,0.0496,1.0574,0.1061,3.9727,0.0527,3631,Low,4356353.86328125,9141.42635729688
2254,701302,7013.02,6037701302,"Census Tract 7013.02, Los Angeles County, California",0.17609726118,4833,554,3108,337,2864,345,2.4865,0.4957,1.1849,0.0364,0.0598,0.0598,2.3902,0.5522,6.1214,0.2863,3632,Low to Medium,4909289.984375,9926.76677645543
2255,701304,7013.04,6037701304,"Census Tract 7013.04, Los Angeles County, California",0.803285211,6459,705,3495,235,2768,197,1.4819,0.2083,1.9323,0.1939,0.1128,0.1128,1.9287,0.3632,5.4557,0.196,3633,Low,25086197.8789063,23479.8163110405
2256,701402,7014.02,6037701402,"Census Tract 7014.02, Los Angeles County, California",0.32024998729,5833,841,4344,330,3586,470,2.6881,0.5555,2.5606,0.5229,0.1581,0.1581,3.5024,0.9322,8.9092,0.666,3634,Medium to High,11556601.7958984,15105.5811655597
2257,701501,7015.01,6037701501,"Census Tract 7015.01, Los Angeles County, California",0.23840756025,5404,640,2923,264,2710,270,1.7668,0.2865,2.3194,0.3855,0.1486,0.1486,2.526,0.6101,6.7608,0.3717,3635,Low to Medium,6646394.93066406,12368.1106484147
2258,701502,7015.02,6037701502,"Census Tract 7015.02, Los Angeles County, California",0.23559712379,3544,459,2236,333,1935,350,1.9987,0.3523,1.8197,0.1498,0.2094,0.2094,2.7287,0.7003,6.7565,0.3714,3636,Low to Medium,6568032.05859375,12372.1555766943
2259,701601,7016.01,6037701601,"Census Tract 7016.01, Los Angeles County, California",0.46996180999,4096,418,1798,179,1691,178,1.3594,0.1782,2.0025,0.2262,0.0835,0.0835,1.6407,0.2549,5.0861,0.1534,3637,Low,13134279.921875,16313.0243781005
2260,701602,7016.02,6037701602,"Census Tract 7016.02, Los Angeles County, California",0.25503504288,3952,670,2099,216,1867,235,2.7362,0.5681,1.8815,0.1726,0.34,0.34,2.8681,0.7547,7.8258,0.5159,3638,Medium to High,7110015.77539063,13129.8541861084
2261,701701,7017.01,6037701701,"Census Tract 7017.01, Los Angeles County, California",0.25349410979,3317,586,1865,158,1727,190,2.8294,0.5954,2.215,0.3329,0.2815,0.2815,1.9006,0.3528,7.2265,0.435,3639,Low to Medium,7066995.92578125,13121.9046220341
2262,701702,7017.02,6037701702,"Census Tract 7017.02, Los Angeles County, California",0.23436043908,3201,430,1953,158,1677,172,2.5346,0.5099,1.9329,0.1944,0.3238,0.3238,3.3733,0.9022,8.1646,0.5646,3640,Medium to High,6533599.43847656,12326.4458614348
2263,701801,7018.01,6037701801,"Census Tract 7018.01, Los Angeles County, California",0.73196676617,6827,616,2852,291,2781,290,3.6124,0.8152,2.8286,0.6799,0.5365,0.5365,3.8744,0.9805,10.8519,0.8995,3641,High,20406002.0166016,19296.118442399
2264,701802,7018.02,6037701802,"Census Tract 7018.02, Los Angeles County, California",0.48215452505,4999,718,2104,283,2015,286,3.0427,0.6572,2.3492,0.4016,0.5006,0.5006,2.9052,0.7669,8.7977,0.6504,3642,Medium to High,13441697.9511719,15298.9502085916
2265,701902,7019.02,6037701902,"Census Tract 7019.02, Los Angeles County, California",0.69104034027,4843,564,3662,333,3095,335,3.0149,0.6485,2.2967,0.3739,0.1544,0.1544,3.1992,0.8572,8.6652,0.6324,3643,Medium to High,24007267.4169922,19730.8875748571
2266,702002,7020.02,6037702002,"Census Tract 7020.02, Los Angeles County, California",0.39178156042,6325,776,3773,377,3495,419,3.1395,0.6822,2.0458,0.2471,0.2541,0.2541,2.0789,0.4221,7.5183,0.4721,3644,Low to Medium,13639524.4492188,15569.5322345206
2267,702102,7021.02,6037702102,"Census Tract 7021.02, Los Angeles County, California",0.35939300805,5891,744,4190,449,3628,387,2.7574,0.5743,1.5052,0.0772,0.1608,0.1608,2.512,0.6035,6.9354,0.398,3645,Low to Medium,12178801.2753906,15758.3426028094
2268,702201,7022.01,6037702201,"Census Tract 7022.01, Los Angeles County, California",0.46491468465,4080,602,2325,254,2062,219,2.1115,0.3867,1.5978,0.0955,0.2241,0.2241,2.2215,0.4814,6.1549,0.2905,3646,Low to Medium,12961164.3154297,15231.6518923442
2269,702202,7022.02,6037702202,"Census Tract 7022.02, Los Angeles County, California",0.39061784899,3954,358,1890,197,1767,202,1.7264,0.276,1.5098,0.0781,0.1702,0.1702,1.3486,0.1672,4.755,0.1184,3647,Low,10889856.8925781,13839.0627027924
2270,702300,7023.00,6037702300,"Census Tract 7023, Los Angeles County, California",1.0007335267,6601,701,3178,415,2887,451,2.0373,0.3645,2.0202,0.2339,0.2094,0.2094,2.638,0.6616,6.9049,0.3936,3648,Low to Medium,27898921.7275391,21132.5629021016
2271,702400,7024.00,6037702400,"Census Tract 7024, Los Angeles County, California",0.76534528407,4391,455,1999,188,1935,186,2.1512,0.3964,1.6019,0.0971,0.4412,0.4412,2.1597,0.4572,6.354,0.3138,3649,Low to Medium,21514103.0048828,24216.7804702214
2272,702501,7025.01,6037702501,"Census Tract 7025.01, Los Angeles County, California",0.5150403768,4959,648,2384,441,2169,429,1.582,0.2369,1.4118,0.0625,0.2191,0.2191,1.846,0.3312,5.0589,0.15,3650,Low,14464966.2148438,16130.3095076749
2273,702502,7025.02,6037702502,"Census Tract 7025.02, Los Angeles County, California",0.69478552967,3818,505,2240,298,2137,277,1.9193,0.3314,2.988,0.7596,0.3463,0.3463,1.6743,0.267,6.9279,0.3968,3651,Low to Medium,19551422.2275391,25733.1459880351
2274,702600,7026.00,6037702600,"Census Tract 7026, Los Angeles County, California",0.83526758407,6480,665,2606,438,2581,440,1.4759,0.2075,2.7303,0.6197,0.34,0.34,2.2312,0.486,6.7774,0.3745,3652,Low to Medium,23398949.8066406,24162.5385318437
2275,702700,7027.00,6037702700,"Census Tract 7027, Los Angeles County, California",0.51714656321,3359,469,1303,155,1272,164,1.226,0.1478,1.9188,0.1885,0.296,0.296,2.4508,0.5782,5.8916,0.2552,3653,Low to Medium,14542216.4951172,17600.4888257316
2276,702801,7028.01,6037702801,"Census Tract 7028.01, Los Angeles County, California",0.46107065314,4782,760,2222,229,2068,265,2.458,0.4884,2.248,0.3516,0.5036,0.5036,2.9225,0.7721,8.1321,0.5605,3654,Medium to High,12854018.4785156,14969.3952532238
2277,702802,7028.02,6037702802,"Census Tract 7028.02, Los Angeles County, California",0.23553959459,2325,320,1043,167,997,166,1.7919,0.294,1.8738,0.1703,0.4151,0.4151,2.8249,0.7367,6.9057,0.3941,3655,Low to Medium,6566533.84570313,15448.8736117884
2278,702803,7028.03,6037702803,"Census Tract 7028.03, Los Angeles County, California",0.3270673903,2641,330,1150,97,1122,99,3.3636,0.7438,2.1465,0.2954,0.4478,0.4478,3.564,0.9447,9.5219,0.739,3656,Medium to High,9120630.73730469,27442.5690273563
2279,702900,7029.00,6037702900,"Census Tract 7029, Los Angeles County, California",0.85315144261,10065,1702,6425,670,5617,678,2.2732,0.4359,1.4732,0.0717,0.1032,0.1032,1.6499,0.2569,5.4995,0.2016,3657,Low,40430905.0800781,25965.9135674743
2280,703002,7030.02,6037703002,"Census Tract 7030.02, Los Angeles County, California",1.2651485315,6794,1140,3106,276,2796,243,2.6013,0.5297,1.9355,0.1953,0.7716,0.7716,1.5271,0.2169,6.8355,0.3829,3658,Low to Medium,35270849.5947266,27859.3628991782
2281,703003,7030.03,6037703003,"Census Tract 7030.03, Los Angeles County, California",0.77799707441,6158,714,3224,334,3097,328,1.8955,0.3249,1.6171,0.0994,0.5051,0.5051,2.7852,0.7215,6.8029,0.3791,3659,Low to Medium,21751985.8369141,25269.6871405572
2282,703100,7031.00,6037703100,"Census Tract 7031, Los Angeles County, California",1.0278780417,6026,869,2716,427,2669,434,2.5906,0.5264,2.401,0.4319,0.8833,0.8833,1.6577,0.26,7.5326,0.4744,3660,Low to Medium,28677375.8691406,26781.1612036372
2283,703200,7032.00,6037703200,"Census Tract 7032, Los Angeles County, California",0.81330610231,5595,895,2407,252,2301,262,2.429,0.4793,1.712,0.119,0.842,0.842,1.7038,0.2766,6.6868,0.3611,3661,Low to Medium,22673956.2226563,22823.0045392554
2284,800101,8001.01,6037800101,"Census Tract 8001.01, Los Angeles County, California",3.1259736843,5751,641,1989,183,1950,184,1.7844,0.2918,2.5493,0.5163,0.0289,0.0289,1.2879,0.154,5.6505,0.2212,3662,Low,87143308.8798828,55793.3765463791
2285,800103,8001.03,6037800103,"Census Tract 8001.03, Los Angeles County, California",7.1332649521,3581,1105,1355,175,1199,135,1.9997,0.3531,1.8488,0.1597,0.2638,0.2638,1.4703,0.2017,5.5826,0.2112,3663,Low,198856351.046875,83088.7552358459
2286,800104,8001.04,6037800104,"Census Tract 8001.04, Los Angeles County, California",13.213137084,3764,665,1604,246,1314,197,1.1631,0.1322,2.1411,0.2936,0.0384,0.0384,0,0,3.3426,0.021,3664,Low,368507387.701172,154192.89823433
2287,800202,8002.02,6037800202,"Census Tract 8002.02, Los Angeles County, California",10.57422142,5869,719,2172,241,2097,243,1.1083,0.1192,2.5186,0.5008,0.0097,0.0097,0.9012,0.0762,4.5378,0.0993,3665,Low,294810947.087891,89207.9036492773
2288,800204,8002.04,6037800204,"Census Tract 8002.04, Los Angeles County, California",3.0725043488,4108,482,1879,206,1749,237,1.3842,0.1844,2.6123,0.5493,0.1188,0.1188,1.6192,0.2484,5.7345,0.2329,3666,Low,86627959.7695313,58746.0635019064
2289,800205,8002.05,6037800205,"Census Tract 8002.05, Los Angeles County, California",0.50218588291,4116,475,1698,168,1616,163,1.9488,0.3388,1.6187,0.1001,0.1581,0.1581,1.3515,0.1685,5.0771,0.1519,3667,Low,13999366.4697266,18758.0352870474
2290,800206,8002.06,6037800206,"Census Tract 8002.06, Los Angeles County, California",3.5780852266,3808,584,1185,155,1171,155,0.6668,0.0372,1.8837,0.174,0.0384,0.0384,0.4008,0.0231,2.9897,0.0097,3668,Low,99745938.1904297,49605.9511015422
2291,800324,8003.24,6037800324,"Census Tract 8003.24, Los Angeles County, California",1.3636489433,6772,771,2529,262,2496,267,1.4229,0.1945,2.235,0.3455,0.074,0.074,0.7483,0.0559,4.4802,0.0926,3669,Low,38613864.984375,32111.6381791504
2292,800325,8003.25,6037800325,"Census Tract 8003.25, Los Angeles County, California",0.7797129117,3724,417,1500,116,1430,114,0.7861,0.0559,1.8038,0.1449,0.0127,0.0127,1.631,0.2521,4.2336,0.0707,3670,Low,24868218.6503906,25116.7727193643
2293,800328,8003.28,6037800328,"Census Tract 8003.28, Los Angeles County, California",3.7212553231,1315,273,400,52,369,64,0.9972,0.0943,1.8438,0.1578,0.1608,0.1608,0.2978,0.0159,3.2996,0.0192,3671,Low,103737316.533203,39770.3744720371
2294,800333,8003.33,6037800333,"Census Tract 8003.33, Los Angeles County, California",0.49562755434,2042,319,1202,105,1036,139,1.6232,0.2481,2.1251,0.2857,0.1438,0.1438,2.4629,0.5826,6.355,0.3142,3672,Low to Medium,13816595.0087891,18554.9943057275
2295,800334,8003.34,6037800334,"Census Tract 8003.34, Los Angeles County, California",1.8307014747,4490,661,1444,184,1346,156,1.2809,0.1604,2.0071,0.2287,0.0518,0.0518,2.5528,0.6219,5.8926,0.2554,3673,Low to Medium,51034301.2001953,33469.6975422156
2296,800335,8003.35,6037800335,"Census Tract 8003.35, Los Angeles County, California",26.94150721,4789,441,2221,164,1896,145,1.3284,0.1712,2.3431,0.3982,0.0417,0.0417,2.4054,0.5599,6.1186,0.2856,3674,Low to Medium,759510733.876953,210839.93005016
2297,800336,8003.36,6037800336,"Census Tract 8003.36, Los Angeles County, California",7.6340342267,3893,944,1280,185,1199,203,0.2816,0.0039,2.2606,0.3566,0.1295,0.1295,1.1529,0.1243,3.8246,0.0447,3675,Low,213050410.438477,79481.4035718262
2298,800337,8003.37,6037800337,"Census Tract 8003.37, Los Angeles County, California",1.0753268887,3950,681,1871,358,1730,339,2.8173,0.5925,1.9961,0.2233,0.1912,0.1912,0.8638,0.0706,5.8684,0.251,3676,Low to Medium,29977068.4619141,30839.4176596025
2299,800338,8003.38,6037800338,"Census Tract 8003.38, Los Angeles County, California",2.4545735805,6143,812,2039,197,2039,197,0.7572,0.0513,1.5618,0.0886,0.1849,0.1849,0.942,0.0829,3.4459,0.0255,3677,Low,68425907.1630859,43480.3487134539
2300,800406,8004.06,6037800406,"Census Tract 8004.06, Los Angeles County, California",35.124657245,2547,414,1298,146,950,142,1.0427,0.105,2.4042,0.4338,0.1472,0.1472,2.147,0.452,5.7411,0.234,3678,Low,1022193399.01074,194716.34533533
2301,800410,8004.10,6037800410,"Census Tract 8004.10, Los Angeles County, California",14.314142844,3679,319,775,86,514,80,0.9151,0.0779,0.99,0.0247,0.2374,0.2374,1.3049,0.1575,3.4474,0.0258,3679,Low,413726166.34668,127981.977054794
2302,800411,8004.11,6037800411,"Census Tract 8004.11, Los Angeles County, California",3.4897427724,3212,863,1395,182,1161,200,0.8207,0.0623,1.8863,0.1753,0.1203,0.1203,0.7249,0.0519,3.5522,0.0301,3680,Low,110101916.989258,57513.1112185997
2303,800412,8004.12,6037800412,"Census Tract 8004.12, Los Angeles County, California",2.7688038515,4158,741,2281,321,1650,256,1.8806,0.3204,2.3677,0.4119,0.116,0.116,2.4604,0.5812,6.8247,0.3815,3681,Low to Medium,120435862.920898,66120.1658809
2304,800504,8005.04,6037800504,"Census Tract 8005.04, Los Angeles County, California",8.3368062763,2352,474,1747,231,1162,235,0.8769,0.0715,1.9013,0.1825,0.0138,0.0138,1.5734,0.2305,4.3654,0.0803,3682,Low,267617085.814453,113937.612770353
2305,800506,8005.06,6037800506,"Census Tract 8005.06, Los Angeles County, California",10.23008253,3274,575,1739,218,1397,239,0.6725,0.038,1.9676,0.2099,0.0865,0.0865,2.3148,0.5212,5.0414,0.1477,3683,Low,315771950.807617,99990.9960989009
2306,900102,9001.02,6037900102,"Census Tract 9001.02, Los Angeles County, California",170.14923361,719,200,491,90,295,72,3.1632,0.6878,2.7921,0.6588,0.4412,0.4412,2.575,0.6317,8.9715,0.6737,3684,Medium to High,4743387791.25879,321319.282729396
2307,900103,9001.03,6037900103,"Census Tract 9001.03, Los Angeles County, California",7.7136546368,6281,1114,1811,176,1657,201,3.9857,0.9128,3.1235,0.819,0.5087,0.5087,2.0089,0.3947,9.6268,0.7548,3685,High,215056395.922852,64046.2455367307
2308,900104,9001.04,6037900104,"Census Tract 9001.04, Los Angeles County, California",16.351532442,5665,878,1865,175,1684,205,3.6241,0.8189,3.623,0.9653,0.5691,0.5691,2.0914,0.4269,9.9076,0.7908,3686,High,458512830.418945,86062.9574131285
2309,900301,9003.01,6037900301,"Census Tract 9003.01, Los Angeles County, California",2.5597929393,4610,712,1014,126,921,128,2.7064,0.5606,2.2992,0.3752,0.7065,0.7065,3.1684,0.8481,8.8805,0.6623,3687,Medium to High,71467670.8173828,42803.4665635294
2310,900501,9005.01,6037900501,"Census Tract 9005.01, Los Angeles County, California",1.2037127535,7517,1218,2134,217,1959,243,3.3138,0.7293,3.031,0.7801,0.6871,0.6871,2.3469,0.5352,9.3788,0.7209,3688,Medium to High,33556917.8916016,23285.5616974641
2311,900504,9005.04,6037900504,"Census Tract 9005.04, Los Angeles County, California",4.0827348264,6696,616,1991,115,1860,135,2.7532,0.5726,2.4486,0.4591,0.6934,0.6934,2.2806,0.5047,8.1758,0.5664,3689,Medium to High,113815430.105469,64103.6345579549
2312,900505,9005.05,6037900505,"Census Tract 9005.05, Los Angeles County, California",0.50617586098,3643,629,1329,117,1123,160,3.8664,0.8854,2.802,0.6656,0.662,0.662,2.6779,0.6783,10.0083,0.8033,3690,High,14109167.0068359,15916.0968722898
2313,900506,9005.06,6037900506,"Census Tract 9005.06, Los Angeles County, California",0.5049241183,4120,600,1460,179,1315,186,2.7315,0.5669,1.9522,0.2031,0.6747,0.6747,1.318,0.16,6.6764,0.3594,3691,Low to Medium,14074252.1044922,15929.1502226566
2314,900508,9005.08,6037900508,"Census Tract 9005.08, Los Angeles County, California",1.5344585376,3859,431,1031,71,975,73,2.8702,0.6081,2.9491,0.7398,0.6682,0.6682,1.7079,0.2778,8.1954,0.5699,3692,Medium to High,42899843.5058594,26702.9364838195
2315,900509,9005.09,6037900509,"Census Tract 9005.09, Los Angeles County, California",0.63663856847,3773,660,1236,83,1165,107,3.1123,0.6748,2.5637,0.5247,0.6249,0.6249,2.2237,0.4824,8.5246,0.6122,3693,Medium to High,17806903.1474609,18635.4597651586
2316,900510,9005.10,6037900510,"Census Tract 9005.10, Los Angeles County, California",0.88514925975,3685,768,1133,309,1080,314,3.0272,0.6528,3.3526,0.906,0.6971,0.6971,0.2931,0.0155,7.37,0.4523,3694,Low to Medium,24672612.6318359,26587.7332184549
2317,900602,9006.02,6037900602,"Census Tract 9006.02, Los Angeles County, California",1.9856438212,4929,695,1740,200,1602,219,3.5946,0.8098,3.21,0.8563,0.723,0.723,2.8366,0.7406,10.3642,0.8472,3695,High,55347821.8671875,31565.5083592477
2318,900606,9006.06,6037900606,"Census Tract 9006.06, Los Angeles County, California",0.67299007177,3735,971,1412,400,1310,407,3.7367,0.8492,2.7217,0.6153,0.6235,0.6235,1.5766,0.2317,8.6585,0.6314,3696,Medium to High,18758925.5322266,20787.7874493416
2319,900607,9006.07,6037900607,"Census Tract 9006.07, Los Angeles County, California",0.66149079591,3972,1135,1254,185,1091,193,2.7556,0.5739,1.9183,0.1883,0.5643,0.5643,2.3234,0.5248,7.5616,0.4788,3697,Low to Medium,18438391.2539063,20160.4139561978
2320,900608,9006.08,6037900608,"Census Tract 9006.08, Los Angeles County, California",0.51662802822,3738,709,1149,145,1103,146,3.0289,0.6533,2.6014,0.5426,0.718,0.718,2.3095,0.5191,8.6578,0.6311,3698,Medium to High,14400500.9677734,16063.522357794
2321,900609,9006.09,6037900609,"Census Tract 9006.09, Los Angeles County, California",1.0122636907,4365,474,1481,123,1300,151,3.3139,0.7294,3.0178,0.7734,0.7978,0.7978,2.6598,0.6709,9.7893,0.7758,3699,High,28215848.0546875,26560.128315032
2322,900610,9006.10,6037900610,"Census Tract 9006.10, Los Angeles County, California",1.2719084054,3293,509,1169,203,1142,213,2.9134,0.6212,2.9733,0.7527,0.6737,0.6737,1.7134,0.2805,8.2738,0.5791,3700,Medium to High,35453163.0751953,26607.4903485582
2323,900611,9006.11,6037900611,"Census Tract 9006.11, Los Angeles County, California",0.76160434179,4742,926,1086,208,1086,208,2.7451,0.5702,1.5869,0.0934,0.758,0.758,2.4927,0.5945,7.5827,0.4823,3701,Low to Medium,21228926.2099609,21283.9389581599
2324,900701,9007.01,6037900701,"Census Tract 9007.01, Los Angeles County, California",0.80849179647,4634,500,1673,165,1571,133,3.9597,0.9059,2.7127,0.6102,0.5643,0.5643,3.1563,0.8454,10.393,0.8508,3702,High,22535922.3359375,19147.7042792331
2325,900703,9007.03,6037900703,"Census Tract 9007.03, Los Angeles County, California",1.0034057386,4897,889,2161,261,1935,276,3.457,0.7712,2.8957,0.7137,0.6163,0.6163,2.8774,0.7574,9.8464,0.7839,3703,High,27968912.5722656,21130.1826635918
2326,900704,9007.04,6037900704,"Census Tract 9007.04, Los Angeles County, California",1.9969820925,3055,502,1602,165,1502,175,3.2265,0.7051,2.2824,0.3669,0.662,0.662,2.8306,0.7389,9.0015,0.6781,3704,Medium to High,55732358.2646484,31795.3131757083
2327,900705,9007.05,6037900705,"Census Tract 9007.05, Los Angeles County, California",2.0379868971,4126,640,2077,184,1729,218,3.4724,0.7754,2.9084,0.7196,0.4523,0.4523,3.5904,0.9491,10.4235,0.8537,3705,High,56834643.0136719,31928.3214028404
2328,900804,9008.04,6037900804,"Census Tract 9008.04, Los Angeles County, California",0.56963056637,3644,495,1072,85,1026,92,3.5842,0.8064,3.0877,0.8025,0.7481,0.7481,3.4599,0.9221,10.8799,0.9026,3706,High,15877840.9970703,16713.2426706313
2329,900805,9008.05,6037900805,"Census Tract 9008.05, Los Angeles County, California",1.0184513614,5278,1058,1594,221,1414,242,3.2968,0.7251,3.5713,0.9581,0.4616,0.4616,2.6971,0.6862,10.0268,0.8055,3707,High,28395563.1308594,21300.462023103
2330,900806,9008.06,6037900806,"Census Tract 9008.06, Los Angeles County, California",0.69337162415,4207,541,2080,190,1983,191,4.1659,0.9491,3.681,0.9725,0.671,0.671,3.7619,0.9717,12.2798,0.9882,3708,High,19327049.34375,17961.4523822038
2331,900807,9008.07,6037900807,"Census Tract 9008.07, Los Angeles County, California",0.50909054498,3764,648,1175,82,1025,139,3.7134,0.8433,2.521,0.5019,0.5843,0.5843,1.2872,0.1536,8.1059,0.5565,3709,Medium to High,14190332.8681641,16011.80545524
2332,900808,9008.08,6037900808,"Census Tract 9008.08, Los Angeles County, California",0.50975348211,4751,1679,1328,235,1236,267,2.2852,0.4392,2.5141,0.4975,0.6282,0.6282,2.1841,0.4667,7.6116,0.4856,3710,Low to Medium,14256282.0898438,15960.1082112403
2333,900901,9009.01,6037900901,"Census Tract 9009.01, Los Angeles County, California",36.343689754,2907,639,919,109,840,124,2.354,0.458,1.5887,0.0939,0.3672,0.3672,2.2759,0.5034,6.5858,0.3463,3711,Low to Medium,1018531605.28516,152997.291547137
2334,900902,9009.02,6037900902,"Census Tract 9009.02, Los Angeles County, California",45.543099636,1534,234,687,90,622,94,1.7974,0.2962,1.7795,0.1365,0.1438,0.1438,1.9218,0.3603,5.6425,0.2198,3712,Low,1280411651.26074,176494.551124656
2335,901003,9010.03,6037901003,"Census Tract 9010.03, Los Angeles County, California",1.0049756294,4866,300,0,13,0,13,-999,-999,-999,-999,0.7801,0.7801,-999,-999,-999,-999,3713,,28035970.2148438,21202.3997548962
2336,901007,9010.07,6037901007,"Census Tract 9010.07, Los Angeles County, California",2.0126794554,1848,256,728,104,642,102,1.3306,0.1713,1.9746,0.2139,0.3327,0.3327,1.997,0.3891,5.6349,0.2185,3714,Low,56101514.3203125,31618.5829160291
2337,901008,9010.08,6037901008,"Census Tract 9010.08, Los Angeles County, California",1.0357101208,2804,538,1003,147,942,148,2.3063,0.446,2.3235,0.3882,0.5409,0.5409,2.3679,0.5431,7.5386,0.4751,3715,Low to Medium,28869391.4589844,21521.0806977207
2338,901009,9010.09,6037901009,"Census Tract 9010.09, Los Angeles County, California",1.0248004226,4905,530,1843,139,1753,159,2.9383,0.6287,2.9202,0.7251,0.4017,0.4017,2.3855,0.5501,8.6457,0.6297,3716,Medium to High,28565284.6015625,21393.3090638072
2339,901010,9010.10,6037901010,"Census Tract 9010.10, Los Angeles County, California",1.0265471481,5289,529,1911,159,1690,132,3.0325,0.6545,3.2655,0.8767,0.382,0.382,2.3074,0.5181,8.9874,0.6759,3717,Medium to High,28613990.2978516,21453.3550026036
2340,901011,9010.11,6037901011,"Census Tract 9010.11, Los Angeles County, California",1.0305687865,4988,525,1995,176,1975,176,2.6702,0.5495,2.097,0.2685,0.4187,0.4187,2.3079,0.5182,7.4938,0.468,3718,Low to Medium,28755361.7939453,21431.502640545
2341,901012,9010.12,6037901012,"Census Tract 9010.12, Los Angeles County, California",1.4978101218,5506,1144,1511,329,1496,330,1.2254,0.1476,1.7975,0.1426,0.582,0.582,0.9548,0.0852,4.5597,0.1015,3719,Low,41814854.2441406,26392.0697432186
2342,901013,9010.13,6037901013,"Census Tract 9010.13, Los Angeles County, California",1.1402360403,3032,694,1227,133,1051,163,1.0753,0.1122,1.8782,0.1719,0.3207,0.3207,0.8059,0.0636,4.0801,0.0605,3720,Low,31811402.5302734,26571.762215147
2343,901014,9010.14,6037901014,"Census Tract 9010.14, Los Angeles County, California",2.4128100855,4539,549,1446,157,1329,183,1.6255,0.2494,2.5047,0.4913,0.4562,0.4562,1.5055,0.2103,6.0919,0.2828,3721,Low to Medium,67301569.9931641,37213.7634779971
2344,901101,9011.01,6037901101,"Census Tract 9011.01, Los Angeles County, California",2.0159165346,5573,630,1876,140,1728,149,2.9106,0.6204,3.0755,0.7984,0.3968,0.3968,2.0721,0.419,8.455,0.6026,3722,Medium to High,56221615.2255859,31894.6138056072
2345,901102,9011.02,6037901102,"Census Tract 9011.02, Los Angeles County, California",1.9714395147,5437,647,2055,258,1893,247,2.1862,0.4076,2.623,0.556,0.3982,0.3982,2.3003,0.5155,7.5077,0.4698,3723,Low to Medium,54951940.3007813,31481.1205405079
2346,901209,9012.09,6037901209,"Census Tract 9012.09, Los Angeles County, California",227.59807761,1418,202,715,76,478,69,2.2885,0.4399,2.131,0.2889,0.326,0.326,1.9013,0.3531,6.6468,0.3544,3724,Low to Medium,6428813476.99805,568504.396587551
2347,901210,9012.10,6037901210,"Census Tract 9012.10, Los Angeles County, California",8.7481790383,1564,240,715,82,656,88,1.5594,0.2295,2.7614,0.6398,0.2719,0.2719,0.3383,0.0188,4.931,0.1361,3725,Low,248390223.617188,100370.440284903
2348,901214,9012.14,6037901214,"Census Tract 9012.14, Los Angeles County, California",2.0024875209,4645,900,1479,256,1479,256,1.7831,0.2915,2.0864,0.2642,0.5554,0.5554,0.5632,0.0369,4.9881,0.1428,3726,Low,55992777.3046875,31793.4717533301
2349,901215,9012.15,6037901215,"Census Tract 9012.15, Los Angeles County, California",1.0054876006,3062,351,1568,104,1501,131,1.8217,0.3025,2.7041,0.6051,0.296,0.296,2.3613,0.5396,7.1831,0.4304,3727,Low to Medium,28048613.6621094,21192.3313154206
2350,901216,9012.16,6037901216,"Census Tract 9012.16, Los Angeles County, California",15.993353725,2391,821,856,203,759,214,1.6808,0.2646,1.7976,0.1427,0.1889,0.1889,0.8019,0.0629,4.4692,0.0907,3728,Low,446802988.522461,94709.5150924615
2351,901217,9012.17,6037901217,"Census Tract 9012.17, Los Angeles County, California",22.430426577,1685,312,720,114,653,100,1.3604,0.1785,2.8867,0.7102,0.1305,0.1305,1.0125,0.0965,5.3901,0.1871,3729,Low,627122462.948242,178870.387669798
2352,901218,9012.18,6037901218,"Census Tract 9012.18, Los Angeles County, California",4.0128291288,2629,466,711,96,699,96,0.9081,0.077,2.1225,0.2845,0.303,0.303,0.1716,0.0091,3.5052,0.0281,3730,Low,112889954.146484,43257.7817534885
2353,901300,9013.00,6037901300,"Census Tract 9013, Los Angeles County, California",104.14530058,2475,744,741,70,625,92,2.4162,0.4757,2.9874,0.7592,0.495,0.495,2.3747,0.5467,8.2733,0.579,3731,Medium to High,2904353757.39063,295988.265498422
2354,910002,9100.02,6037910002,"Census Tract 9100.02, Los Angeles County, California",27.935758084,8081,1484,2171,286,1996,321,4.2256,0.9576,2.628,0.5595,0.6307,0.6307,2.0386,0.4061,9.5229,0.7392,3732,Medium to High,781206641.399414,131039.684207213
2355,910210,9102.10,6037910210,"Census Tract 9102.10, Los Angeles County, California",1.2237139954,6937,1140,2138,263,2051,295,1.8199,0.3021,2.1196,0.2827,0.4264,0.4264,1.1787,0.1302,5.5446,0.2061,3733,Low,34109937.0732422,25228.434376072
2356,910211,9102.11,6037910211,"Census Tract 9102.11, Los Angeles County, California",1.5771343916,1771,397,516,119,436,78,0.4322,0.0143,2.6746,0.5885,0.4396,0.4396,0.2649,0.0135,3.8113,0.0438,3734,Low,43961167.0166016,26640.4931405214
2357,910212,9102.12,6037910212,"Census Tract 9102.12, Los Angeles County, California",5.46784023,3643,614,1185,215,1096,212,2.0971,0.3821,2.2975,0.3741,0.2361,0.2361,2.0264,0.4009,6.6571,0.3563,3735,Low to Medium,152411009.698242,63569.7650356848
2358,910213,9102.13,6037910213,"Census Tract 9102.13, Los Angeles County, California",10.899792279,1464,475,535,104,462,112,1.7576,0.2842,1.8416,0.1569,0.5087,0.5087,1.4613,0.199,5.5692,0.209,3736,Low,315021070.069336,80964.9170728041
2359,910214,9102.14,6037910214,"Census Tract 9102.14, Los Angeles County, California",1.6942758079,5163,350,1552,102,1504,89,2.2481,0.4281,2.5485,0.5159,0.5881,0.5881,2.1326,0.4461,7.5173,0.472,3737,Low to Medium,47268913.84375,33124.4840392204
2360,910215,9102.15,6037910215,"Census Tract 9102.15, Los Angeles County, California",1.2401102029,6628,798,2006,153,1929,154,3.3975,0.7533,2.8496,0.6918,0.6601,0.6601,1.5068,0.2106,8.414,0.5983,3738,Medium to High,34567038.9609375,25893.6332814052
2361,910216,9102.16,6037910216,"Census Tract 9102.16, Los Angeles County, California",1.0653191248,5503,1169,1381,173,1315,166,1.1479,0.1295,1.8578,0.1629,0.4445,0.4445,1.2705,0.1496,4.7207,0.1152,3739,Low,29978976.1132813,29198.801774109
2362,910217,9102.17,6037910217,"Census Tract 9102.17, Los Angeles County, California",23.125746858,4415,509,1426,185,1321,185,2.5212,0.5064,2.8012,0.6646,0.676,0.676,1.0285,0.0997,7.0269,0.4096,3740,Low to Medium,645736294.132813,155708.097618116
2363,910218,9102.18,6037910218,"Census Tract 9102.18, Los Angeles County, California",6.47151624,4338,536,1463,152,1429,159,3.0581,0.6607,3.3181,0.8954,0.5468,0.5468,2.609,0.6467,9.532,0.7407,3741,Medium to High,180435821.404297,59894.5595185003
2364,910301,9103.01,6037910301,"Census Tract 9103.01, Los Angeles County, California",1.5242279929,3938,522,1668,318,1570,308,1.8067,0.2986,2.5579,0.5212,0.2651,0.2651,1.2839,0.1523,5.9136,0.2579,3742,Low to Medium,42486465.2841797,27792.2922840741
2365,910302,9103.02,6037910302,"Census Tract 9103.02, Los Angeles County, California",1.5476250019,5114,577,1983,176,1871,180,1.2479,0.1526,3.1371,0.8253,0.4253,0.4253,1.9431,0.37,6.7534,0.3709,3743,Low to Medium,43339930.7001953,30600.612251687
2366,910401,9104.01,6037910401,"Census Tract 9104.01, Los Angeles County, California",3.6223209327,5625,980,2042,220,1896,252,3.0017,0.6454,1.8905,0.177,0.5497,0.5497,1.7469,0.2941,7.1888,0.4311,3744,Low to Medium,101357094.962891,40609.6244431828
2367,910404,9104.04,6037910404,"Census Tract 9104.04, Los Angeles County, California",0.99389102703,4259,517,1136,172,1092,174,3.897,0.8924,2.9901,0.7609,0.766,0.766,1.3523,0.1686,9.0054,0.6786,3745,Medium to High,27724821.8378906,20703.4489751713
2368,910405,9104.05,6037910405,"Census Tract 9104.05, Los Angeles County, California",0.92693592091,5563,634,1731,119,1546,133,4.2944,0.9667,3.2036,0.8541,0.8624,0.8624,3.2334,0.8667,11.5938,0.9592,3746,High,25837604.4580078,20585.9759359683
2369,910501,9105.01,6037910501,"Census Tract 9105.01, Los Angeles County, California",0.57788040781,5078,604,2120,142,1902,161,4.5286,0.9914,3.6977,0.9745,0.8385,0.8385,2.6069,0.6448,11.6717,0.9635,3747,High,16107945.7070313,16720.8907991389
2370,910502,9105.02,6037910502,"Census Tract 9105.02, Los Angeles County, California",0.77364531877,4430,627,1263,156,1189,153,3.931,0.8991,3.8927,0.9906,0.8272,0.8272,2.3526,0.5378,11.0035,0.9137,3748,High,21564768.2900391,18776.368871731
2371,910504,9105.04,6037910504,"Census Tract 9105.04, Los Angeles County, California",0.61368673508,3951,672,1143,123,1087,142,3.7696,0.8588,3.1211,0.818,0.7432,0.7432,1.8188,0.32,9.4527,0.7303,3749,Medium to High,17106055.0664063,18972.5432111955
2372,910505,9105.05,6037910505,"Census Tract 9105.05, Los Angeles County, California",0.62100414019,3409,505,849,89,805,92,3.5117,0.786,3.4246,0.9257,0.8017,0.8017,1.6057,0.2431,9.3437,0.7174,3750,Medium to High,17334259.8427734,23279.6950281828
2373,910601,9106.01,6037910601,"Census Tract 9106.01, Los Angeles County, California",1.0250463696,6158,843,1703,170,1530,189,3.9302,0.8987,3.2283,0.8643,0.7959,0.7959,2.1913,0.47,10.1457,0.8214,3751,High,28596497.7050781,26967.7939082352
2374,910602,9106.02,6037910602,"Census Tract 9106.02, Los Angeles County, California",0.77165419075,4381,624,1424,179,1356,187,3.7776,0.8611,3.2623,0.8754,0.6902,0.6902,3.2426,0.8697,10.9727,0.911,3752,High,21530790.2050781,21298.2172692143
2375,910605,9106.05,6037910605,"Census Tract 9106.05, Los Angeles County, California",0.51866394407,4694,831,1291,147,1183,164,3.3938,0.7522,3.6133,0.964,0.7156,0.7156,3.1265,0.8367,10.8492,0.8989,3753,High,14529007.2558594,16156.2196667974
2376,910606,9106.06,6037910606,"Census Tract 9106.06, Los Angeles County, California",0.52720413421,3154,426,778,70,753,62,3.9453,0.9025,3.4943,0.9435,0.829,0.829,2.1839,0.4664,10.4525,0.8568,3754,High,14695432.8173828,16244.4135932062
2377,910607,9106.07,6037910607,"Census Tract 9106.07, Los Angeles County, California",0.47285294177,3736,680,1118,139,1099,141,3.3789,0.7483,3.1109,0.8131,0.7846,0.7846,2.1785,0.4647,9.4529,0.7304,3755,Medium to High,13180402.4570313,16027.037806417
2378,910608,9106.08,6037910608,"Census Tract 9106.08, Los Angeles County, California",0.54279724958,3498,734,1016,196,988,197,3.6119,0.815,3.2352,0.8659,0.7302,0.7302,2.0674,0.4171,9.6447,0.7575,3756,High,15130090.7314453,17620.0393334114
2379,910706,9107.06,6037910706,"Census Tract 9107.06, Los Angeles County, California",7.9454837911,6170,923,1590,198,1490,213,3.4389,0.7652,2.9274,0.7284,0.8305,0.8305,2.5975,0.6405,9.7943,0.7763,3757,High,222950024.603516,73423.9197025224
2380,910707,9107.07,6037910707,"Census Tract 9107.07, Los Angeles County, California",2.5727767773,4803,424,1449,104,1361,95,3.6985,0.8401,3.3509,0.9056,0.7481,0.7481,2.175,0.4627,9.9725,0.7977,3758,High,72311493.2158203,35064.6114896859
2381,910709,9107.09,6037910709,"Census Tract 9107.09, Los Angeles County, California",5.5423903486,1758,213,492,54,492,54,2.5257,0.5078,3.2215,0.8608,0.4478,0.4478,0.8705,0.0714,7.0655,0.4136,3759,Low to Medium,155920559.263672,61802.5376095406
2382,910712,9107.12,6037910712,"Census Tract 9107.12, Los Angeles County, California",0.79599367473,3046,578,800,127,710,130,3.1708,0.6903,2.7736,0.6477,0.7927,0.7927,1.328,0.162,8.0651,0.5503,3760,Medium to High,22286649.9755859,19254.7095508579
2383,910713,9107.13,6037910713,"Census Tract 9107.13, Los Angeles County, California",0.76297345949,6310,873,1511,169,1470,182,3.8664,0.8854,3.3638,0.9097,0.8521,0.8521,0.9445,0.0835,9.0268,0.6814,3761,Medium to High,21284571.0185547,18666.6971723119
2384,910714,9107.14,6037910714,"Census Tract 9107.14, Los Angeles County, California",0.38738154203,3661,428,970,126,928,125,3.3617,0.7433,2.7821,0.6524,0.8579,0.8579,1.0116,0.0962,8.0133,0.5432,3762,Medium to High,10804986.9658203,13480.6614115136
2385,910715,9107.15,6037910715,"Census Tract 9107.15, Los Angeles County, California",0.76698390096,6076,687,1918,132,1759,149,4.0729,0.9312,2.9419,0.7353,0.8232,0.8232,1.7165,0.2815,9.5545,0.7437,3763,Medium to High,21389715.5634766,21469.711000288
2386,910716,9107.16,6037910716,"Census Tract 9107.16, Los Angeles County, California",0.94683291527,5916,643,1710,156,1672,163,3.5998,0.8116,2.8471,0.6907,0.7432,0.7432,0.7363,0.0542,7.9264,0.5306,3764,Medium to High,26553884.3623047,24707.1450355906
2387,910717,9107.17,6037910717,"Census Tract 9107.17, Los Angeles County, California",0.66628000512,2329,474,540,86,540,86,2.0736,0.3762,2.8764,0.7054,0.897,0.897,1.7005,0.2756,7.5475,0.4764,3765,Low to Medium,18586491.0292969,18947.133417651
2388,910718,9107.18,6037910718,"Census Tract 9107.18, Los Angeles County, California",0.77752680217,4930,724,1307,133,1229,147,3.3245,0.7319,2.4767,0.4738,0.8154,0.8154,1.3161,0.1596,7.9327,0.5311,3766,Medium to High,21751572.6933594,20281.2258928108
2389,910719,9107.19,6037910719,"Census Tract 9107.19, Los Angeles County, California",0.76895147675,3828,951,952,151,854,188,2.5797,0.5229,3.2155,0.8588,0.897,0.897,1.2005,0.1347,7.8927,0.5249,3767,Medium to High,21473610.9082031,21433.5664055962
2390,910720,9107.20,6037910720,"Census Tract 9107.20, Los Angeles County, California",0.64101889566,4591,1061,1528,208,1391,200,3.6374,0.8223,3.4778,0.9391,0.6565,0.6565,2.7213,0.6976,10.493,0.8609,3768,High,18036538.4541016,18849.9733667476
2391,910721,9107.21,6037910721,"Census Tract 9107.21, Los Angeles County, California",0.75270971002,3247,1187,974,384,974,384,2.9791,0.6399,3.0305,0.7799,0.4878,0.4878,1.7216,0.2835,8.219,0.5727,3769,Medium to High,21064508.4638672,24064.6503520625
2392,910804,9108.04,6037910804,"Census Tract 9108.04, Los Angeles County, California",20.177770057,2986,436,1136,99,1057,115,1.7619,0.2854,1.9564,0.2057,0.2309,0.2309,1.6661,0.2638,5.6153,0.2154,3770,Low,562443705.908203,122942.311045674
2393,910807,9108.07,6037910807,"Census Tract 9108.07, Los Angeles County, California",2.1336189571,5825,724,1831,167,1783,174,1.9567,0.3407,2.4041,0.4336,0.3534,0.3534,1.6622,0.2615,6.3764,0.3177,3771,Low to Medium,59474159.4179688,38472.5251786341
2394,910808,9108.08,6037910808,"Census Tract 9108.08, Los Angeles County, California",4.1787610965,3553,861,1065,184,1065,184,1.4479,0.2008,1.807,0.147,0.2567,0.2567,0.908,0.0776,4.4196,0.0861,3772,Low,116487918.517578,62834.6228089427
2395,910809,9108.09,6037910809,"Census Tract 9108.09, Los Angeles County, California",3.7527593158,2142,313,720,74,677,75,1.4263,0.1952,1.8192,0.1494,0.1295,0.1295,0.6317,0.0418,4.0067,0.0555,3773,Low,104639251.819336,48323.7229457275
2396,910810,9108.10,6037910810,"Census Tract 9108.10, Los Angeles County, California",8.5470612092,2573,554,815,95,716,107,1.0901,0.1155,1.9234,0.1896,0.2752,0.2752,0.6646,0.0449,3.9533,0.0508,3774,Low,238246788.712891,72492.0792500044
2397,910814,9108.14,6037910814,"Census Tract 9108.14, Los Angeles County, California",30.977297824,3870,573,1358,144,1286,132,1.5998,0.2421,2.1132,0.278,0.1422,0.1422,1.8081,0.316,5.6633,0.2225,3775,Low,863772922.489258,158308.459617356
2398,910815,9108.15,6037910815,"Census Tract 9108.15, Los Angeles County, California",181.74451065,5177,594,1970,171,1752,152,2.3363,0.4527,1.682,0.1116,0.1465,0.1465,2.3645,0.5415,6.5293,0.3377,3776,Low to Medium,5073501860.24121,484681.336641583
2399,911001,9110.01,6037911001,"Census Tract 9110.01, Los Angeles County, California",144.14061988,3718,621,1775,216,1452,177,3.6599,0.8292,3.1918,0.8487,0.2952,0.2952,2.5868,0.6353,9.7337,0.769,3777,High,4027571118.51172,354126.36195718
2400,911100,9111.00,6037911100,"Census Tract 9111, Los Angeles County, California",62.376427142,8380,1122,2134,193,2064,196,3.9929,0.9148,3.0413,0.7842,0.766,0.766,2.566,0.6276,10.3662,0.8474,3778,High,1747388708.4541,225262.05709949
2401,920013,9200.13,6037920013,"Census Tract 9200.13, Los Angeles County, California",3.150879966,6854,885,2119,177,2093,179,2.024,0.3611,2.9702,0.7513,0.4606,0.4606,1.9678,0.3791,7.4226,0.4594,3779,Low to Medium,87872872.1191406,45964.8806284459
2402,920015,9200.15,6037920015,"Census Tract 9200.15, Los Angeles County, California",3.3099960751,6503,793,2097,331,2070,329,0.5429,0.0236,1.7127,0.1196,0.1626,0.1626,1.0766,0.1104,3.4948,0.0274,3780,Low,92264706.3554688,58522.7178399225
2403,920016,9200.16,6037920016,"Census Tract 9200.16, Los Angeles County, California",0.81796287853,4039,924,1304,206,1212,201,0.7594,0.0518,2.1716,0.31,0.3383,0.3383,0.1196,0.007,3.3889,0.0228,3781,Low,22800444.4707031,21890.2820718429
2404,920017,9200.17,6037920017,"Census Tract 9200.17, Los Angeles County, California",0.79873229622,4211,601,1339,121,1257,141,1.8818,0.3209,2.0378,0.2432,0.2374,0.2374,1.7223,0.2839,5.8793,0.2528,3782,Low to Medium,22354788.9326172,20513.9150501279
2405,920018,9200.18,6037920018,"Census Tract 9200.18, Los Angeles County, California",0.37355715992,1984,219,667,67,667,67,1.5468,0.2259,1.9005,0.182,0.1663,0.1663,0.1973,0.0103,3.8109,0.0437,3783,Low,10412819.6162109,13125.238725291
2406,920020,9200.20,6037920020,"Census Tract 9200.20, Los Angeles County, California",4.1839869871,5968,667,1939,146,1824,177,1.7503,0.2824,1.6884,0.1133,0.298,0.298,2.6263,0.6552,6.363,0.3156,3784,Low to Medium,116828058.617188,62137.3456144018
2407,920028,9200.28,6037920028,"Census Tract 9200.28, Los Angeles County, California",0.99401187696,8400,2166,2283,345,2283,345,2.5146,0.5046,1.6879,0.1132,0.5613,0.5613,0.7393,0.0546,5.5031,0.2023,3785,Low,27707837.703125,30121.4890316775
2408,920029,9200.29,6037920029,"Census Tract 9200.29, Los Angeles County, California",0.93772824401,5065,436,1767,147,1725,149,2.1607,0.3999,2.5767,0.5314,0.34,0.34,2.5144,0.6042,7.5918,0.4837,3786,Low to Medium,26161758.9990234,29573.1605527917
2409,920030,9200.30,6037920030,"Census Tract 9200.30, Los Angeles County, California",1.0221201026,4816,465,1662,104,1596,91,2.4812,0.4944,2.2273,0.3396,0.5431,0.5431,1.7094,0.2784,6.961,0.4012,3787,Low to Medium,28491548.7412109,23883.3169749623
2410,920031,9200.31,6037920031,"Census Tract 9200.31, Los Angeles County, California",2.6101217211,4741,1061,2105,299,2105,299,2.0686,0.3741,2.7563,0.6363,0.3018,0.3018,1.7501,0.2955,6.8768,0.3897,3788,Low to Medium,72770486.0185547,51825.6493071642
2411,920034,9200.34,6037920034,"Census Tract 9200.34, Los Angeles County, California",3.4802122306,3363,447,1015,69,957,95,2.2537,0.4295,2.9629,0.7471,0.4562,0.4562,2.5124,0.6036,8.1852,0.568,3789,Medium to High,97010180.4980469,45095.5892518019
2412,920035,9200.35,6037920035,"Census Tract 9200.35, Los Angeles County, California",0.95242598885,7120,1563,2302,295,2238,306,2.9251,0.6243,3.0195,0.7744,0.5573,0.5573,2.5579,0.625,9.0598,0.6848,3790,Medium to High,26548828.8310547,20241.1078046444
2413,920038,9200.38,6037920038,"Census Tract 9200.38, Los Angeles County, California",0.38347920911,1658,316,570,73,570,73,3.3679,0.7454,2.6734,0.5876,0.515,0.515,3.0916,0.826,9.6479,0.7582,3791,High,10689439.1416016,19846.962012647
2414,920039,9200.39,6037920039,"Census Tract 9200.39, Los Angeles County, California",0.40234955826,1623,199,513,46,484,53,2.3591,0.46,1.8072,0.1474,0.3012,0.3012,0.4774,0.0287,4.9449,0.1376,3792,Low,11226689.0058594,17515.6326934403
2415,920040,9200.40,6037920040,"Census Tract 9200.40, Los Angeles County, California",1.1430372103,4000,371,1331,89,1259,96,1.9347,0.3357,2.3834,0.4208,0.4208,0.4208,2.0598,0.4142,6.7987,0.3783,3793,Low to Medium,31861962.9052734,27203.3894819947
2416,920041,9200.41,6037920041,"Census Tract 9200.41, Los Angeles County, California",0.69510753874,1425,200,439,46,411,50,2.0106,0.3554,2.351,0.4025,0.5762,0.5762,1.9561,0.3741,6.8939,0.3923,3794,Low to Medium,19376055.7460938,21039.5646636984
2417,920042,9200.42,6037920042,"Census Tract 9200.42, Los Angeles County, California",1.4617713611,6604,722,2351,200,2218,189,2.7316,0.567,2.4861,0.4791,0.4683,0.4683,1.8857,0.3472,7.5717,0.4802,3795,Low to Medium,40746850.3681641,39481.585862518
2418,920043,9200.43,6037920043,"Census Tract 9200.43, Los Angeles County, California",7.2120297601,7533,886,2198,216,2095,222,1.3783,0.183,1.9104,0.1857,0.495,0.495,1.5306,0.2178,5.3143,0.1779,3796,Low,201156446.005859,67360.6422765066
2419,920044,9200.44,6037920044,"Census Tract 9200.44, Los Angeles County, California",0.37547454245,2370,292,800,92,786,93,0.6995,0.0418,2.1995,0.3253,0.4087,0.4087,1.9437,0.3706,5.2514,0.1705,3797,Low,10764345.8857422,15038.9458081629
2420,920045,9200.45,6037920045,"Census Tract 9200.45, Los Angeles County, California",0.72198139625,4404,533,1396,145,1389,145,1.1411,0.1273,1.5359,0.0835,0.2344,0.2344,0.9587,0.0857,3.8701,0.0471,3798,Low,20125039.8291016,19934.1207025707
2421,920046,9200.46,6037920046,"Census Tract 9200.46, Los Angeles County, California",0.16421111111,3836,837,1376,156,1356,156,2.7881,0.5835,2.9382,0.7337,0.643,0.643,2.654,0.6679,9.0233,0.6809,3799,Medium to High,4577354.73535156,14398.2265298028
2422,920047,9200.47,6037920047,"Census Tract 9200.47, Los Angeles County, California",0.19928191408,6755,1531,2171,265,1848,303,3.8535,0.882,2.5668,0.5262,0.75,0.75,2.8343,0.7401,10.0046,0.8027,3800,High,5554948.79296875,11439.839238652
2423,920048,9200.48,6037920048,"Census Tract 9200.48, Los Angeles County, California",1.0288985093,5305,472,1739,182,1717,179,2.963,0.6356,3.1629,0.8358,0.4583,0.4583,3.0792,0.8224,9.6634,0.7601,3801,High,28680434.2763672,31982.3495322435
2424,920049,9200.49,6037920049,"Census Tract 9200.49, Los Angeles County, California",10.954975135,5228,760,1500,204,1422,200,1.3771,0.1825,2.0635,0.2544,0.3113,0.3113,2.1046,0.4336,5.8565,0.25,3802,Low,305382378.700195,93722.6356665756
2425,920050,9200.50,6037920050,"Census Tract 9200.50, Los Angeles County, California",88.856149796,1248,212,600,65,496,80,2.3428,0.455,1.6574,0.1063,0.1188,0.1188,2.18,0.4653,6.299,0.3061,3803,Low to Medium,2502913286.83008,286742.329402254
2426,920102,9201.02,6037920102,"Census Tract 9201.02, Los Angeles County, California",235.39616928,4687,628,1731,154,1587,172,3.0144,0.6482,2.5902,0.537,0.3368,0.3368,3.3234,0.8907,9.2648,0.7095,3804,Medium to High,6692471294.83887,429191.043037346
2427,920104,9201.04,6037920104,"Census Tract 9201.04, Los Angeles County, California",61.027279803,2939,453,883,92,844,94,2.4318,0.4799,1.8017,0.1437,0.2261,0.2261,1.216,0.1374,5.6756,0.2238,3805,Low,1701459813.82227,230726.591286717
2428,920106,9201.06,6037920106,"Census Tract 9201.06, Los Angeles County, California",17.890615709,3828,885,1057,154,1035,158,2.7953,0.5856,2.7773,0.6501,0.5324,0.5324,1.423,0.1874,7.528,0.4736,3806,Low to Medium,505913416.830078,106693.434424288
2429,920109,9201.09,6037920109,"Census Tract 9201.09, Los Angeles County, California",0.84677767079,4883,439,1912,100,1811,148,2.0512,0.3681,1.9885,0.2205,0.3083,0.3083,1.5731,0.2302,5.9211,0.2592,3807,Low to Medium,23609135.0068359,27635.6331279711
2430,920110,9201.10,6037920110,"Census Tract 9201.10, Los Angeles County, California",0.40688007913,2989,356,944,111,944,111,1.1946,0.1399,0.9585,0.0226,0.2615,0.2615,1.228,0.1396,3.6426,0.0348,3808,Low,11341680.0078125,17025.2323864317
2431,920111,9201.11,6037920111,"Census Tract 9201.11, Los Angeles County, California",0.4536891551,2935,576,993,143,964,149,1.2715,0.1581,2.2905,0.3697,0.1912,0.1912,1.2156,0.1373,4.9688,0.1401,3809,Low,12646481.5400391,19603.8554888805
2432,920112,9201.12,6037920112,"Census Tract 9201.12, Los Angeles County, California",0.66740510634,4076,464,1506,148,1446,114,1.4166,0.1927,2.0799,0.2612,0.2577,0.2577,2.2,0.4739,5.9542,0.2646,3810,Low to Medium,18603776.2402344,17646.7208084186
2433,920114,9201.14,6037920114,"Census Tract 9201.14, Los Angeles County, California",1.092047808,6463,949,2327,274,2203,278,1.7025,0.269,1.4501,0.0676,0.34,0.34,1.5295,0.2175,5.0221,0.1461,3811,Low,30440645.8476563,36329.6136017975
2434,920115,9201.15,6037920115,"Census Tract 9201.15, Los Angeles County, California",1.3901046523,4193,485,1651,238,1651,238,1.5064,0.215,2.5068,0.4935,0.3691,0.3691,2.1575,0.4563,6.5398,0.3388,3812,Low to Medium,38748970.7548828,34812.1011472792
2435,920116,9201.16,6037920116,"Census Tract 9201.16, Los Angeles County, California",2.8661166135,4999,434,1578,112,1557,116,1.617,0.2464,2.6047,0.5445,0.2477,0.2477,1.3535,0.1689,5.8229,0.2441,3813,Low,79906314.7460938,44200.7277190469
2436,920118,9201.18,6037920118,"Census Tract 9201.18, Los Angeles County, California",1.0996729364,6172,764,1851,181,1851,181,0.7069,0.0432,2.1302,0.2883,0.3511,0.3511,1.2171,0.1376,4.4053,0.0843,3814,Low,30652989.6113281,31332.0754010659
2437,920119,9201.19,6037920119,"Census Tract 9201.19, Los Angeles County, California",1.9265296745,1844,186,485,49,485,49,0.6087,0.0307,2.0006,0.2256,0.2941,0.2941,0.3413,0.0192,3.2447,0.0177,3815,Low,53712974.6572266,33921.7762913912
2438,920120,9201.20,6037920120,"Census Tract 9201.20, Los Angeles County, California",2.8387134102,4062,555,1029,124,1029,124,0.636,0.0345,1.6798,0.1109,0.5036,0.5036,0.9271,0.0809,3.7465,0.0399,3816,Low,79144140.3535156,45444.3066457946
2439,920121,9201.21,6037920121,"Census Tract 9201.21, Los Angeles County, California",4.7056505576,9385,927,2807,245,2780,244,1.366,0.1797,2.1134,0.2782,0.4487,0.4487,0.8241,0.0659,4.7522,0.1181,3817,Low,131311753.157227,64236.9471429062
2440,920200,9202.00,6037920200,"Census Tract 9202, Los Angeles County, California",4.0287847939,5460,312,0,19,0,19,-999,-999,-999,-999,0.7674,0.7674,-999,-999,-999,-999,3818,,122318471.075195,64482.4973918906
2441,920303,9203.03,6037920303,"Census Tract 9203.03, Los Angeles County, California",19.906450004,1573,237,663,83,635,89,1.2374,0.1503,1.9561,0.2054,0.377,0.377,1.0878,0.1128,4.6583,0.1096,3819,Low,555022888.313477,136632.657756326
2442,920312,9203.12,6037920312,"Census Tract 9203.12, Los Angeles County, California",5.2590270019,6327,1566,2270,289,2122,275,2.4658,0.4905,2.7885,0.6563,0.4422,0.4422,3.674,0.9616,9.3705,0.7201,3820,Medium to High,146648305.864258,58362.8867191282
2443,920313,9203.13,6037920313,"Census Tract 9203.13, Los Angeles County, California",1.1046270111,4954,819,1568,203,1480,185,2.2233,0.4191,2.6723,0.5867,0.4047,0.4047,2.5578,0.6248,7.8581,0.5204,3821,Medium to High,30791667.6132813,24701.0457368184
2444,920314,9203.14,6037920314,"Census Tract 9203.14, Los Angeles County, California",4.3626769232,3200,550,945,99,945,99,1.6317,0.2506,1.9046,0.1833,0.298,0.298,2.1029,0.4328,5.9372,0.2615,3822,Low to Medium,121626131.141602,52460.1112680864
2445,920322,9203.22,6037920322,"Census Tract 9203.22, Los Angeles County, California",0.40344454353,2646,340,968,98,927,119,1.8261,0.3036,2.6914,0.5973,0.1963,0.1963,2.9068,0.7678,7.6206,0.4869,3823,Low to Medium,11246046.4140625,15179.518143697
2446,920326,9203.26,6037920326,"Census Tract 9203.26, Los Angeles County, California",28.318774357,6166,678,2435,163,2293,176,2.914,0.6213,2.8568,0.6956,0.3615,0.3615,1.958,0.3751,8.0903,0.5548,3824,Medium to High,789448563.932617,161678.767649136
2447,920328,9203.28,6037920328,"Census Tract 9203.28, Los Angeles County, California",0.90484277837,2011,372,864,85,781,80,1.0692,0.1108,1.5907,0.0944,0.2294,0.2294,1.7554,0.2974,4.6447,0.1086,3825,Low,25340452.9287109,20718.1796015839
2448,920329,9203.29,6037920329,"Census Tract 9203.29, Los Angeles County, California",0.84824833331,6654,923,2676,266,2633,272,2.4045,0.4718,1.9999,0.2253,0.1595,0.1595,1.8425,0.33,6.4064,0.3211,3826,Low to Medium,23644828.2861328,20903.1107818144
2449,920330,9203.30,6037920330,"Census Tract 9203.30, Los Angeles County, California",1.2524407564,3436,348,1726,130,1685,121,1.7066,0.2701,2.6551,0.5757,0.1939,0.1939,2.9678,0.7887,7.5234,0.4726,3827,Low to Medium,34918421.5849609,23872.6388036446
2450,920331,9203.31,6037920331,"Census Tract 9203.31, Los Angeles County, California",0.5763919846,3467,565,1188,118,1152,101,0.9773,0.0909,2.5694,0.5275,0.2309,0.2309,1.4781,0.2035,5.2557,0.171,3828,Low,16066940.0283203,16608.889096075
2451,920332,9203.32,6037920332,"Census Tract 9203.32, Los Angeles County, California",1.5074858379,2324,273,577,38,559,42,1.2716,0.1582,1.2639,0.044,0.1782,0.1782,2.7993,0.7273,5.513,0.2029,3829,Low,42071218.2626953,32923.0529028144
2452,920334,9203.34,6037920334,"Census Tract 9203.34, Los Angeles County, California",1.0498352763,5882,656,2391,333,2258,328,2.3492,0.4565,2.5949,0.5392,0.2172,0.2172,2.8521,0.7479,8.0134,0.5433,3830,Medium to High,29491188.953125,22217.8297495755
2453,920338,9203.38,6037920338,"Census Tract 9203.38, Los Angeles County, California",1.4377160482,5723,753,1727,168,1698,173,1.6362,0.2523,2.049,0.2484,0.3882,0.3882,0.7262,0.052,4.7996,0.1232,3831,Low,40076489.3632813,34243.7869137504
2454,920339,9203.39,6037920339,"Census Tract 9203.39, Los Angeles County, California",13.091495263,7851,1223,2652,351,2649,352,2,0.3533,2.0964,0.2682,0.4972,0.4972,1.0303,0.1003,5.6239,0.217,3832,Low,367387254.955078,87452.7523023489
2455,920340,9203.40,6037920340,"Census Tract 9203.40, Los Angeles County, California",0.41388744433,2920,423,747,51,731,57,2.0469,0.3676,2.0488,0.2483,0.6697,0.6697,2.789,0.7225,7.5544,0.4774,3833,Low to Medium,11547556.9228516,16648.812212239
2456,920341,9203.41,6037920341,"Census Tract 9203.41, Los Angeles County, California",0.22573685091,3299,474,794,72,770,78,4.1655,0.949,2.9859,0.7586,0.8436,0.8436,3.3284,0.8918,11.3234,0.9415,3834,High,6292459.52246094,13141.0840489615
2457,920342,9203.42,6037920342,"Census Tract 9203.42, Los Angeles County, California",0.3138040144,3040,580,851,177,832,178,3.1278,0.6791,2.6861,0.594,0.8904,0.8904,2.7399,0.7039,9.4442,0.7293,3835,Medium to High,8747320.42285156,14777.4726845988
2458,920343,9203.43,6037920343,"Census Tract 9203.43, Los Angeles County, California",0.38572902547,3972,467,1216,142,1180,137,3.3986,0.7535,2.9521,0.741,0.7015,0.7015,2.4743,0.5874,9.5265,0.7398,3836,Medium to High,10752261.3535156,14304.740917919
2459,930400,9304.00,6037930400,"Census Tract 9304, Los Angeles County, California",575.17492661,1387,219,588,67,384,57,1.9678,0.3429,1.8728,0.1698,0.429,0.429,3.0641,0.8187,7.3337,0.4479,3837,Low to Medium,16085124831.1299,945040.664101891
2460,980001,9800.01,6037980001,"Census Tract 9800.01, Los Angeles County, California",0.89387323444,0,13,0,13,0,13,-999,-999,-999,-999,-999,-999,-999,-999,-999,-999,3838,,24918085.4121094,22751.7152961278
2461,980002,9800.02,6037980002,"Census Tract 9800.02, Los Angeles County, California",2.6154136351,0,13,0,13,0,13,-999,-999,-999,-999,-999,-999,-999,-999,-999,-999,3839,,75167099.3837891,37881.2767786011
2462,980003,9800.03,6037980003,"Census Tract 9800.03, Los Angeles County, California",74.169196899,0,13,0,13,0,13,-999,-999,-999,-999,-999,-999,-999,-999,-999,-999,3840,,2077909908.43652,272624.104456265
2463,980004,9800.04,6037980004,"Census Tract 9800.04, Los Angeles County, California",13.81767629,0,13,0,13,0,13,-999,-999,-999,-999,-999,-999,-999,-999,-999,-999,3841,,386057500.615234,88187.5025093602
2464,980005,9800.05,6037980005,"Census Tract 9800.05, Los Angeles County, California",1.5643694734,0,13,0,13,0,13,-999,-999,-999,-999,-999,-999,-999,-999,-999,-999,3842,,43633485.8759766,31666.6250208522
2465,980006,9800.06,6037980006,"Census Tract 9800.06, Los Angeles County, California",1.1461623199,0,13,0,13,0,13,-999,-999,-999,-999,-999,-999,-999,-999,-999,-999,3843,,36270532.84375,38227.016254754
2466,980007,9800.07,6037980007,"Census Tract 9800.07, Los Angeles County, California",0.92717569025,0,13,0,13,0,13,-999,-999,-999,-999,-999,-999,-999,-999,-999,-999,3844,,29121003.3056641,24145.1828923903
2467,980008,9800.08,6037980008,"Census Tract 9800.08, Los Angeles County, California",1.3009035073,65,106,17,28,17,28,0.0074,0.0004,0.9997,0.0255,0.9948,0.9948,0,0,2.0019,0.0009,3845,Low,36264531.0146484,33831.2073943162
2468,980009,9800.09,6037980009,"Census Tract 9800.09, Los Angeles County, California",8.0721348997,5,6,0,13,0,13,-999,-999,0,0,0.9948,0.9948,-999,-999,-999,-999,3846,,228869386.774414,81127.0244626497
2469,980010,9800.10,6037980010,"Census Tract 9800.10, Los Angeles County, California",1.4508191918,119,67,60,22,60,22,3.3424,0.7371,3.0136,0.772,0.7906,0.7906,3.5309,0.9388,10.6775,0.884,3847,High,41264616.9970703,36580.1783403032
2470,980011,9800.11,6037980011,"Census Tract 9800.11, Los Angeles County, California",0.50806428586,75,74,27,19,27,19,1.8493,0.3101,4.1477,0.9989,0.75,0.75,1.9156,0.358,8.6626,0.632,3848,Medium to High,14810440.1074219,17595.6888468264
2471,980012,9800.12,6037980012,"Census Tract 9800.12, Los Angeles County, California",0.35246749647,30,13,0,13,0,13,-999,-999,-999,-999,0.4302,0.4302,-999,-999,-999,-999,3849,,9826691.96191406,15784.6089230639
2472,980013,9800.13,6037980013,"Census Tract 9800.13, Los Angeles County, California",2.0494687984,0,13,0,13,0,13,-999,-999,-999,-999,-999,-999,-999,-999,-999,-999,3850,,57138804.3017578,34288.215561698
2473,980014,9800.14,6037980014,"Census Tract 9800.14, Los Angeles County, California",2.5020502269,45,57,15,11,11,12,1.003,0.0957,1.9907,0.2216,0.8368,0.8368,0.8732,0.0719,4.7037,0.1141,3851,Low,80244636.4257813,68033.7791980379
2474,980015,9800.15,6037980015,"Census Tract 9800.15, Los Angeles County, California",2.0034581814,993,187,476,86,444,84,3.4175,0.759,2.6423,0.569,0.8541,0.8541,2.977,0.7918,9.8909,0.7893,3852,High,58235952.2685547,35820.1506265104
2475,980016,9800.16,6037980016,"Census Tract 9800.16, Los Angeles County, California",5.0010305567,248,111,73,27,71,27,2.5406,0.5114,3.4054,0.9213,0.8501,0.8501,1.9998,0.3908,8.7959,0.6503,3853,Medium to High,144845258.024414,78269.9353037108
2476,980017,9800.17,6037980017,"Census Tract 9800.17, Los Angeles County, California",0.92446988743,1120,481,56,36,36,28,2.9075,0.619,3.1208,0.8179,0.4822,0.4822,2.8433,0.7438,9.3538,0.7185,3854,Medium to High,25772392.8291016,29771.0220945131
2477,980018,9800.18,6037980018,"Census Tract 9800.18, Los Angeles County, California",2.8532358647,0,13,0,13,0,13,-999,-999,-999,-999,-999,-999,-999,-999,-999,-999,3855,,79781381.9375,55508.0720562841
2478,980019,9800.19,6037980019,"Census Tract 9800.19, Los Angeles County, California",17.06970417,77,46,37,18,37,18,0.8282,0.0636,1.262,0.0437,0.0023,0.0023,0,0,2.0925,0.001,3856,Low,476197471.089844,155767.638460158
2479,980020,9800.20,6037980020,"Census Tract 9800.20, Los Angeles County, California",3.2942724573,0,13,0,13,0,13,-999,-999,-999,-999,-999,-999,-999,-999,-999,-999,3857,,91832045.7177734,60535.7313013203
2480,980021,9800.21,6037980021,"Census Tract 9800.21, Los Angeles County, California",2.6563713352,45,37,14,12,14,12,0.9535,0.0863,1.3592,0.0548,0.6793,0.6793,0,0,2.992,0.0101,3858,Low,74757707.9794922,51403.1469701842
2481,980022,9800.22,6037980022,"Census Tract 9800.22, Los Angeles County, California",2.1562178933,0,13,0,13,0,13,-999,-999,-999,-999,-999,-999,-999,-999,-999,-999,3859,,69443074.5634766,41632.4445902861
2482,980023,9800.23,6037980023,"Census Tract 9800.23, Los Angeles County, California",1.1058853176,0,13,0,13,0,13,-999,-999,-999,-999,-999,-999,-999,-999,-999,-999,3860,,56184257.9404297,39832.9225775176
2483,980024,9800.24,6037980024,"Census Tract 9800.24, Los Angeles County, California",3.0883685078,199,52,73,28,73,28,1.0229,0.1001,1.2475,0.0426,0.326,0.326,1.544,0.2228,4.1404,0.065,3861,Low,89196152.3066406,46246.8949482618
2484,980025,9800.25,6037980025,"Census Tract 9800.25, Los Angeles County, California",1.4853251276,518,277,299,131,299,131,1.7007,0.2685,2.5541,0.5195,0.9948,0.9948,1.5732,0.2303,6.8228,0.3814,3862,Low to Medium,41925104.7226563,33691.8028258664
2485,980026,9800.26,6037980026,"Census Tract 9800.26, Los Angeles County, California",5.353546316,15,7,0,13,0,13,-999,-999,-999,-999,0.6793,0.6793,-999,-999,-999,-999,3863,,149614439.521484,102765.535124839
2486,980028,9800.28,6037980028,"Census Tract 9800.28, Los Angeles County, California",6.6794564914,0,13,0,13,0,13,-999,-999,-999,-999,-999,-999,-999,-999,-999,-999,3864,,211924310.734375,85718.5799645098
2487,980030,9800.30,6037980030,"Census Tract 9800.30, Los Angeles County, California",1.6404674749,0,13,0,13,0,13,-999,-999,-999,-999,-999,-999,-999,-999,-999,-999,3865,,56251468.5234375,34811.7271023038
2488,980031,9800.31,6037980031,"Census Tract 9800.31, Los Angeles County, California",5.4458992116,1237,235,22,24,22,24,0.6984,0.0417,1.7276,0.1235,0.4887,0.4887,0.995,0.0931,3.9097,0.049,3866,Low,279384093.345703,83168.3042429708
2489,980033,9800.33,6037980033,"Census Tract 9800.33, Los Angeles County, California",4.8150888529,14,22,14,22,14,22,-999,-999,2,0.2254,0.9948,0.9948,0.9985,0.0942,-999,-999,3867,,308300326.268555,77745.3756670745
2490,980034,9800.34,6037980034,"Census Tract 9800.34, Los Angeles County, California",2.4571396144,9,12,9,12,9,12,0.0058,0.0003,0,0,0.9948,0.9948,0,0,1.0006,0,3868,Low,69545456.8701172,61180.6497286397
2491,980035,9800.35,6037980035,"Census Tract 9800.35, Los Angeles County, California",6.0296391034,584,213,151,49,149,48,3.2744,0.7189,2.0259,0.2375,0.8815,0.8815,3.4117,0.9117,9.5935,0.7492,3869,Medium to High,171639410.172852,107459.157091816
2492,980036,9800.36,6037980036,"Census Tract 9800.36, Los Angeles County, California",3.0405053734,1039,890,164,105,164,105,1.8655,0.3151,3.1311,0.8228,0.9948,0.9948,0.9831,0.0902,6.9745,0.4032,3870,Low to Medium,94254601.8935547,67746.0683793213
2493,980037,9800.37,6037980037,"Census Tract 9800.37, Los Angeles County, California",0.493593569,0,13,0,13,0,13,-999,-999,-999,-999,-999,-999,-999,-999,-999,-999,3871,,14022188.0517578,15116.0004195451
2494,980038,9800.38,6037980038,"Census Tract 9800.38, Los Angeles County, California",1.7437609568,0,13,0,13,0,13,-999,-999,-999,-999,-999,-999,-999,-999,-999,-999,3872,,48616725.0107422,42991.7672289912
2495,980039,9800.39,6037980039,"Census Tract 9800.39, Los Angeles County, California",0.50801949803,0,13,0,13,0,13,-999,-999,-999,-999,-999,-999,-999,-999,-999,-999,3873,,14641665.3779297,19526.1136467719
